"eco_code","species","latitude","longitude","source","Temperatur","Moisture","Landcover","Landforms","Climate_Re","Red","Green","Blue","W_Ecosystm","color","elevation","tmax_mean_c","prec_mean_annual","NDVI"
5,"Dactylorhiza sambucina",46.2443862686,7.1443609592,"inat","Polar","Moist","Sparsely or Non vegetated","Mountains","Polar Moist",156,150,138,"Polar Moist Sparsely or Non vegetated on Mountains","#9C968A",2567,2.01153846153852,151,0.58130859375
5,"Bombus terrestris",46.4903908714,7.6205415311,"inat","Polar","Moist","Sparsely or Non vegetated","Mountains","Polar Moist",156,150,138,"Polar Moist Sparsely or Non vegetated on Mountains","#9C968A",2431,3.01153846153846,159.769230769231,0.697796826171875
18,"Bombus terrestris",46.3326222222,7.4824138889,"inat","Polar","Moist","Grassland","Mountains","Polar Moist",191,167,132,"Polar Moist Grassland on Mountains","#BFA784",2134,4.61153846153849,122.538461538462,0.398851123046875
18,"Dactylorhiza sambucina",46.4016591667,8.0830497222,"inat","Polar","Moist","Grassland","Mountains","Polar Moist",191,167,132,"Polar Moist Grassland on Mountains","#BFA784",2186,2.84230769230771,180.461538461538,0.367614697265625
29,"Dactylorhiza sambucina",46.3376805556,7.4756888889,"inat","Polar","Moist","Forest","Mountains","Polar Moist",107,103,74,"Polar Moist Forest on Mountains","#6B674A",2172,3.75769230769237,132.307692307692,0.502028173828125
56,"Bombus terrestris",46.6407861111,10.3246361111,"inat","Boreal","Moist","Grassland","Mountains","Boreal Moist",1,107,0,"Boreal Moist Grassland on Mountains","#016B00",2197,3.94230769230774,83.5384615384615,0.787434765625
96,"Dactylorhiza sambucina",46.5376080436,8.5817062882,"inat","Cool Temperate","Moist","Shrubland","Mountains","Cool Temperate Moist",35,83,0,"Cool Temperate Moist Shrubland on Mountains","#235300",1644,6.15000000000003,177.923076923077,0.70014501953125
96,"Dactylorhiza sambucina",46.1948166667,7.1404472222,"inat","Cool Temperate","Moist","Shrubland","Mountains","Cool Temperate Moist",35,83,0,"Cool Temperate Moist Shrubland on Mountains","#235300",1975,4.92692307692312,160.076923076923,0.540562255859375
96,"Dactylorhiza sambucina",46.4865908566,8.6149086803,"inat","Cool Temperate","Moist","Shrubland","Mountains","Cool Temperate Moist",35,83,0,"Cool Temperate Moist Shrubland on Mountains","#235300",1700,5.71923076923082,215.769230769231,0.8292681640625
96,"Dactylorhiza sambucina",46.4871379584,8.6124034971,"inat","Cool Temperate","Moist","Shrubland","Mountains","Cool Temperate Moist",35,83,0,"Cool Temperate Moist Shrubland on Mountains","#235300",1764,5.71923076923082,215.769230769231,0.88220859375
96,"Dactylorhiza sambucina",46.3512806316,8.0224105675,"inat","Cool Temperate","Moist","Shrubland","Mountains","Cool Temperate Moist",35,83,0,"Cool Temperate Moist Shrubland on Mountains","#235300",1333,8.47307692307697,111.923076923077,0.64859150390625
96,"Dactylorhiza sambucina",46.486786844,8.4718440961,"inat","Cool Temperate","Moist","Shrubland","Mountains","Cool Temperate Moist",35,83,0,"Cool Temperate Moist Shrubland on Mountains","#235300",1642,6.09615384615387,209.538461538462,1.14192216796875
96,"Dactylorhiza sambucina",46.2180796725,8.0358094226,"inat","Cool Temperate","Moist","Shrubland","Mountains","Cool Temperate Moist",35,83,0,"Cool Temperate Moist Shrubland on Mountains","#235300",1688,6.25000000000006,140.230769230769,0.501296533203125
96,"Dactylorhiza sambucina",46.1670561308,8.1098140852,"inat","Cool Temperate","Moist","Shrubland","Mountains","Cool Temperate Moist",35,83,0,"Cool Temperate Moist Shrubland on Mountains","#235300",1535,6.8346153846154,142.076923076923,0.500580859375
96,"Dactylorhiza sambucina",46.1099179424,7.2034239935,"inat","Cool Temperate","Moist","Shrubland","Mountains","Cool Temperate Moist",35,83,0,"Cool Temperate Moist Shrubland on Mountains","#235300",2036,4.29615384615386,123.923076923077,0.479934912109375
96,"Dactylorhiza sambucina",46.351281,8.022411,"gbif","Cool Temperate","Moist","Shrubland","Mountains","Cool Temperate Moist",35,83,0,"Cool Temperate Moist Shrubland on Mountains","#235300",1333,8.47307692307697,111.923076923077,0.64859150390625
96,"Dactylorhiza sambucina",46.1099179424,7.2034239935,"inat","Cool Temperate","Moist","Shrubland","Mountains","Cool Temperate Moist",35,83,0,"Cool Temperate Moist Shrubland on Mountains","#235300",2036,4.29615384615386,123.923076923077,0.479934912109375
97,"Dactylorhiza sambucina",46.43637,6.098405,"gbif","Cool Temperate","Moist","Forest","Mountains","Cool Temperate Moist",6,64,0,"Cool Temperate Moist Forest on Mountains","#064000",1416,9.36538461538464,144.384615384615,0.433836328125
97,"Dactylorhiza sambucina",45.9638461099,7.1240396165,"inat","Cool Temperate","Moist","Forest","Mountains","Cool Temperate Moist",6,64,0,"Cool Temperate Moist Forest on Mountains","#064000",1671,7.78076923076929,137.615384615385,0.753998779296875
97,"Dactylorhiza sambucina",46.122375,7.0709777778,"inat","Cool Temperate","Moist","Forest","Mountains","Cool Temperate Moist",6,64,0,"Cool Temperate Moist Forest on Mountains","#064000",517,15.1038461538462,71.8461538461538,0.250236108398438
97,"Dactylorhiza sambucina",46.11862,7.1476,"gbif","Cool Temperate","Moist","Forest","Mountains","Cool Temperate Moist",6,64,0,"Cool Temperate Moist Forest on Mountains","#064000",875,13.0730769230769,79.7692307692308,0.255306665039063
97,"Dactylorhiza sambucina",46.436378,6.098385,"gbif","Cool Temperate","Moist","Forest","Mountains","Cool Temperate Moist",6,64,0,"Cool Temperate Moist Forest on Mountains","#064000",1416,9.36538461538464,144.384615384615,0.433836328125
97,"Dactylorhiza sambucina",46.53,8.8469444444,"inat","Cool Temperate","Moist","Forest","Mountains","Cool Temperate Moist",6,64,0,"Cool Temperate Moist Forest on Mountains","#064000",1638,6.56538461538463,167.230769230769,0.732374267578125
97,"Dactylorhiza sambucina",46.4308366667,6.1251883333,"inat","Cool Temperate","Moist","Forest","Mountains","Cool Temperate Moist",6,64,0,"Cool Temperate Moist Forest on Mountains","#064000",1488,9.02692307692314,143.230769230769,0.460548046875
97,"Dactylorhiza sambucina",46.4476,8.843061,"gbif","Cool Temperate","Moist","Forest","Mountains","Cool Temperate Moist",6,64,0,"Cool Temperate Moist Forest on Mountains","#064000",952,11.5115384615385,99,0.344892431640625
97,"Dactylorhiza sambucina",46.33752,8.64005,"gbif","Cool Temperate","Moist","Forest","Mountains","Cool Temperate Moist",6,64,0,"Cool Temperate Moist Forest on Mountains","#064000",1566,8.51923076923083,140.923076923077,0.462914453125
97,"Dactylorhiza sambucina",46.072505,7.148829,"gbif","Cool Temperate","Moist","Forest","Mountains","Cool Temperate Moist",6,64,0,"Cool Temperate Moist Forest on Mountains","#064000",848,12.4961538461539,91.0769230769231,0.554735595703125
97,"Dactylorhiza sambucina",46.356482,8.020248,"gbif","Cool Temperate","Moist","Forest","Mountains","Cool Temperate Moist",6,64,0,"Cool Temperate Moist Forest on Mountains","#064000",1590,8.47307692307697,111.923076923077,0.564855029296875
97,"Dactylorhiza sambucina",46.252725,7.8339166667,"inat","Cool Temperate","Moist","Forest","Mountains","Cool Temperate Moist",6,64,0,"Cool Temperate Moist Forest on Mountains","#064000",2057,4.65769230769234,105.538461538462,0.440257958984375
97,"Dactylorhiza sambucina",46.359073,8.022139,"gbif","Cool Temperate","Moist","Forest","Mountains","Cool Temperate Moist",6,64,0,"Cool Temperate Moist Forest on Mountains","#064000",1617,6.21153846153851,125.307692307692,0.6866248046875
97,"Dactylorhiza sambucina",46.4732719449,6.1142035166,"inat","Cool Temperate","Moist","Forest","Mountains","Cool Temperate Moist",6,64,0,"Cool Temperate Moist Forest on Mountains","#064000",1382,9.51153846153846,137.615384615385,0.4245349609375
97,"Dactylorhiza sambucina",46.4450216667,6.096925,"inat","Cool Temperate","Moist","Forest","Mountains","Cool Temperate Moist",6,64,0,"Cool Temperate Moist Forest on Mountains","#064000",1249,10.15,141.461538461538,0.4340845703125
97,"Dactylorhiza sambucina",46.1411046356,6.9902651757,"inat","Cool Temperate","Moist","Forest","Mountains","Cool Temperate Moist",6,64,0,"Cool Temperate Moist Forest on Mountains","#064000",1452,6.90384615384619,155.230769230769,0.61517890625
97,"Dactylorhiza sambucina",46.3404784481,7.7265000343,"inat","Cool Temperate","Moist","Forest","Mountains","Cool Temperate Moist",6,64,0,"Cool Temperate Moist Forest on Mountains","#064000",1910,5.85769230769233,107.307692307692,0.7926517578125
97,"Dactylorhiza sambucina",46.0725047436,7.1488288584,"inat","Cool Temperate","Moist","Forest","Mountains","Cool Temperate Moist",6,64,0,"Cool Temperate Moist Forest on Mountains","#064000",848,12.4961538461539,91.0769230769231,0.554735595703125
97,"Bombus terrestris",47.4311224444,8.0197951667,"inat","Cool Temperate","Moist","Forest","Mountains","Cool Temperate Moist",6,64,0,"Cool Temperate Moist Forest on Mountains","#064000",770,12.95,98.0769230769231,0.142914233398438
97,"Dactylorhiza sambucina",46.3192857011,7.8481772728,"inat","Cool Temperate","Moist","Forest","Mountains","Cool Temperate Moist",6,64,0,"Cool Temperate Moist Forest on Mountains","#064000",1260,9.19615384615389,84,0.337086376953125
97,"Dactylorhiza sambucina",46.092583,7.181155,"gbif","Cool Temperate","Moist","Forest","Mountains","Cool Temperate Moist",6,64,0,"Cool Temperate Moist Forest on Mountains","#064000",954,11.2346153846154,90.3076923076923,0.5193259765625
97,"Dactylorhiza sambucina",46.12843469,7.0646781401,"inat","Cool Temperate","Moist","Forest","Mountains","Cool Temperate Moist",6,64,0,"Cool Temperate Moist Forest on Mountains","#064000",574,15.0576923076923,73.1538461538462,0.238765258789062
97,"Dactylorhiza sambucina",46.092258,7.181545,"gbif","Cool Temperate","Moist","Forest","Mountains","Cool Temperate Moist",6,64,0,"Cool Temperate Moist Forest on Mountains","#064000",954,11.2346153846154,90.3076923076923,0.5193259765625
97,"Dactylorhiza sambucina",46.16969,7.150765,"gbif","Cool Temperate","Moist","Forest","Mountains","Cool Temperate Moist",6,64,0,"Cool Temperate Moist Forest on Mountains","#064000",1354,9.37307692307695,117.846153846154,0.3342296875
97,"Dactylorhiza sambucina",46.4363784,6.0983853997,"inat","Cool Temperate","Moist","Forest","Mountains","Cool Temperate Moist",6,64,0,"Cool Temperate Moist Forest on Mountains","#064000",1416,9.36538461538464,144.384615384615,0.433836328125
97,"Dactylorhiza sambucina",46.4363699,6.0984049,"inat","Cool Temperate","Moist","Forest","Mountains","Cool Temperate Moist",6,64,0,"Cool Temperate Moist Forest on Mountains","#064000",1416,9.36538461538464,144.384615384615,0.433836328125
97,"Dactylorhiza sambucina",46.3932263686,8.5416638099,"inat","Cool Temperate","Moist","Forest","Mountains","Cool Temperate Moist",6,64,0,"Cool Temperate Moist Forest on Mountains","#064000",791,10.5192307692308,163.076923076923,0.6062341796875
97,"Dactylorhiza sambucina",46.3932847116,8.5416411903,"inat","Cool Temperate","Moist","Forest","Mountains","Cool Temperate Moist",6,64,0,"Cool Temperate Moist Forest on Mountains","#064000",791,10.5192307692308,163.076923076923,0.6062341796875
97,"Dactylorhiza sambucina",46.4450216667,6.0969555,"inat","Cool Temperate","Moist","Forest","Mountains","Cool Temperate Moist",6,64,0,"Cool Temperate Moist Forest on Mountains","#064000",1249,10.15,141.461538461538,0.4340845703125
97,"Dactylorhiza sambucina",46.445022,6.096956,"gbif","Cool Temperate","Moist","Forest","Mountains","Cool Temperate Moist",6,64,0,"Cool Temperate Moist Forest on Mountains","#064000",1249,10.15,141.461538461538,0.4340845703125
97,"Dactylorhiza sambucina",46.4772789865,6.0973367204,"inat","Cool Temperate","Moist","Forest","Mountains","Cool Temperate Moist",6,64,0,"Cool Temperate Moist Forest on Mountains","#064000",1273,10.3269230769231,133.384615384615,0.399971923828125
97,"Dactylorhiza sambucina",46.122841,7.029432,"gbif","Cool Temperate","Moist","Forest","Mountains","Cool Temperate Moist",6,64,0,"Cool Temperate Moist Forest on Mountains","#064000",863,12.7884615384615,96.0769230769231,0.332626220703125
97,"Dactylorhiza sambucina",46.1281555,7.1481778333,"inat","Cool Temperate","Moist","Forest","Mountains","Cool Temperate Moist",6,64,0,"Cool Temperate Moist Forest on Mountains","#064000",602,15.0500000000001,74.3846153846154,0.581185986328125
97,"Bombus terrestris",46.4421727847,7.4691135809,"inat","Cool Temperate","Moist","Forest","Mountains","Cool Temperate Moist",6,64,0,"Cool Temperate Moist Forest on Mountains","#064000",1412,8.15000000000003,115.923076923077,0.8238134765625
97,"Dactylorhiza sambucina",46.1257555,7.2550633333,"inat","Cool Temperate","Moist","Forest","Mountains","Cool Temperate Moist",6,64,0,"Cool Temperate Moist Forest on Mountains","#064000",1827,6.26538461538468,132.230769230769,0.519573681640625
97,"Dactylorhiza sambucina",46.3283902966,7.6694481344,"inat","Cool Temperate","Moist","Forest","Mountains","Cool Temperate Moist",6,64,0,"Cool Temperate Moist Forest on Mountains","#064000",1454,8.38846153846157,92.0769230769231,0.46342138671875
97,"Dactylorhiza sambucina",46.445175,8.8452333333,"inat","Cool Temperate","Moist","Forest","Mountains","Cool Temperate Moist",6,64,0,"Cool Temperate Moist Forest on Mountains","#064000",935,11.5115384615385,99,0.38417353515625
97,"Dactylorhiza sambucina",46.4476,8.8430611111,"inat","Cool Temperate","Moist","Forest","Mountains","Cool Temperate Moist",6,64,0,"Cool Temperate Moist Forest on Mountains","#064000",952,11.5115384615385,99,0.344892431640625
97,"Dactylorhiza sambucina",46.32598,7.8709883333,"inat","Cool Temperate","Moist","Forest","Mountains","Cool Temperate Moist",6,64,0,"Cool Temperate Moist Forest on Mountains","#064000",1552,7.01153846153852,101.615384615385,0.415523779296875
97,"Dactylorhiza sambucina",46.134629,7.085629,"gbif","Cool Temperate","Moist","Forest","Mountains","Cool Temperate Moist",6,64,0,"Cool Temperate Moist Forest on Mountains","#064000",960,11.3807692307693,84.7692307692308,0.22699892578125
97,"Bombus terrestris",46.7990944444,9.8153277778,"inat","Cool Temperate","Moist","Forest","Mountains","Cool Temperate Moist",6,64,0,"Cool Temperate Moist Forest on Mountains","#064000",1815,6.65769230769234,113.692307692308,0.60174853515625
97,"Dactylorhiza sambucina",46.3566657,8.6300611,"inat","Cool Temperate","Moist","Forest","Mountains","Cool Temperate Moist",6,64,0,"Cool Temperate Moist Forest on Mountains","#064000",834,13.0730769230769,126.615384615385,0.67520087890625
97,"Dactylorhiza sambucina",46.3012529502,8.0424812453,"inat","Cool Temperate","Moist","Forest","Mountains","Cool Temperate Moist",6,64,0,"Cool Temperate Moist Forest on Mountains","#064000",1601,6.15769230769234,117.846153846154,0.8486505859375
97,"Dactylorhiza sambucina",46.3012529502,8.0424812453,"inat","Cool Temperate","Moist","Forest","Mountains","Cool Temperate Moist",6,64,0,"Cool Temperate Moist Forest on Mountains","#064000",1601,6.15769230769234,117.846153846154,0.8486505859375
97,"Dactylorhiza sambucina",46.356482193,8.0202478383,"inat","Cool Temperate","Moist","Forest","Mountains","Cool Temperate Moist",6,64,0,"Cool Temperate Moist Forest on Mountains","#064000",1590,8.47307692307697,111.923076923077,0.564855029296875
97,"Dactylorhiza sambucina",46.4346966667,6.1157445,"inat","Cool Temperate","Moist","Forest","Mountains","Cool Temperate Moist",6,64,0,"Cool Temperate Moist Forest on Mountains","#064000",1381,8.90384615384619,145,0.434486572265625
97,"Dactylorhiza sambucina",46.434705,6.1157721667,"inat","Cool Temperate","Moist","Forest","Mountains","Cool Temperate Moist",6,64,0,"Cool Temperate Moist Forest on Mountains","#064000",1381,8.90384615384619,145,0.434486572265625
97,"Dactylorhiza sambucina",46.3309747791,7.6659678509,"inat","Cool Temperate","Moist","Forest","Mountains","Cool Temperate Moist",6,64,0,"Cool Temperate Moist Forest on Mountains","#064000",1597,8.02692307692314,93.6153846153846,0.638641357421875
97,"Dactylorhiza sambucina",46.1286599636,7.077239011,"inat","Cool Temperate","Moist","Forest","Mountains","Cool Temperate Moist",6,64,0,"Cool Temperate Moist Forest on Mountains","#064000",935,12.9038461538462,76.6923076923077,0.202738439941406
97,"Dactylorhiza sambucina",46.3307536214,8.0577247623,"inat","Cool Temperate","Moist","Forest","Mountains","Cool Temperate Moist",6,64,0,"Cool Temperate Moist Forest on Mountains","#064000",1889,5.59615384615387,121.538461538462,0.604149365234375
97,"Dactylorhiza sambucina",46.1696901997,7.1507649,"inat","Cool Temperate","Moist","Forest","Mountains","Cool Temperate Moist",6,64,0,"Cool Temperate Moist Forest on Mountains","#064000",1354,9.37307692307695,117.846153846154,0.3342296875
97,"Dactylorhiza sambucina",46.128156,7.148178,"gbif","Cool Temperate","Moist","Forest","Mountains","Cool Temperate Moist",6,64,0,"Cool Temperate Moist Forest on Mountains","#064000",602,15.0500000000001,74.3846153846154,0.581185986328125
97,"Dactylorhiza sambucina",46.2815527667,7.2176722167,"inat","Cool Temperate","Moist","Forest","Mountains","Cool Temperate Moist",6,64,0,"Cool Temperate Moist Forest on Mountains","#064000",1436,8.27307692307699,129.307692307692,0.7462943359375
97,"Bombus terrestris",46.8947366667,7.5265283333,"inat","Cool Temperate","Moist","Forest","Mountains","Cool Temperate Moist",6,64,0,"Cool Temperate Moist Forest on Mountains","#064000",517,14.4576923076924,73.9230769230769,0.213123486328125
97,"Dactylorhiza sambucina",46.40012,8.64938,"inat","Cool Temperate","Moist","Forest","Mountains","Cool Temperate Moist",6,64,0,"Cool Temperate Moist Forest on Mountains","#064000",791,12.1961538461539,133.461538461538,0.567151513671875
97,"Dactylorhiza sambucina",46.0293936389,7.0881131667,"inat","Cool Temperate","Moist","Forest","Mountains","Cool Temperate Moist",6,64,0,"Cool Temperate Moist Forest on Mountains","#064000",1705,6.62692307692311,151.076923076923,0.73391455078125
97,"Dactylorhiza sambucina",46.1228405955,7.0294317976,"inat","Cool Temperate","Moist","Forest","Mountains","Cool Temperate Moist",6,64,0,"Cool Temperate Moist Forest on Mountains","#064000",863,12.7884615384615,96.0769230769231,0.332626220703125
97,"Dactylorhiza sambucina",46.4379094755,6.1145015899,"inat","Cool Temperate","Moist","Forest","Mountains","Cool Temperate Moist",6,64,0,"Cool Temperate Moist Forest on Mountains","#064000",1471,8.90384615384619,145,0.387335278320313
97,"Dactylorhiza sambucina",46.0925833333,7.181155,"inat","Cool Temperate","Moist","Forest","Mountains","Cool Temperate Moist",6,64,0,"Cool Temperate Moist Forest on Mountains","#064000",954,11.2346153846154,90.3076923076923,0.5193259765625
97,"Dactylorhiza sambucina",46.12332103,7.07042984,"inat","Cool Temperate","Moist","Forest","Mountains","Cool Temperate Moist",6,64,0,"Cool Temperate Moist Forest on Mountains","#064000",517,15.1038461538462,71.8461538461538,0.250240966796875
97,"Dactylorhiza sambucina",46.3285452,7.6709617,"inat","Cool Temperate","Moist","Forest","Mountains","Cool Temperate Moist",6,64,0,"Cool Temperate Moist Forest on Mountains","#064000",1421,8.38846153846157,92.0769230769231,0.46342138671875
97,"Dactylorhiza sambucina",46.3285452,7.6709617,"inat","Cool Temperate","Moist","Forest","Mountains","Cool Temperate Moist",6,64,0,"Cool Temperate Moist Forest on Mountains","#064000",1421,8.38846153846157,92.0769230769231,0.46342138671875
97,"Dactylorhiza sambucina",46.4831083333,6.1369583333,"inat","Cool Temperate","Moist","Forest","Mountains","Cool Temperate Moist",6,64,0,"Cool Temperate Moist Forest on Mountains","#064000",1364,9.42692307692312,143.153846153846,0.505609912109375
97,"Dactylorhiza sambucina",46.131108,7.085338,"inat","Cool Temperate","Moist","Forest","Mountains","Cool Temperate Moist",6,64,0,"Cool Temperate Moist Forest on Mountains","#064000",818,14.4576923076924,73.6153846153846,0.178467761230469
97,"Dactylorhiza sambucina",46.56425,6.2685416667,"inat","Cool Temperate","Moist","Forest","Mountains","Cool Temperate Moist",6,64,0,"Cool Temperate Moist Forest on Mountains","#064000",1489,8.34230769230771,138,0.434055078125
97,"Dactylorhiza sambucina",46.4191421269,6.0755745694,"inat","Cool Temperate","Moist","Forest","Mountains","Cool Temperate Moist",6,64,0,"Cool Temperate Moist Forest on Mountains","#064000",1340,9.6192307692308,147.230769230769,0.444726953125
97,"Dactylorhiza sambucina",46.4294821,6.1248794,"inat","Cool Temperate","Moist","Forest","Mountains","Cool Temperate Moist",6,64,0,"Cool Temperate Moist Forest on Mountains","#064000",1502,9.02692307692314,143.230769230769,0.460548046875
97,"Dactylorhiza sambucina",46.4296609,6.1175703997,"inat","Cool Temperate","Moist","Forest","Mountains","Cool Temperate Moist",6,64,0,"Cool Temperate Moist Forest on Mountains","#064000",1510,8.75000000000006,145.307692307692,0.45748349609375
97,"Dactylorhiza sambucina",46.4145175948,8.524993178,"inat","Cool Temperate","Moist","Forest","Mountains","Cool Temperate Moist",6,64,0,"Cool Temperate Moist Forest on Mountains","#064000",1072,10.1269230769231,190.230769230769,0.51527861328125
97,"Dactylorhiza sambucina",46.1130988804,7.2401401301,"inat","Cool Temperate","Moist","Forest","Mountains","Cool Temperate Moist",6,64,0,"Cool Temperate Moist Forest on Mountains","#064000",1952,5.85000000000002,131.923076923077,0.458306103515625
97,"Dactylorhiza sambucina",46.3273,7.6621416667,"inat","Cool Temperate","Moist","Forest","Mountains","Cool Temperate Moist",6,64,0,"Cool Temperate Moist Forest on Mountains","#064000",1487,8.02692307692314,93.6153846153846,0.475663671875
97,"Dactylorhiza sambucina",46.3703553379,8.2164513599,"inat","Cool Temperate","Moist","Forest","Mountains","Cool Temperate Moist",6,64,0,"Cool Temperate Moist Forest on Mountains","#064000",1602,7.12692307692311,152.846153846154,0.81769951171875
97,"Dactylorhiza sambucina",46.3703181222,8.2164159883,"inat","Cool Temperate","Moist","Forest","Mountains","Cool Temperate Moist",6,64,0,"Cool Temperate Moist Forest on Mountains","#064000",1602,7.12692307692311,152.846153846154,0.81769951171875
97,"Dactylorhiza sambucina",46.33039538,7.66582309,"inat","Cool Temperate","Moist","Forest","Mountains","Cool Temperate Moist",6,64,0,"Cool Temperate Moist Forest on Mountains","#064000",1597,8.02692307692314,93.6153846153846,0.638641357421875
97,"Dactylorhiza sambucina",46.485,8.9477777778,"inat","Cool Temperate","Moist","Forest","Mountains","Cool Temperate Moist",6,64,0,"Cool Temperate Moist Forest on Mountains","#064000",816,12.7269230769231,96.3846153846154,0.426278466796875
97,"Dactylorhiza sambucina",46.4733754066,6.1141651659,"inat","Cool Temperate","Moist","Forest","Mountains","Cool Temperate Moist",6,64,0,"Cool Temperate Moist Forest on Mountains","#064000",1382,9.51153846153846,137.615384615385,0.4245349609375
97,"Dactylorhiza sambucina",46.4467874744,6.1216963294,"inat","Cool Temperate","Moist","Forest","Mountains","Cool Temperate Moist",6,64,0,"Cool Temperate Moist Forest on Mountains","#064000",1209,10.3038461538462,143.384615384615,0.45930078125
97,"Dactylorhiza sambucina",46.32902833,7.69953333,"inat","Cool Temperate","Moist","Forest","Mountains","Cool Temperate Moist",6,64,0,"Cool Temperate Moist Forest on Mountains","#064000",1676,7.66538461538465,93.0769230769231,0.5103947265625
97,"Dactylorhiza sambucina",46.546455,7.1930916667,"inat","Cool Temperate","Moist","Forest","Mountains","Cool Temperate Moist",6,64,0,"Cool Temperate Moist Forest on Mountains","#064000",1445,8.7884615384616,128,0.435079052734375
97,"Dactylorhiza sambucina",46.143399803,7.0593831036,"inat","Cool Temperate","Moist","Forest","Mountains","Cool Temperate Moist",6,64,0,"Cool Temperate Moist Forest on Mountains","#064000",1109,10.2423076923077,87.4615384615385,0.157347314453125
97,"Dactylorhiza sambucina",46.1346291422,7.0856291056,"inat","Cool Temperate","Moist","Forest","Mountains","Cool Temperate Moist",6,64,0,"Cool Temperate Moist Forest on Mountains","#064000",960,11.3807692307693,84.7692307692308,0.22699892578125
97,"Dactylorhiza sambucina",46.5894037997,6.2728527997,"inat","Cool Temperate","Moist","Forest","Mountains","Cool Temperate Moist",6,64,0,"Cool Temperate Moist Forest on Mountains","#064000",1351,9.25769230769237,131.153846153846,0.483333203125
97,"Dactylorhiza sambucina",46.2268866667,7.43222,"inat","Cool Temperate","Moist","Forest","Mountains","Cool Temperate Moist",6,64,0,"Cool Temperate Moist Forest on Mountains","#064000",1400,9.93461538461543,67.5384615384615,0.357378491210938
97,"Dactylorhiza sambucina",46.12707864,7.07473435,"inat","Cool Temperate","Moist","Forest","Mountains","Cool Temperate Moist",6,64,0,"Cool Temperate Moist Forest on Mountains","#064000",843,12.9115384615385,76.6923076923077,0.251210620117187
97,"Bombus terrestris",47.3994111111,9.3481388889,"inat","Cool Temperate","Moist","Forest","Mountains","Cool Temperate Moist",6,64,0,"Cool Temperate Moist Forest on Mountains","#064000",718,12.6961538461539,97.8461538461538,0.20123671875
97,"Dactylorhiza sambucina",46.0095060235,7.1303032623,"inat","Cool Temperate","Moist","Forest","Mountains","Cool Temperate Moist",6,64,0,"Cool Temperate Moist Forest on Mountains","#064000",1092,11.0961538461539,114.846153846154,0.612540283203125
97,"Dactylorhiza sambucina",46.3191666667,7.843055,"inat","Cool Temperate","Moist","Forest","Mountains","Cool Temperate Moist",6,64,0,"Cool Temperate Moist Forest on Mountains","#064000",1334,9.19615384615389,84,0.381783569335937
97,"Dactylorhiza sambucina",46.0912223217,7.1801911588,"inat","Cool Temperate","Moist","Forest","Mountains","Cool Temperate Moist",6,64,0,"Cool Temperate Moist Forest on Mountains","#064000",925,12.4576923076924,86.3846153846154,0.66028291015625
97,"Dactylorhiza sambucina",46.445175,8.845233,"gbif","Cool Temperate","Moist","Forest","Mountains","Cool Temperate Moist",6,64,0,"Cool Temperate Moist Forest on Mountains","#064000",935,11.5115384615385,99,0.38417353515625
97,"Dactylorhiza sambucina",46.4633685673,6.1139207253,"inat","Cool Temperate","Moist","Forest","Mountains","Cool Temperate Moist",6,64,0,"Cool Temperate Moist Forest on Mountains","#064000",1306,9.82692307692309,138.615384615385,0.457595849609375
97,"Dactylorhiza sambucina",46.12794844,7.07261335,"inat","Cool Temperate","Moist","Forest","Mountains","Cool Temperate Moist",6,64,0,"Cool Temperate Moist Forest on Mountains","#064000",823,12.9115384615385,76.6923076923077,0.25121220703125
97,"Dactylorhiza sambucina",46.1898583333,7.1531055556,"inat","Cool Temperate","Moist","Forest","Mountains","Cool Temperate Moist",6,64,0,"Cool Temperate Moist Forest on Mountains","#064000",1760,6.38076923076926,144.230769230769,0.47491123046875
97,"Dactylorhiza sambucina",46.12806542,7.07241083,"inat","Cool Temperate","Moist","Forest","Mountains","Cool Temperate Moist",6,64,0,"Cool Temperate Moist Forest on Mountains","#064000",823,12.9115384615385,76.6923076923077,0.25121220703125
97,"Dactylorhiza sambucina",46.2236202024,8.017184101,"inat","Cool Temperate","Moist","Forest","Mountains","Cool Temperate Moist",6,64,0,"Cool Temperate Moist Forest on Mountains","#064000",1824,5.65769230769234,152.615384615385,0.472252490234375
97,"Dactylorhiza sambucina",46.1281115799,7.07242029,"inat","Cool Temperate","Moist","Forest","Mountains","Cool Temperate Moist",6,64,0,"Cool Temperate Moist Forest on Mountains","#064000",823,12.9115384615385,76.6923076923077,0.25121220703125
97,"Dactylorhiza sambucina",46.367575,8.2214273,"inat","Cool Temperate","Moist","Forest","Mountains","Cool Temperate Moist",6,64,0,"Cool Temperate Moist Forest on Mountains","#064000",1660,6.31153846153848,160.384615384615,0.74513115234375
97,"Dactylorhiza sambucina",46.12229343,7.07026722,"inat","Cool Temperate","Moist","Forest","Mountains","Cool Temperate Moist",6,64,0,"Cool Temperate Moist Forest on Mountains","#064000",517,15.1038461538462,71.8461538461538,0.250236108398438
97,"Dactylorhiza sambucina",46.1346291422,7.0856291056,"inat","Cool Temperate","Moist","Forest","Mountains","Cool Temperate Moist",6,64,0,"Cool Temperate Moist Forest on Mountains","#064000",960,11.3807692307693,84.7692307692308,0.22699892578125
97,"Dactylorhiza sambucina",46.1225971667,7.0706555,"inat","Cool Temperate","Moist","Forest","Mountains","Cool Temperate Moist",6,64,0,"Cool Temperate Moist Forest on Mountains","#064000",517,15.1038461538462,71.8461538461538,0.250236108398438
97,"Dactylorhiza sambucina",46.3831888889,8.124525,"inat","Cool Temperate","Moist","Forest","Mountains","Cool Temperate Moist",6,64,0,"Cool Temperate Moist Forest on Mountains","#064000",1175,10.4423076923077,126.384615384615,0.7958515625
97,"Dactylorhiza sambucina",46.12841781,7.06467085,"inat","Cool Temperate","Moist","Forest","Mountains","Cool Temperate Moist",6,64,0,"Cool Temperate Moist Forest on Mountains","#064000",574,15.0576923076923,73.1538461538462,0.238765258789062
97,"Dactylorhiza sambucina",46.3567341997,8.6299705,"inat","Cool Temperate","Moist","Forest","Mountains","Cool Temperate Moist",6,64,0,"Cool Temperate Moist Forest on Mountains","#064000",834,13.0730769230769,126.615384615385,0.67520087890625
97,"Dactylorhiza sambucina",46.3191707014,7.8480712418,"inat","Cool Temperate","Moist","Forest","Mountains","Cool Temperate Moist",6,64,0,"Cool Temperate Moist Forest on Mountains","#064000",1260,9.19615384615389,84,0.337086376953125
97,"Dactylorhiza sambucina",46.445022,6.096925,"gbif","Cool Temperate","Moist","Forest","Mountains","Cool Temperate Moist",6,64,0,"Cool Temperate Moist Forest on Mountains","#064000",1249,10.15,141.461538461538,0.4340845703125
97,"Dactylorhiza sambucina",46.4296384853,6.1224492038,"inat","Cool Temperate","Moist","Forest","Mountains","Cool Temperate Moist",6,64,0,"Cool Temperate Moist Forest on Mountains","#064000",1520,8.75000000000006,145.307692307692,0.44711826171875
97,"Dactylorhiza sambucina",46.13475563,7.06684392,"inat","Cool Temperate","Moist","Forest","Mountains","Cool Temperate Moist",6,64,0,"Cool Temperate Moist Forest on Mountains","#064000",956,9.98076923076928,86.4615384615385,0.19176943359375
97,"Dactylorhiza sambucina",46.4322222222,8.66305,"inat","Cool Temperate","Moist","Forest","Mountains","Cool Temperate Moist",6,64,0,"Cool Temperate Moist Forest on Mountains","#064000",1156,9.61153846153849,139,0.80349599609375
97,"Dactylorhiza sambucina",46.13715091,7.0662272501,"inat","Cool Temperate","Moist","Forest","Mountains","Cool Temperate Moist",6,64,0,"Cool Temperate Moist Forest on Mountains","#064000",951,12.7884615384615,79.2307692307692,0.191771118164063
97,"Dactylorhiza sambucina",46.13716155,7.06622313,"inat","Cool Temperate","Moist","Forest","Mountains","Cool Temperate Moist",6,64,0,"Cool Temperate Moist Forest on Mountains","#064000",951,12.7884615384615,79.2307692307692,0.191771118164063
97,"Dactylorhiza sambucina",46.3513888889,7.5519444444,"inat","Cool Temperate","Moist","Forest","Mountains","Cool Temperate Moist",6,64,0,"Cool Temperate Moist Forest on Mountains","#064000",2108,3.72692307692313,139.307692307692,0.56540322265625
97,"Dactylorhiza sambucina",46.3025882997,9.1263497,"inat","Cool Temperate","Moist","Forest","Mountains","Cool Temperate Moist",6,64,0,"Cool Temperate Moist Forest on Mountains","#064000",1402,8.82692307692309,126.307692307692,0.428221337890625
97,"Bombus terrestris",46.2104916667,7.20485,"inat","Cool Temperate","Moist","Forest","Mountains","Cool Temperate Moist",6,64,0,"Cool Temperate Moist Forest on Mountains","#064000",846,12.4346153846154,97.6153846153846,0.436380126953125
97,"Dactylorhiza sambucina",46.13718098,7.06617991,"inat","Cool Temperate","Moist","Forest","Mountains","Cool Temperate Moist",6,64,0,"Cool Temperate Moist Forest on Mountains","#064000",951,12.7884615384615,79.2307692307692,0.191771118164063
97,"Dactylorhiza sambucina",46.12841224,7.06468659,"inat","Cool Temperate","Moist","Forest","Mountains","Cool Temperate Moist",6,64,0,"Cool Temperate Moist Forest on Mountains","#064000",574,15.0576923076923,73.1538461538462,0.238765258789062
97,"Bombus terrestris",46.9997444444,6.9398833333,"inat","Cool Temperate","Moist","Forest","Mountains","Cool Temperate Moist",6,64,0,"Cool Temperate Moist Forest on Mountains","#064000",533,14.5576923076923,89.6153846153846,0.2461484375
97,"Dactylorhiza sambucina",46.0922583333,7.181545,"inat","Cool Temperate","Moist","Forest","Mountains","Cool Temperate Moist",6,64,0,"Cool Temperate Moist Forest on Mountains","#064000",954,11.2346153846154,90.3076923076923,0.5193259765625
97,"Dactylorhiza sambucina",46.12838932,7.06470758,"inat","Cool Temperate","Moist","Forest","Mountains","Cool Temperate Moist",6,64,0,"Cool Temperate Moist Forest on Mountains","#064000",574,15.0576923076923,73.1538461538462,0.238765258789062
97,"Bombus terrestris",46.4633333333,8.9413888889,"inat","Cool Temperate","Moist","Forest","Mountains","Cool Temperate Moist",6,64,0,"Cool Temperate Moist Forest on Mountains","#064000",576,14.0269230769231,99.5384615384615,0.365817578125
97,"Dactylorhiza sambucina",46.12686234,7.06680709,"inat","Cool Temperate","Moist","Forest","Mountains","Cool Temperate Moist",6,64,0,"Cool Temperate Moist Forest on Mountains","#064000",575,12.9115384615385,76.6923076923077,0.23876005859375
97,"Dactylorhiza sambucina",46.1268357401,7.06682238,"inat","Cool Temperate","Moist","Forest","Mountains","Cool Temperate Moist",6,64,0,"Cool Temperate Moist Forest on Mountains","#064000",575,12.9115384615385,76.6923076923077,0.23876005859375
97,"Dactylorhiza sambucina",45.9130369812,7.1109517249,"inat","Cool Temperate","Moist","Forest","Mountains","Cool Temperate Moist",6,64,0,"Cool Temperate Moist Forest on Mountains","#064000",1797,6.15000000000003,154.538461538462,0.757600634765625
97,"Dactylorhiza sambucina",45.912290518,7.1118529471,"inat","Cool Temperate","Moist","Forest","Mountains","Cool Temperate Moist",6,64,0,"Cool Temperate Moist Forest on Mountains","#064000",1797,6.15000000000003,154.538461538462,0.8722056640625
97,"Dactylorhiza sambucina",45.9120815066,7.1119816931,"inat","Cool Temperate","Moist","Forest","Mountains","Cool Temperate Moist",6,64,0,"Cool Temperate Moist Forest on Mountains","#064000",1797,6.15000000000003,154.538461538462,0.8722056640625
97,"Dactylorhiza sambucina",46.5263837973,8.6631401628,"inat","Cool Temperate","Moist","Forest","Mountains","Cool Temperate Moist",6,64,0,"Cool Temperate Moist Forest on Mountains","#064000",1815,5.05000000000001,144.307692307692,0.8212185546875
97,"Dactylorhiza sambucina",46.1254956,7.06821373,"inat","Cool Temperate","Moist","Forest","Mountains","Cool Temperate Moist",6,64,0,"Cool Temperate Moist Forest on Mountains","#064000",509,12.9115384615385,76.6923076923077,0.238765478515625
97,"Dactylorhiza sambucina",46.4657663997,8.2224128,"inat","Cool Temperate","Moist","Forest","Mountains","Cool Temperate Moist",6,64,0,"Cool Temperate Moist Forest on Mountains","#064000",1573,7.8346153846154,180.923076923077,0.87519365234375
97,"Dactylorhiza sambucina",46.3033352025,9.1242484909,"inat","Cool Temperate","Moist","Forest","Mountains","Cool Temperate Moist",6,64,0,"Cool Temperate Moist Forest on Mountains","#064000",1336,10.9653846153847,123.076923076923,0.277158178710938
97,"Dactylorhiza sambucina",46.3373336333,7.6697537945,"inat","Cool Temperate","Moist","Forest","Mountains","Cool Temperate Moist",6,64,0,"Cool Temperate Moist Forest on Mountains","#064000",1882,5.94230769230774,107.615384615385,0.697890771484375
97,"Bombus terrestris",46.6847999199,7.7819399536,"inat","Cool Temperate","Moist","Forest","Mountains","Cool Temperate Moist",6,64,0,"Cool Temperate Moist Forest on Mountains","#064000",870,11.8192307692308,104.307692307692,0.74915029296875
97,"Dactylorhiza sambucina",46.3309747791,7.6659678509,"inat","Cool Temperate","Moist","Forest","Mountains","Cool Temperate Moist",6,64,0,"Cool Temperate Moist Forest on Mountains","#064000",1597,8.02692307692314,93.6153846153846,0.638641357421875
97,"Dactylorhiza sambucina",46.3473835423,8.0054709168,"inat","Cool Temperate","Moist","Forest","Mountains","Cool Temperate Moist",6,64,0,"Cool Temperate Moist Forest on Mountains","#064000",1463,9.05000000000001,106.769230769231,0.613330908203125
97,"Dactylorhiza sambucina",46.3260407155,7.6643799832,"inat","Cool Temperate","Moist","Forest","Mountains","Cool Temperate Moist",6,64,0,"Cool Temperate Moist Forest on Mountains","#064000",1356,8.02692307692314,93.6153846153846,0.567249658203125
97,"Dactylorhiza sambucina",46.12527142,7.06856171,"inat","Cool Temperate","Moist","Forest","Mountains","Cool Temperate Moist",6,64,0,"Cool Temperate Moist Forest on Mountains","#064000",509,12.9115384615385,76.6923076923077,0.238765478515625
97,"Bombus terrestris",47.2722303947,8.3532917691,"inat","Cool Temperate","Moist","Forest","Mountains","Cool Temperate Moist",6,64,0,"Cool Temperate Moist Forest on Mountains","#064000",483,14.65,79,0.133085986328125
97,"Dactylorhiza sambucina",46.3376300028,7.671945,"inat","Cool Temperate","Moist","Forest","Mountains","Cool Temperate Moist",6,64,0,"Cool Temperate Moist Forest on Mountains","#064000",1882,5.94230769230774,107.615384615385,0.61704208984375
97,"Dactylorhiza sambucina",46.3321916731,7.6669783333,"inat","Cool Temperate","Moist","Forest","Mountains","Cool Temperate Moist",6,64,0,"Cool Temperate Moist Forest on Mountains","#064000",1703,8.38846153846157,92.0769230769231,0.638640478515625
97,"Dactylorhiza sambucina",46.3319283431,7.6673833333,"inat","Cool Temperate","Moist","Forest","Mountains","Cool Temperate Moist",6,64,0,"Cool Temperate Moist Forest on Mountains","#064000",1686,8.38846153846157,92.0769230769231,0.638640478515625
97,"Dactylorhiza sambucina",46.3274954109,7.6631543908,"inat","Cool Temperate","Moist","Forest","Mountains","Cool Temperate Moist",6,64,0,"Cool Temperate Moist Forest on Mountains","#064000",1487,8.02692307692314,93.6153846153846,0.567393310546875
97,"Dactylorhiza sambucina",46.12332707,7.07042844,"inat","Cool Temperate","Moist","Forest","Mountains","Cool Temperate Moist",6,64,0,"Cool Temperate Moist Forest on Mountains","#064000",517,15.1038461538462,71.8461538461538,0.250240966796875
97,"Dactylorhiza sambucina",46.4302177429,6.1116876602,"inat","Cool Temperate","Moist","Forest","Mountains","Cool Temperate Moist",6,64,0,"Cool Temperate Moist Forest on Mountains","#064000",1460,8.97307692307697,146.538461538462,0.412228662109375
97,"Dactylorhiza sambucina",46.12332275,7.07042944,"inat","Cool Temperate","Moist","Forest","Mountains","Cool Temperate Moist",6,64,0,"Cool Temperate Moist Forest on Mountains","#064000",517,15.1038461538462,71.8461538461538,0.250240966796875
97,"Dactylorhiza sambucina",46.3568959685,8.020303748,"inat","Cool Temperate","Moist","Forest","Mountains","Cool Temperate Moist",6,64,0,"Cool Temperate Moist Forest on Mountains","#064000",1590,8.47307692307697,111.923076923077,0.564855029296875
97,"Dactylorhiza sambucina",46.327325,7.6630416667,"inat","Cool Temperate","Moist","Forest","Mountains","Cool Temperate Moist",6,64,0,"Cool Temperate Moist Forest on Mountains","#064000",1487,8.02692307692314,93.6153846153846,0.475663671875
97,"Dactylorhiza sambucina",46.3293106352,7.7218158471,"inat","Cool Temperate","Moist","Forest","Mountains","Cool Temperate Moist",6,64,0,"Cool Temperate Moist Forest on Mountains","#064000",1606,7.90384615384619,91.7692307692308,0.4719359375
97,"Dactylorhiza sambucina",46.1232752701,7.07047069,"inat","Cool Temperate","Moist","Forest","Mountains","Cool Temperate Moist",6,64,0,"Cool Temperate Moist Forest on Mountains","#064000",517,15.1038461538462,71.8461538461538,0.250240966796875
97,"Dactylorhiza sambucina",46.579267,6.323634,"inat","Cool Temperate","Moist","Forest","Mountains","Cool Temperate Moist",6,64,0,"Cool Temperate Moist Forest on Mountains","#064000",1398,8.8346153846154,139.230769230769,0.422972314453125
97,"Dactylorhiza sambucina",46.1290393771,7.0438243074,"inat","Cool Temperate","Moist","Forest","Mountains","Cool Temperate Moist",6,64,0,"Cool Temperate Moist Forest on Mountains","#064000",526,15.2192307692308,77.6153846153846,0.38057099609375
97,"Dactylorhiza sambucina",46.12278798,7.07062723,"inat","Cool Temperate","Moist","Forest","Mountains","Cool Temperate Moist",6,64,0,"Cool Temperate Moist Forest on Mountains","#064000",517,15.1038461538462,71.8461538461538,0.250236108398438
97,"Dactylorhiza sambucina",46.3314632977,9.1177051887,"inat","Cool Temperate","Moist","Forest","Mountains","Cool Temperate Moist",6,64,0,"Cool Temperate Moist Forest on Mountains","#064000",1007,12.05,127.538461538462,0.4717126953125
97,"Dactylorhiza sambucina",46.3314234791,9.1177709028,"inat","Cool Temperate","Moist","Forest","Mountains","Cool Temperate Moist",6,64,0,"Cool Temperate Moist Forest on Mountains","#064000",1007,12.05,127.538461538462,0.4717126953125
97,"Dactylorhiza sambucina",46.0125456676,7.1423226485,"inat","Cool Temperate","Moist","Forest","Mountains","Cool Temperate Moist",6,64,0,"Cool Temperate Moist Forest on Mountains","#064000",1384,8.73461538461544,111,0.622686279296875
97,"Dactylorhiza sambucina",46.3590728457,8.0221389346,"inat","Cool Temperate","Moist","Forest","Mountains","Cool Temperate Moist",6,64,0,"Cool Temperate Moist Forest on Mountains","#064000",1617,6.21153846153851,125.307692307692,0.6866248046875
97,"Dactylorhiza sambucina",46.4858333333,8.9483333333,"inat","Cool Temperate","Moist","Forest","Mountains","Cool Temperate Moist",6,64,0,"Cool Temperate Moist Forest on Mountains","#064000",816,12.7269230769231,96.3846153846154,0.426277734375
97,"Dactylorhiza sambucina",46.4465666667,6.0900666667,"inat","Cool Temperate","Moist","Forest","Mountains","Cool Temperate Moist",6,64,0,"Cool Temperate Moist Forest on Mountains","#064000",1241,10.2653846153847,140.846153846154,0.446631591796875
97,"Dactylorhiza sambucina",46.4465083333,6.0902805,"inat","Cool Temperate","Moist","Forest","Mountains","Cool Temperate Moist",6,64,0,"Cool Temperate Moist Forest on Mountains","#064000",1241,10.2653846153847,140.846153846154,0.446631591796875
97,"Dactylorhiza sambucina",46.4016031031,8.6481549963,"inat","Cool Temperate","Moist","Forest","Mountains","Cool Temperate Moist",6,64,0,"Cool Temperate Moist Forest on Mountains","#064000",789,12.1961538461539,133.461538461538,0.56715185546875
97,"Bombus terrestris",47.131275,8.9943583333,"inat","Cool Temperate","Moist","Forest","Mountains","Cool Temperate Moist",6,64,0,"Cool Temperate Moist Forest on Mountains","#064000",1489,9.01153846153852,163.384615384615,0.461435400390625
97,"Dactylorhiza sambucina",46.3702910537,8.2175218002,"inat","Cool Temperate","Moist","Forest","Mountains","Cool Temperate Moist",6,64,0,"Cool Temperate Moist Forest on Mountains","#064000",1602,6.31153846153848,160.384615384615,0.81769951171875
97,"Dactylorhiza sambucina",46.1227955761,7.0706240459,"inat","Cool Temperate","Moist","Forest","Mountains","Cool Temperate Moist",6,64,0,"Cool Temperate Moist Forest on Mountains","#064000",517,15.1038461538462,71.8461538461538,0.250236108398438
97,"Dactylorhiza sambucina",46.12218205,7.0718702,"inat","Cool Temperate","Moist","Forest","Mountains","Cool Temperate Moist",6,64,0,"Cool Temperate Moist Forest on Mountains","#064000",543,15.1038461538462,71.8461538461538,0.250236108398438
97,"Dactylorhiza sambucina",46.4015444444,8.6482583333,"inat","Cool Temperate","Moist","Forest","Mountains","Cool Temperate Moist",6,64,0,"Cool Temperate Moist Forest on Mountains","#064000",789,12.1961538461539,133.461538461538,0.56715185546875
97,"Dactylorhiza sambucina",46.1434142199,7.0593673457,"inat","Cool Temperate","Moist","Forest","Mountains","Cool Temperate Moist",6,64,0,"Cool Temperate Moist Forest on Mountains","#064000",1109,10.2423076923077,87.4615384615385,0.157347314453125
97,"Dactylorhiza sambucina",46.1222120701,7.0719453972,"inat","Cool Temperate","Moist","Forest","Mountains","Cool Temperate Moist",6,64,0,"Cool Temperate Moist Forest on Mountains","#064000",543,15.1038461538462,71.8461538461538,0.250236108398438
97,"Dactylorhiza sambucina",46.12712578,7.07478699,"inat","Cool Temperate","Moist","Forest","Mountains","Cool Temperate Moist",6,64,0,"Cool Temperate Moist Forest on Mountains","#064000",843,12.9115384615385,76.6923076923077,0.251211083984375
97,"Dactylorhiza sambucina",46.1598833333,7.2654722222,"inat","Cool Temperate","Moist","Forest","Mountains","Cool Temperate Moist",6,64,0,"Cool Temperate Moist Forest on Mountains","#064000",1697,6.75769230769237,102.846153846154,0.558465869140625
97,"Dactylorhiza sambucina",46.3281076,7.67009159,"inat","Cool Temperate","Moist","Forest","Mountains","Cool Temperate Moist",6,64,0,"Cool Temperate Moist Forest on Mountains","#064000",1421,8.38846153846157,92.0769230769231,0.46342138671875
97,"Dactylorhiza sambucina",46.1285722217,7.0426666667,"inat","Cool Temperate","Moist","Forest","Mountains","Cool Temperate Moist",6,64,0,"Cool Temperate Moist Forest on Mountains","#064000",526,15.2192307692308,77.6153846153846,0.35757373046875
97,"Bombus terrestris",47.227524462,7.9485517951,"inat","Cool Temperate","Moist","Forest","Mountains","Cool Temperate Moist",6,64,0,"Cool Temperate Moist Forest on Mountains","#064000",524,14.0961538461539,76.7692307692308,0.190443408203125
97,"Dactylorhiza sambucina",46.1109025714,7.1126190745,"inat","Cool Temperate","Moist","Forest","Mountains","Cool Temperate Moist",6,64,0,"Cool Temperate Moist Forest on Mountains","#064000",452,15.3346153846154,70.4615384615385,0.477051220703125
97,"Bombus terrestris",45.8966674805,8.9422473907,"inat","Cool Temperate","Moist","Forest","Mountains","Cool Temperate Moist",6,64,0,"Cool Temperate Moist Forest on Mountains","#064000",606,14.4884615384616,134,0.134357495117188
97,"Dactylorhiza sambucina",46.08384573,7.01425727,"inat","Cool Temperate","Moist","Forest","Mountains","Cool Temperate Moist",6,64,0,"Cool Temperate Moist Forest on Mountains","#064000",1857,6.78076923076929,134.384615384615,0.671851806640625
97,"Dactylorhiza sambucina",46.51515,8.73185,"inat","Cool Temperate","Moist","Forest","Mountains","Cool Temperate Moist",6,64,0,"Cool Temperate Moist Forest on Mountains","#064000",1537,8.2038461538462,134.153846153846,0.510352294921875
97,"Dactylorhiza sambucina",46.34052,7.6541283333,"inat","Cool Temperate","Moist","Forest","Mountains","Cool Temperate Moist",6,64,0,"Cool Temperate Moist Forest on Mountains","#064000",1817,6.69615384615389,106.307692307692,0.628174072265625
97,"Dactylorhiza sambucina",46.5151777778,8.731875,"inat","Cool Temperate","Moist","Forest","Mountains","Cool Temperate Moist",6,64,0,"Cool Temperate Moist Forest on Mountains","#064000",1537,8.2038461538462,134.153846153846,0.510352294921875
97,"Dactylorhiza sambucina",46.4314116667,8.65948,"inat","Cool Temperate","Moist","Forest","Mountains","Cool Temperate Moist",6,64,0,"Cool Temperate Moist Forest on Mountains","#064000",1187,9.61153846153849,139,0.779160595703125
97,"Dactylorhiza sambucina",46.4311068412,6.1274504119,"inat","Cool Temperate","Moist","Forest","Mountains","Cool Temperate Moist",6,64,0,"Cool Temperate Moist Forest on Mountains","#064000",1478,9.02692307692314,143.230769230769,0.460549365234375
97,"Bombus terrestris",46.3482358231,8.012759194,"inat","Cool Temperate","Moist","Forest","Mountains","Cool Temperate Moist",6,64,0,"Cool Temperate Moist Forest on Mountains","#064000",1359,9.58846153846156,103.538461538462,0.685522314453125
97,"Dactylorhiza sambucina",46.1295295154,7.0219113294,"inat","Cool Temperate","Moist","Forest","Mountains","Cool Temperate Moist",6,64,0,"Cool Temperate Moist Forest on Mountains","#064000",1034,11.0961538461539,106.615384615385,0.380479516601562
97,"Dactylorhiza sambucina",46.3338866667,7.7044616667,"inat","Cool Temperate","Moist","Forest","Mountains","Cool Temperate Moist",6,64,0,"Cool Temperate Moist Forest on Mountains","#064000",1878,5.08846153846156,111.076923076923,0.55341328125
97,"Dactylorhiza sambucina",46.5938097691,6.3283698742,"inat","Cool Temperate","Moist","Forest","Mountains","Cool Temperate Moist",6,64,0,"Cool Temperate Moist Forest on Mountains","#064000",1459,8.51923076923083,137.230769230769,0.459840087890625
97,"Dactylorhiza sambucina",46.3674926758,8.2215242386,"inat","Cool Temperate","Moist","Forest","Mountains","Cool Temperate Moist",6,64,0,"Cool Temperate Moist Forest on Mountains","#064000",1660,6.31153846153848,160.384615384615,0.74513115234375
97,"Dactylorhiza sambucina",46.3338134997,7.7049877997,"inat","Cool Temperate","Moist","Forest","Mountains","Cool Temperate Moist",6,64,0,"Cool Temperate Moist Forest on Mountains","#064000",1878,5.08846153846156,111.076923076923,0.55341328125
97,"Dactylorhiza sambucina",46.5473667223,7.1933801472,"inat","Cool Temperate","Moist","Forest","Mountains","Cool Temperate Moist",6,64,0,"Cool Temperate Moist Forest on Mountains","#064000",1445,8.7884615384616,128,0.435079052734375
97,"Dactylorhiza sambucina",46.3010363988,8.0420557581,"inat","Cool Temperate","Moist","Forest","Mountains","Cool Temperate Moist",6,64,0,"Cool Temperate Moist Forest on Mountains","#064000",1601,6.15769230769234,117.846153846154,0.84865224609375
97,"Dactylorhiza sambucina",46.3273229371,7.6622795686,"inat","Cool Temperate","Moist","Forest","Mountains","Cool Temperate Moist",6,64,0,"Cool Temperate Moist Forest on Mountains","#064000",1487,8.02692307692314,93.6153846153846,0.475663671875
97,"Dactylorhiza sambucina",46.436475,6.0964,"inat","Cool Temperate","Moist","Forest","Mountains","Cool Temperate Moist",6,64,0,"Cool Temperate Moist Forest on Mountains","#064000",1414,9.36538461538464,144.384615384615,0.433837158203125
97,"Dactylorhiza sambucina",46.43247,6.09688883,"inat","Cool Temperate","Moist","Forest","Mountains","Cool Temperate Moist",6,64,0,"Cool Temperate Moist Forest on Mountains","#064000",1453,8.63461538461542,146.615384615385,0.42286572265625
97,"Dactylorhiza sambucina",46.4442208537,6.0975167723,"inat","Cool Temperate","Moist","Forest","Mountains","Cool Temperate Moist",6,64,0,"Cool Temperate Moist Forest on Mountains","#064000",1294,10.15,141.461538461538,0.4340845703125
97,"Dactylorhiza sambucina",46.4357192983,6.1170325333,"inat","Cool Temperate","Moist","Forest","Mountains","Cool Temperate Moist",6,64,0,"Cool Temperate Moist Forest on Mountains","#064000",1369,9.64230769230772,144.769230769231,0.434486474609375
97,"Dactylorhiza sambucina",46.37027,8.21698,"inat","Cool Temperate","Moist","Forest","Mountains","Cool Temperate Moist",6,64,0,"Cool Temperate Moist Forest on Mountains","#064000",1602,6.31153846153848,160.384615384615,0.81769951171875
97,"Dactylorhiza sambucina",46.447205,6.1216778333,"inat","Cool Temperate","Moist","Forest","Mountains","Cool Temperate Moist",6,64,0,"Cool Temperate Moist Forest on Mountains","#064000",1209,10.3038461538462,143.384615384615,0.45930078125
97,"Bombus terrestris",47.3782283333,8.5814633333,"inat","Cool Temperate","Moist","Forest","Mountains","Cool Temperate Moist",6,64,0,"Cool Temperate Moist Forest on Mountains","#064000",621,14.1346153846154,74.6923076923077,0.249229711914063
97,"Dactylorhiza sambucina",46.1284435,7.06467161,"inat","Cool Temperate","Moist","Forest","Mountains","Cool Temperate Moist",6,64,0,"Cool Temperate Moist Forest on Mountains","#064000",574,15.0576923076923,73.1538461538462,0.238765258789062
97,"Dactylorhiza sambucina",46.3474967512,7.9819975593,"inat","Cool Temperate","Moist","Forest","Mountains","Cool Temperate Moist",6,64,0,"Cool Temperate Moist Forest on Mountains","#064000",1129,9.81923076923078,115.384615384615,0.638054541015625
97,"Dactylorhiza sambucina",46.332845,7.6848466667,"inat","Cool Temperate","Moist","Forest","Mountains","Cool Temperate Moist",6,64,0,"Cool Temperate Moist Forest on Mountains","#064000",1402,8.78076923076924,90.5384615384615,0.566224072265625
97,"Bombus terrestris",47.0289919975,8.3097088389,"inat","Cool Temperate","Moist","Forest","Mountains","Cool Temperate Moist",6,64,0,"Cool Temperate Moist Forest on Mountains","#064000",466,14.2730769230769,97.7692307692308,0.26791533203125
97,"Dactylorhiza sambucina",46.13048575,7.08363825,"inat","Cool Temperate","Moist","Forest","Mountains","Cool Temperate Moist",6,64,0,"Cool Temperate Moist Forest on Mountains","#064000",683,14.4576923076924,73.6153846153846,0.178467761230469
97,"Dactylorhiza sambucina",46.1226166667,7.0706111667,"inat","Cool Temperate","Moist","Forest","Mountains","Cool Temperate Moist",6,64,0,"Cool Temperate Moist Forest on Mountains","#064000",517,15.1038461538462,71.8461538461538,0.250236108398438
97,"Dactylorhiza sambucina",46.1268387,7.06681773,"inat","Cool Temperate","Moist","Forest","Mountains","Cool Temperate Moist",6,64,0,"Cool Temperate Moist Forest on Mountains","#064000",575,12.9115384615385,76.6923076923077,0.23876005859375
97,"Bombus terrestris",47.3820333333,9.1860366667,"inat","Cool Temperate","Moist","Forest","Mountains","Cool Temperate Moist",6,64,0,"Cool Temperate Moist Forest on Mountains","#064000",873,11.7884615384615,116.692307692308,0.247593139648437
97,"Dactylorhiza sambucina",46.3012529502,8.0424812453,"inat","Cool Temperate","Moist","Forest","Mountains","Cool Temperate Moist",6,64,0,"Cool Temperate Moist Forest on Mountains","#064000",1601,6.15769230769234,117.846153846154,0.8486505859375
97,"Dactylorhiza sambucina",46.5893750031,6.272925,"inat","Cool Temperate","Moist","Forest","Mountains","Cool Temperate Moist",6,64,0,"Cool Temperate Moist Forest on Mountains","#064000",1351,9.25769230769237,131.153846153846,0.483333203125
97,"Dactylorhiza sambucina",46.12712905,7.07478865,"inat","Cool Temperate","Moist","Forest","Mountains","Cool Temperate Moist",6,64,0,"Cool Temperate Moist Forest on Mountains","#064000",843,12.9115384615385,76.6923076923077,0.251211083984375
97,"Dactylorhiza sambucina",46.1389592321,7.0761072636,"inat","Cool Temperate","Moist","Forest","Mountains","Cool Temperate Moist",6,64,0,"Cool Temperate Moist Forest on Mountains","#064000",1553,9.28846153846155,89,0.156609704589844
97,"Dactylorhiza sambucina",46.4090373724,8.1296778984,"inat","Cool Temperate","Moist","Forest","Mountains","Cool Temperate Moist",6,64,0,"Cool Temperate Moist Forest on Mountains","#064000",1249,8.46538461538466,149.538461538462,0.8595671875
97,"Dactylorhiza sambucina",46.3567379306,8.6300495833,"inat","Cool Temperate","Moist","Forest","Mountains","Cool Temperate Moist",6,64,0,"Cool Temperate Moist Forest on Mountains","#064000",834,13.0730769230769,126.615384615385,0.67520087890625
97,"Dactylorhiza sambucina",46.12706711,7.07470288,"inat","Cool Temperate","Moist","Forest","Mountains","Cool Temperate Moist",6,64,0,"Cool Temperate Moist Forest on Mountains","#064000",843,12.9115384615385,76.6923076923077,0.251210620117187
97,"Dactylorhiza sambucina",46.3395520641,7.9869449307,"inat","Cool Temperate","Moist","Forest","Mountains","Cool Temperate Moist",6,64,0,"Cool Temperate Moist Forest on Mountains","#064000",1051,11.2807692307692,100.461538461538,0.614425634765625
97,"Dactylorhiza sambucina",46.5490284394,7.1958665524,"inat","Cool Temperate","Moist","Forest","Mountains","Cool Temperate Moist",6,64,0,"Cool Temperate Moist Forest on Mountains","#064000",1436,8.7884615384616,128,0.440591064453125
97,"Dactylorhiza sambucina",46.460545,6.1103055,"inat","Cool Temperate","Moist","Forest","Mountains","Cool Temperate Moist",6,64,0,"Cool Temperate Moist Forest on Mountains","#064000",1297,9.82692307692309,138.615384615385,0.411232470703125
97,"Dactylorhiza sambucina",46.3191567874,7.8471082449,"inat","Cool Temperate","Moist","Forest","Mountains","Cool Temperate Moist",6,64,0,"Cool Temperate Moist Forest on Mountains","#064000",1303,9.19615384615389,84,0.337086376953125
97,"Dactylorhiza sambucina",46.3191745151,7.8470749687,"inat","Cool Temperate","Moist","Forest","Mountains","Cool Temperate Moist",6,64,0,"Cool Temperate Moist Forest on Mountains","#064000",1303,9.19615384615389,84,0.337086376953125
97,"Bombus terrestris",46.4334135744,6.9619571418,"inat","Cool Temperate","Moist","Forest","Mountains","Cool Temperate Moist",6,64,0,"Cool Temperate Moist Forest on Mountains","#064000",1325,8.75769230769237,107.538461538462,0.447666064453125
97,"Dactylorhiza sambucina",46.1280541,7.07241831,"inat","Cool Temperate","Moist","Forest","Mountains","Cool Temperate Moist",6,64,0,"Cool Temperate Moist Forest on Mountains","#064000",823,12.9115384615385,76.6923076923077,0.25121220703125
97,"Dactylorhiza sambucina",46.12321885,7.07165695,"inat","Cool Temperate","Moist","Forest","Mountains","Cool Temperate Moist",6,64,0,"Cool Temperate Moist Forest on Mountains","#064000",543,15.1038461538462,71.8461538461538,0.250240966796875
97,"Dactylorhiza sambucina",46.3660759741,8.1928299369,"inat","Cool Temperate","Moist","Forest","Mountains","Cool Temperate Moist",6,64,0,"Cool Temperate Moist Forest on Mountains","#064000",1488,6.29615384615386,150.230769230769,0.85377900390625
97,"Dactylorhiza sambucina",46.12337481,7.07038997,"inat","Cool Temperate","Moist","Forest","Mountains","Cool Temperate Moist",6,64,0,"Cool Temperate Moist Forest on Mountains","#064000",604,15.1038461538462,71.8461538461538,0.250240966796875
97,"Dactylorhiza sambucina",46.3676753088,7.0266580567,"inat","Cool Temperate","Moist","Forest","Mountains","Cool Temperate Moist",6,64,0,"Cool Temperate Moist Forest on Mountains","#064000",1579,7.51153846153852,140.230769230769,0.50630888671875
97,"Dactylorhiza sambucina",46.3674277778,7.0266444444,"inat","Cool Temperate","Moist","Forest","Mountains","Cool Temperate Moist",6,64,0,"Cool Temperate Moist Forest on Mountains","#064000",1579,7.51153846153852,140.230769230769,0.50630888671875
97,"Dactylorhiza sambucina",46.55678268,6.24585366,"inat","Cool Temperate","Moist","Forest","Mountains","Cool Temperate Moist",6,64,0,"Cool Temperate Moist Forest on Mountains","#064000",1353,9.02692307692314,135.846153846154,0.480887255859375
97,"Dactylorhiza sambucina",46.1222111667,7.0718695,"inat","Cool Temperate","Moist","Forest","Mountains","Cool Temperate Moist",6,64,0,"Cool Temperate Moist Forest on Mountains","#064000",543,15.1038461538462,71.8461538461538,0.250236108398438
97,"Dactylorhiza sambucina",46.1617083639,7.9229090556,"inat","Cool Temperate","Moist","Forest","Mountains","Cool Temperate Moist",6,64,0,"Cool Temperate Moist Forest on Mountains","#064000",1505,7.68076923076927,113.923076923077,0.597573046875
97,"Dactylorhiza sambucina",46.2068137,7.0132252,"inat","Cool Temperate","Moist","Forest","Mountains","Cool Temperate Moist",6,64,0,"Cool Temperate Moist Forest on Mountains","#064000",407,15.7500000000001,78.7692307692308,0.226519506835937
97,"Bombus terrestris",46.1337780924,7.0879773796,"inat","Cool Temperate","Moist","Forest","Mountains","Cool Temperate Moist",6,64,0,"Cool Temperate Moist Forest on Mountains","#064000",885,11.3807692307693,84.7692307692308,0.226999267578125
97,"Dactylorhiza sambucina",46.43013,6.1274471667,"inat","Cool Temperate","Moist","Forest","Mountains","Cool Temperate Moist",6,64,0,"Cool Temperate Moist Forest on Mountains","#064000",1478,9.02692307692314,143.230769230769,0.460549365234375
97,"Dactylorhiza sambucina",46.429725,6.1168388333,"inat","Cool Temperate","Moist","Forest","Mountains","Cool Temperate Moist",6,64,0,"Cool Temperate Moist Forest on Mountains","#064000",1494,8.75000000000006,145.307692307692,0.45748349609375
97,"Bombus terrestris",46.0599,7.54695,"inat","Cool Temperate","Moist","Forest","Mountains","Cool Temperate Moist",6,64,0,"Cool Temperate Moist Forest on Mountains","#064000",1852,5.73461538461544,91.9230769230769,1.01522470703125
97,"Dactylorhiza sambucina",46.13713524,7.06625751,"inat","Cool Temperate","Moist","Forest","Mountains","Cool Temperate Moist",6,64,0,"Cool Temperate Moist Forest on Mountains","#064000",951,12.7884615384615,79.2307692307692,0.191771118164063
97,"Dactylorhiza sambucina",46.3352344151,7.6708819613,"inat","Cool Temperate","Moist","Forest","Mountains","Cool Temperate Moist",6,64,0,"Cool Temperate Moist Forest on Mountains","#064000",1771,5.94230769230774,107.615384615385,0.559411279296875
97,"Dactylorhiza sambucina",46.1276568747,7.07639679,"inat","Cool Temperate","Moist","Forest","Mountains","Cool Temperate Moist",6,64,0,"Cool Temperate Moist Forest on Mountains","#064000",779,12.9038461538462,76.6923076923077,0.202738439941406
97,"Dactylorhiza sambucina",46.13717218,7.06621901,"inat","Cool Temperate","Moist","Forest","Mountains","Cool Temperate Moist",6,64,0,"Cool Temperate Moist Forest on Mountains","#064000",951,12.7884615384615,79.2307692307692,0.191771118164063
97,"Dactylorhiza sambucina",46.13717804,7.06620757,"inat","Cool Temperate","Moist","Forest","Mountains","Cool Temperate Moist",6,64,0,"Cool Temperate Moist Forest on Mountains","#064000",951,12.7884615384615,79.2307692307692,0.191771118164063
97,"Dactylorhiza sambucina",46.44727,6.1216528333,"inat","Cool Temperate","Moist","Forest","Mountains","Cool Temperate Moist",6,64,0,"Cool Temperate Moist Forest on Mountains","#064000",1195,10.3038461538462,143.384615384615,0.45930078125
97,"Bombus terrestris",47.3685613997,8.7190879997,"inat","Cool Temperate","Moist","Forest","Mountains","Cool Temperate Moist",6,64,0,"Cool Temperate Moist Forest on Mountains","#064000",492,14.6576923076923,72.6923076923077,0.152428967285156
97,"Dactylorhiza sambucina",46.13721913,7.06613188,"inat","Cool Temperate","Moist","Forest","Mountains","Cool Temperate Moist",6,64,0,"Cool Temperate Moist Forest on Mountains","#064000",951,12.7884615384615,79.2307692307692,0.191771118164063
97,"Dactylorhiza sambucina",46.4681637242,7.664222833,"inat","Cool Temperate","Moist","Forest","Mountains","Cool Temperate Moist",6,64,0,"Cool Temperate Moist Forest on Mountains","#064000",1402,8.81923076923078,130.769230769231,1.2026689453125
97,"Dactylorhiza sambucina",46.12840412,7.06469107,"inat","Cool Temperate","Moist","Forest","Mountains","Cool Temperate Moist",6,64,0,"Cool Temperate Moist Forest on Mountains","#064000",574,15.0576923076923,73.1538461538462,0.238765258789062
97,"Dactylorhiza sambucina",46.1226416667,7.0706611111,"inat","Cool Temperate","Moist","Forest","Mountains","Cool Temperate Moist",6,64,0,"Cool Temperate Moist Forest on Mountains","#064000",517,15.1038461538462,71.8461538461538,0.250236108398438
97,"Dactylorhiza sambucina",46.4472831879,6.1218214711,"inat","Cool Temperate","Moist","Forest","Mountains","Cool Temperate Moist",6,64,0,"Cool Temperate Moist Forest on Mountains","#064000",1195,10.3038461538462,143.384615384615,0.45930078125
97,"Dactylorhiza sambucina",46.1221808055,7.0719262864,"inat","Cool Temperate","Moist","Forest","Mountains","Cool Temperate Moist",6,64,0,"Cool Temperate Moist Forest on Mountains","#064000",543,15.1038461538462,71.8461538461538,0.250236108398438
97,"Dactylorhiza sambucina",46.5153833333,8.7328666667,"inat","Cool Temperate","Moist","Forest","Mountains","Cool Temperate Moist",6,64,0,"Cool Temperate Moist Forest on Mountains","#064000",1537,8.2038461538462,134.153846153846,0.510352294921875
97,"Dactylorhiza sambucina",46.3852869626,8.1389193663,"inat","Cool Temperate","Moist","Forest","Mountains","Cool Temperate Moist",6,64,0,"Cool Temperate Moist Forest on Mountains","#064000",1265,9.39615384615388,127,0.8484833984375
97,"Dactylorhiza sambucina",46.447095,6.121725,"inat","Cool Temperate","Moist","Forest","Mountains","Cool Temperate Moist",6,64,0,"Cool Temperate Moist Forest on Mountains","#064000",1209,10.3038461538462,143.384615384615,0.45930078125
97,"Dactylorhiza sambucina",46.3012529502,8.0424812453,"inat","Cool Temperate","Moist","Forest","Mountains","Cool Temperate Moist",6,64,0,"Cool Temperate Moist Forest on Mountains","#064000",1601,6.15769230769234,117.846153846154,0.8486505859375
97,"Bombus terrestris",46.3482442603,8.0127709812,"inat","Cool Temperate","Moist","Forest","Mountains","Cool Temperate Moist",6,64,0,"Cool Temperate Moist Forest on Mountains","#064000",1359,9.58846153846156,103.538461538462,0.685522314453125
97,"Dactylorhiza sambucina",46.12549572,7.06820287,"inat","Cool Temperate","Moist","Forest","Mountains","Cool Temperate Moist",6,64,0,"Cool Temperate Moist Forest on Mountains","#064000",509,12.9115384615385,76.6923076923077,0.238765478515625
97,"Dactylorhiza sambucina",46.1599166667,7.2653833333,"inat","Cool Temperate","Moist","Forest","Mountains","Cool Temperate Moist",6,64,0,"Cool Temperate Moist Forest on Mountains","#064000",1697,6.75769230769237,102.846153846154,0.558465869140625
97,"Dactylorhiza sambucina",46.3012529502,8.0424812453,"inat","Cool Temperate","Moist","Forest","Mountains","Cool Temperate Moist",6,64,0,"Cool Temperate Moist Forest on Mountains","#064000",1601,6.15769230769234,117.846153846154,0.8486505859375
97,"Dactylorhiza sambucina",46.3378090195,7.9858396881,"inat","Cool Temperate","Moist","Forest","Mountains","Cool Temperate Moist",6,64,0,"Cool Temperate Moist Forest on Mountains","#064000",1007,11.2807692307692,100.461538461538,0.614425634765625
97,"Dactylorhiza sambucina",46.12548232,7.06823029,"inat","Cool Temperate","Moist","Forest","Mountains","Cool Temperate Moist",6,64,0,"Cool Temperate Moist Forest on Mountains","#064000",509,12.9115384615385,76.6923076923077,0.238765478515625
97,"Dactylorhiza sambucina",46.0783405538,7.1211544075,"inat","Cool Temperate","Moist","Forest","Mountains","Cool Temperate Moist",6,64,0,"Cool Temperate Moist Forest on Mountains","#064000",769,12.85,92.5384615384615,0.50780419921875
97,"Dactylorhiza sambucina",46.3309747791,7.6659678509,"inat","Cool Temperate","Moist","Forest","Mountains","Cool Temperate Moist",6,64,0,"Cool Temperate Moist Forest on Mountains","#064000",1597,8.02692307692314,93.6153846153846,0.638641357421875
97,"Dactylorhiza sambucina",46.4471134458,6.1209763795,"inat","Cool Temperate","Moist","Forest","Mountains","Cool Temperate Moist",6,64,0,"Cool Temperate Moist Forest on Mountains","#064000",1209,10.3038461538462,143.384615384615,0.45930078125
97,"Bombus terrestris",46.9306861111,7.4679027778,"inat","Cool Temperate","Moist","Forest","Mountains","Cool Temperate Moist",6,64,0,"Cool Temperate Moist Forest on Mountains","#064000",530,14.4346153846154,71.3846153846154,0.296511059570312
97,"Dactylorhiza sambucina",46.12721728,7.07371289,"inat","Cool Temperate","Moist","Forest","Mountains","Cool Temperate Moist",6,64,0,"Cool Temperate Moist Forest on Mountains","#064000",823,12.9115384615385,76.6923076923077,0.251211083984375
97,"Dactylorhiza sambucina",46.3361183333,7.6705066667,"inat","Cool Temperate","Moist","Forest","Mountains","Cool Temperate Moist",6,64,0,"Cool Temperate Moist Forest on Mountains","#064000",1882,5.94230769230774,107.615384615385,0.559408984375
97,"Dactylorhiza sambucina",46.12808804,7.07241087,"inat","Cool Temperate","Moist","Forest","Mountains","Cool Temperate Moist",6,64,0,"Cool Temperate Moist Forest on Mountains","#064000",823,12.9115384615385,76.6923076923077,0.25121220703125
97,"Dactylorhiza sambucina",46.12337294,7.07039386,"inat","Cool Temperate","Moist","Forest","Mountains","Cool Temperate Moist",6,64,0,"Cool Temperate Moist Forest on Mountains","#064000",604,15.1038461538462,71.8461538461538,0.250240966796875
97,"Bombus terrestris",46.4629568136,8.9408192039,"inat","Cool Temperate","Moist","Forest","Mountains","Cool Temperate Moist",6,64,0,"Cool Temperate Moist Forest on Mountains","#064000",576,14.0269230769231,99.5384615384615,0.365817578125
97,"Bombus terrestris",47.2451787,8.5080623,"inat","Cool Temperate","Moist","Forest","Mountains","Cool Temperate Moist",6,64,0,"Cool Temperate Moist Forest on Mountains","#064000",594,14.0807692307692,92.9230769230769,0.155953332519531
97,"Bombus terrestris",46.4629847581,8.9409258217,"inat","Cool Temperate","Moist","Forest","Mountains","Cool Temperate Moist",6,64,0,"Cool Temperate Moist Forest on Mountains","#064000",576,14.0269230769231,99.5384615384615,0.365817578125
97,"Bombus terrestris",47.3355813,8.5073095997,"inat","Cool Temperate","Moist","Forest","Mountains","Cool Temperate Moist",6,64,0,"Cool Temperate Moist Forest on Mountains","#064000",670,13.5884615384616,83.6153846153846,0.177272717285156
97,"Dactylorhiza sambucina",46.33357,7.70578,"inat","Cool Temperate","Moist","Forest","Mountains","Cool Temperate Moist",6,64,0,"Cool Temperate Moist Forest on Mountains","#064000",1878,5.08846153846156,111.076923076923,0.55341328125
97,"Dactylorhiza sambucina",46.325,7.4652777778,"inat","Cool Temperate","Moist","Forest","Mountains","Cool Temperate Moist",6,64,0,"Cool Temperate Moist Forest on Mountains","#064000",2036,6.11153846153849,119,0.551876416015625
97,"Dactylorhiza sambucina",46.13048575,7.08363825,"inat","Cool Temperate","Moist","Forest","Mountains","Cool Temperate Moist",6,64,0,"Cool Temperate Moist Forest on Mountains","#064000",683,14.4576923076924,73.6153846153846,0.178467761230469
97,"Bombus terrestris",47.2351383333,8.8590883333,"inat","Cool Temperate","Moist","Forest","Mountains","Cool Temperate Moist",6,64,0,"Cool Temperate Moist Forest on Mountains","#064000",467,14.7038461538462,99,0.222025708007812
97,"Dactylorhiza sambucina",46.12722302,7.07361401,"inat","Cool Temperate","Moist","Forest","Mountains","Cool Temperate Moist",6,64,0,"Cool Temperate Moist Forest on Mountains","#064000",823,12.9115384615385,76.6923076923077,0.251211083984375
97,"Bombus terrestris",46.0599,7.54695,"inat","Cool Temperate","Moist","Forest","Mountains","Cool Temperate Moist",6,64,0,"Cool Temperate Moist Forest on Mountains","#064000",1852,5.73461538461544,91.9230769230769,1.01522470703125
97,"Dactylorhiza sambucina",46.1247709428,7.072315737,"inat","Cool Temperate","Moist","Forest","Mountains","Cool Temperate Moist",6,64,0,"Cool Temperate Moist Forest on Mountains","#064000",677,15.1038461538462,71.8461538461538,0.250240966796875
97,"Dactylorhiza sambucina",46.447205,6.1216945,"inat","Cool Temperate","Moist","Forest","Mountains","Cool Temperate Moist",6,64,0,"Cool Temperate Moist Forest on Mountains","#064000",1209,10.3038461538462,143.384615384615,0.45930078125
97,"Dactylorhiza sambucina",46.4474736064,8.9361186326,"inat","Cool Temperate","Moist","Forest","Mountains","Cool Temperate Moist",6,64,0,"Cool Temperate Moist Forest on Mountains","#064000",645,13.5038461538462,104.384615384615,0.3308439453125
97,"Dactylorhiza sambucina",46.4224721039,8.5215383176,"inat","Cool Temperate","Moist","Forest","Mountains","Cool Temperate Moist",6,64,0,"Cool Temperate Moist Forest on Mountains","#064000",1318,8.88846153846157,215.615384615385,0.49394091796875
97,"Dactylorhiza sambucina",46.33752,8.64005,"gbif","Cool Temperate","Moist","Forest","Mountains","Cool Temperate Moist",6,64,0,"Cool Temperate Moist Forest on Mountains","#064000",1566,8.51923076923083,140.923076923077,0.462914453125
97,"Dactylorhiza sambucina",46.3327062244,7.68699646,"inat","Cool Temperate","Moist","Forest","Mountains","Cool Temperate Moist",6,64,0,"Cool Temperate Moist Forest on Mountains","#064000",1480,8.78076923076924,90.5384615384615,0.56622451171875
97,"Dactylorhiza sambucina",46.4467547978,6.1214630242,"inat","Cool Temperate","Moist","Forest","Mountains","Cool Temperate Moist",6,64,0,"Cool Temperate Moist Forest on Mountains","#064000",1209,10.3038461538462,143.384615384615,0.45930078125
97,"Bombus terrestris",47.0369928931,6.8344672153,"inat","Cool Temperate","Moist","Forest","Mountains","Cool Temperate Moist",6,64,0,"Cool Temperate Moist Forest on Mountains","#064000",1368,9.45769230769235,120.692307692308,0.45863466796875
97,"Bombus terrestris",47.406211853,9.4784355164,"inat","Cool Temperate","Moist","Forest","Mountains","Cool Temperate Moist",6,64,0,"Cool Temperate Moist Forest on Mountains","#064000",857,11.6038461538462,112.076923076923,0.293861962890625
97,"Bombus terrestris",46.9544434827,7.407763917,"inat","Cool Temperate","Moist","Forest","Mountains","Cool Temperate Moist",6,64,0,"Cool Temperate Moist Forest on Mountains","#064000",557,14.3038461538462,71.3076923076923,0.212959423828125
97,"Dactylorhiza sambucina",46.5151333333,8.7318805556,"inat","Cool Temperate","Moist","Forest","Mountains","Cool Temperate Moist",6,64,0,"Cool Temperate Moist Forest on Mountains","#064000",1537,8.2038461538462,134.153846153846,0.510352294921875
97,"Dactylorhiza sambucina",46.43015,6.1275528333,"inat","Cool Temperate","Moist","Forest","Mountains","Cool Temperate Moist",6,64,0,"Cool Temperate Moist Forest on Mountains","#064000",1478,9.02692307692314,143.230769230769,0.460549365234375
97,"Bombus terrestris",46.3113382611,7.4248078465,"inat","Cool Temperate","Moist","Forest","Mountains","Cool Temperate Moist",6,64,0,"Cool Temperate Moist Forest on Mountains","#064000",1453,8.31923076923078,114.692307692308,0.599972119140625
97,"Bombus terrestris",46.4326381716,6.1328040635,"inat","Cool Temperate","Moist","Forest","Mountains","Cool Temperate Moist",6,64,0,"Cool Temperate Moist Forest on Mountains","#064000",1409,9.02692307692314,143.230769230769,0.447876220703125
97,"Dactylorhiza sambucina",46.3012529502,8.0424812453,"inat","Cool Temperate","Moist","Forest","Mountains","Cool Temperate Moist",6,64,0,"Cool Temperate Moist Forest on Mountains","#064000",1601,6.15769230769234,117.846153846154,0.8486505859375
97,"Bombus terrestris",46.3278767382,7.0291534827,"inat","Cool Temperate","Moist","Forest","Mountains","Cool Temperate Moist",6,64,0,"Cool Temperate Moist Forest on Mountains","#064000",973,12.2192307692308,102.230769230769,0.36936552734375
97,"Dactylorhiza sambucina",46.12549611,7.06819572,"inat","Cool Temperate","Moist","Forest","Mountains","Cool Temperate Moist",6,64,0,"Cool Temperate Moist Forest on Mountains","#064000",509,12.9115384615385,76.6923076923077,0.238765478515625
97,"Bombus terrestris",47.0031555556,6.9503027778,"inat","Cool Temperate","Moist","Forest","Mountains","Cool Temperate Moist",6,64,0,"Cool Temperate Moist Forest on Mountains","#064000",506,14.2576923076924,93.6153846153846,0.24420361328125
97,"Dactylorhiza sambucina",46.12549579,7.06820144,"inat","Cool Temperate","Moist","Forest","Mountains","Cool Temperate Moist",6,64,0,"Cool Temperate Moist Forest on Mountains","#064000",509,12.9115384615385,76.6923076923077,0.238765478515625
97,"Bombus terrestris",46.2104527778,7.2054166667,"inat","Cool Temperate","Moist","Forest","Mountains","Cool Temperate Moist",6,64,0,"Cool Temperate Moist Forest on Mountains","#064000",846,12.4346153846154,97.6153846153846,0.436380126953125
97,"Bombus terrestris",46.94952,7.86955333,"inat","Cool Temperate","Moist","Forest","Mountains","Cool Temperate Moist",6,64,0,"Cool Temperate Moist Forest on Mountains","#064000",1017,11.4884615384616,102,0.246887719726563
97,"Dactylorhiza sambucina",46.12706518,7.07469885,"inat","Cool Temperate","Moist","Forest","Mountains","Cool Temperate Moist",6,64,0,"Cool Temperate Moist Forest on Mountains","#064000",843,12.9115384615385,76.6923076923077,0.251210620117187
97,"Dactylorhiza sambucina",46.3511981134,8.647204175,"inat","Cool Temperate","Moist","Forest","Mountains","Cool Temperate Moist",6,64,0,"Cool Temperate Moist Forest on Mountains","#064000",996,12.3038461538462,129.538461538462,0.581854541015625
97,"Dactylorhiza sambucina",46.3674926758,8.2213459015,"inat","Cool Temperate","Moist","Forest","Mountains","Cool Temperate Moist",6,64,0,"Cool Temperate Moist Forest on Mountains","#064000",1660,6.31153846153848,160.384615384615,0.74513115234375
97,"Dactylorhiza sambucina",46.5490284394,7.1958665524,"inat","Cool Temperate","Moist","Forest","Mountains","Cool Temperate Moist",6,64,0,"Cool Temperate Moist Forest on Mountains","#064000",1436,8.7884615384616,128,0.440591064453125
97,"Dactylorhiza sambucina",46.131106,7.085332,"inat","Cool Temperate","Moist","Forest","Mountains","Cool Temperate Moist",6,64,0,"Cool Temperate Moist Forest on Mountains","#064000",818,14.4576923076924,73.6153846153846,0.178467761230469
97,"Bombus terrestris",46.9445020556,8.4263596944,"inat","Cool Temperate","Moist","Forest","Mountains","Cool Temperate Moist",6,64,0,"Cool Temperate Moist Forest on Mountains","#064000",1696,7.09615384615387,139.615384615385,0.380756420898437
97,"Bombus terrestris",47.4858009,8.6007289,"inat","Cool Temperate","Moist","Forest","Mountains","Cool Temperate Moist",6,64,0,"Cool Temperate Moist Forest on Mountains","#064000",493,14.8192307692308,72.0769230769231,0.228533422851563
97,"Dactylorhiza sambucina",46.3413481997,7.6536664997,"inat","Cool Temperate","Moist","Forest","Mountains","Cool Temperate Moist",6,64,0,"Cool Temperate Moist Forest on Mountains","#064000",1878,6.69615384615389,106.307692307692,0.628174072265625
97,"Dactylorhiza sambucina",46.12337355,7.07039282,"inat","Cool Temperate","Moist","Forest","Mountains","Cool Temperate Moist",6,64,0,"Cool Temperate Moist Forest on Mountains","#064000",604,15.1038461538462,71.8461538461538,0.250240966796875
97,"Dactylorhiza sambucina",46.13121388,7.0709206,"inat","Cool Temperate","Moist","Forest","Mountains","Cool Temperate Moist",6,64,0,"Cool Temperate Moist Forest on Mountains","#064000",971,12.9115384615385,76.6923076923077,0.168545544433594
97,"Dactylorhiza sambucina",46.195225,8.1135805556,"inat","Cool Temperate","Moist","Forest","Mountains","Cool Temperate Moist",6,64,0,"Cool Temperate Moist Forest on Mountains","#064000",1152,9.17307692307696,129.692307692308,0.755174169921875
97,"Dactylorhiza sambucina",46.13121824,7.07091574,"inat","Cool Temperate","Moist","Forest","Mountains","Cool Temperate Moist",6,64,0,"Cool Temperate Moist Forest on Mountains","#064000",971,12.9115384615385,76.6923076923077,0.168545544433594
97,"Bombus terrestris",47.3817837442,8.0298759788,"inat","Cool Temperate","Moist","Forest","Mountains","Cool Temperate Moist",6,64,0,"Cool Temperate Moist Forest on Mountains","#064000",396,14.5961538461539,76.4615384615385,0.154976879882813
97,"Dactylorhiza sambucina",46.4281624564,6.1187675223,"inat","Cool Temperate","Moist","Forest","Mountains","Cool Temperate Moist",6,64,0,"Cool Temperate Moist Forest on Mountains","#064000",1510,8.75000000000006,145.307692307692,0.499366845703125
97,"Dactylorhiza sambucina",46.1305471667,7.9244533333,"inat","Cool Temperate","Moist","Forest","Mountains","Cool Temperate Moist",6,64,0,"Cool Temperate Moist Forest on Mountains","#064000",1881,4.41923076923081,141.615384615385,0.93420517578125
97,"Dactylorhiza sambucina",46.433695,6.09549,"inat","Cool Temperate","Moist","Forest","Mountains","Cool Temperate Moist",6,64,0,"Cool Temperate Moist Forest on Mountains","#064000",1453,9.36538461538464,144.384615384615,0.433834228515625
97,"Dactylorhiza sambucina",46.3191707014,7.8480712418,"inat","Cool Temperate","Moist","Forest","Mountains","Cool Temperate Moist",6,64,0,"Cool Temperate Moist Forest on Mountains","#064000",1260,9.19615384615389,84,0.337086376953125
97,"Dactylorhiza sambucina",46.12546275,7.06825205,"inat","Cool Temperate","Moist","Forest","Mountains","Cool Temperate Moist",6,64,0,"Cool Temperate Moist Forest on Mountains","#064000",509,12.9115384615385,76.6923076923077,0.238765478515625
97,"Bombus terrestris",46.506405,6.6359366667,"inat","Cool Temperate","Moist","Forest","Mountains","Cool Temperate Moist",6,64,0,"Cool Temperate Moist Forest on Mountains","#064000",373,15.0884615384616,89.6923076923077,0.31598916015625
97,"Dactylorhiza sambucina",46.1311120199,7.08534947,"inat","Cool Temperate","Moist","Forest","Mountains","Cool Temperate Moist",6,64,0,"Cool Temperate Moist Forest on Mountains","#064000",818,14.4576923076924,73.6153846153846,0.178467761230469
97,"Dactylorhiza sambucina",46.4729336799,6.1131573261,"inat","Cool Temperate","Moist","Forest","Mountains","Cool Temperate Moist",6,64,0,"Cool Temperate Moist Forest on Mountains","#064000",1382,9.51153846153846,137.615384615385,0.424534423828125
97,"Dactylorhiza sambucina",46.1660314149,7.1386922523,"inat","Cool Temperate","Moist","Forest","Mountains","Cool Temperate Moist",6,64,0,"Cool Temperate Moist Forest on Mountains","#064000",1328,11.0884615384616,109.846153846154,0.217719653320313
97,"Dactylorhiza sambucina",46.4611565904,6.11278884,"inat","Cool Temperate","Moist","Forest","Mountains","Cool Temperate Moist",6,64,0,"Cool Temperate Moist Forest on Mountains","#064000",1289,9.82692307692309,138.615384615385,0.411230908203125
97,"Dactylorhiza sambucina",46.3792533875,8.0415697098,"inat","Cool Temperate","Moist","Forest","Mountains","Cool Temperate Moist",6,64,0,"Cool Temperate Moist Forest on Mountains","#064000",1848,5.87307692307695,141.076923076923,0.67438134765625
97,"Dactylorhiza sambucina",46.1284677599,7.06464104,"inat","Cool Temperate","Moist","Forest","Mountains","Cool Temperate Moist",6,64,0,"Cool Temperate Moist Forest on Mountains","#064000",574,15.0576923076923,73.1538461538462,0.238765258789062
97,"Dactylorhiza sambucina",46.13717859,7.06619491,"inat","Cool Temperate","Moist","Forest","Mountains","Cool Temperate Moist",6,64,0,"Cool Temperate Moist Forest on Mountains","#064000",951,12.7884615384615,79.2307692307692,0.191771118164063
97,"Dactylorhiza sambucina",46.1221861111,7.0715333333,"inat","Cool Temperate","Moist","Forest","Mountains","Cool Temperate Moist",6,64,0,"Cool Temperate Moist Forest on Mountains","#064000",543,15.1038461538462,71.8461538461538,0.250236108398438
97,"Bombus terrestris",46.8476533333,10.41253,"inat","Cool Temperate","Moist","Forest","Mountains","Cool Temperate Moist",6,64,0,"Cool Temperate Moist Forest on Mountains","#064000",1314,9.40384615384619,64.4615384615385,1.0435962890625
97,"Dactylorhiza sambucina",46.1226278333,7.0706305,"inat","Cool Temperate","Moist","Forest","Mountains","Cool Temperate Moist",6,64,0,"Cool Temperate Moist Forest on Mountains","#064000",517,15.1038461538462,71.8461538461538,0.250236108398438
97,"Dactylorhiza sambucina",46.1226888333,7.0706805,"inat","Cool Temperate","Moist","Forest","Mountains","Cool Temperate Moist",6,64,0,"Cool Temperate Moist Forest on Mountains","#064000",517,15.1038461538462,71.8461538461538,0.250236108398438
97,"Dactylorhiza sambucina",46.12331844,7.07043044,"inat","Cool Temperate","Moist","Forest","Mountains","Cool Temperate Moist",6,64,0,"Cool Temperate Moist Forest on Mountains","#064000",517,15.1038461538462,71.8461538461538,0.250240966796875
97,"Dactylorhiza sambucina",46.1221971667,7.0719111667,"inat","Cool Temperate","Moist","Forest","Mountains","Cool Temperate Moist",6,64,0,"Cool Temperate Moist Forest on Mountains","#064000",543,15.1038461538462,71.8461538461538,0.250236108398438
97,"Dactylorhiza sambucina",46.128675,7.042480555,"inat","Cool Temperate","Moist","Forest","Mountains","Cool Temperate Moist",6,64,0,"Cool Temperate Moist Forest on Mountains","#064000",526,15.2192307692308,77.6153846153846,0.35757373046875
97,"Dactylorhiza sambucina",46.12847783,7.06481667,"inat","Cool Temperate","Moist","Forest","Mountains","Cool Temperate Moist",6,64,0,"Cool Temperate Moist Forest on Mountains","#064000",574,15.0576923076923,73.1538461538462,0.238765258789062
97,"Dactylorhiza sambucina",46.1255043101,7.06815725,"inat","Cool Temperate","Moist","Forest","Mountains","Cool Temperate Moist",6,64,0,"Cool Temperate Moist Forest on Mountains","#064000",509,12.9115384615385,76.6923076923077,0.238765478515625
97,"Bombus terrestris",47.3347596565,7.1371700774,"inat","Cool Temperate","Moist","Forest","Mountains","Cool Temperate Moist",6,64,0,"Cool Temperate Moist Forest on Mountains","#064000",473,13.8038461538462,81.8461538461538,0.227023803710937
97,"Bombus terrestris",46.21171,7.20349,"inat","Cool Temperate","Moist","Forest","Mountains","Cool Temperate Moist",6,64,0,"Cool Temperate Moist Forest on Mountains","#064000",881,12.4346153846154,97.6153846153846,0.436379248046875
97,"Dactylorhiza sambucina",46.4468890988,8.9359975642,"inat","Cool Temperate","Moist","Forest","Mountains","Cool Temperate Moist",6,64,0,"Cool Temperate Moist Forest on Mountains","#064000",678,13.5038461538462,104.384615384615,0.3308439453125
97,"Dactylorhiza sambucina",46.1312167899,7.07091736,"inat","Cool Temperate","Moist","Forest","Mountains","Cool Temperate Moist",6,64,0,"Cool Temperate Moist Forest on Mountains","#064000",971,12.9115384615385,76.6923076923077,0.168545544433594
97,"Dactylorhiza sambucina",46.12549547,7.0682209,"inat","Cool Temperate","Moist","Forest","Mountains","Cool Temperate Moist",6,64,0,"Cool Temperate Moist Forest on Mountains","#064000",509,12.9115384615385,76.6923076923077,0.238765478515625
97,"Dactylorhiza sambucina",46.12549342,7.06822683,"inat","Cool Temperate","Moist","Forest","Mountains","Cool Temperate Moist",6,64,0,"Cool Temperate Moist Forest on Mountains","#064000",509,12.9115384615385,76.6923076923077,0.238765478515625
97,"Dactylorhiza sambucina",46.3012529502,8.0424812453,"inat","Cool Temperate","Moist","Forest","Mountains","Cool Temperate Moist",6,64,0,"Cool Temperate Moist Forest on Mountains","#064000",1601,6.15769230769234,117.846153846154,0.8486505859375
97,"Dactylorhiza sambucina",46.32909,7.6646780997,"inat","Cool Temperate","Moist","Forest","Mountains","Cool Temperate Moist",6,64,0,"Cool Temperate Moist Forest on Mountains","#064000",1597,8.02692307692314,93.6153846153846,0.567393310546875
97,"Dactylorhiza sambucina",46.12546419,7.06824242,"inat","Cool Temperate","Moist","Forest","Mountains","Cool Temperate Moist",6,64,0,"Cool Temperate Moist Forest on Mountains","#064000",509,12.9115384615385,76.6923076923077,0.238765478515625
97,"Dactylorhiza sambucina",46.12713614,7.07405311,"inat","Cool Temperate","Moist","Forest","Mountains","Cool Temperate Moist",6,64,0,"Cool Temperate Moist Forest on Mountains","#064000",843,12.9115384615385,76.6923076923077,0.251211083984375
97,"Dactylorhiza sambucina",46.1312276,7.07091937,"inat","Cool Temperate","Moist","Forest","Mountains","Cool Temperate Moist",6,64,0,"Cool Temperate Moist Forest on Mountains","#064000",971,12.9115384615385,76.6923076923077,0.168545544433594
97,"Dactylorhiza sambucina",46.131726,7.08654622,"inat","Cool Temperate","Moist","Forest","Mountains","Cool Temperate Moist",6,64,0,"Cool Temperate Moist Forest on Mountains","#064000",752,14.4576923076924,73.6153846153846,0.178468237304687
97,"Dactylorhiza sambucina",46.1311109,7.08534643,"inat","Cool Temperate","Moist","Forest","Mountains","Cool Temperate Moist",6,64,0,"Cool Temperate Moist Forest on Mountains","#064000",818,14.4576923076924,73.6153846153846,0.178467761230469
97,"Dactylorhiza sambucina",46.12338522,7.07036919,"inat","Cool Temperate","Moist","Forest","Mountains","Cool Temperate Moist",6,64,0,"Cool Temperate Moist Forest on Mountains","#064000",604,15.1038461538462,71.8461538461538,0.250240966796875
97,"Dactylorhiza sambucina",46.130454,7.0836015,"inat","Cool Temperate","Moist","Forest","Mountains","Cool Temperate Moist",6,64,0,"Cool Temperate Moist Forest on Mountains","#064000",751,14.4576923076924,73.6153846153846,0.178467761230469
97,"Bombus terrestris",46.3914313954,6.9464730844,"inat","Cool Temperate","Moist","Forest","Mountains","Cool Temperate Moist",6,64,0,"Cool Temperate Moist Forest on Mountains","#064000",813,12.5115384615385,87.9230769230769,0.424796728515625
97,"Bombus terrestris",46.9490934444,7.8691221587,"inat","Cool Temperate","Moist","Forest","Mountains","Cool Temperate Moist",6,64,0,"Cool Temperate Moist Forest on Mountains","#064000",1039,11.4884615384616,102,0.246887719726563
97,"Bombus terrestris",46.2106388889,7.2046666667,"inat","Cool Temperate","Moist","Forest","Mountains","Cool Temperate Moist",6,64,0,"Cool Temperate Moist Forest on Mountains","#064000",881,12.4346153846154,97.6153846153846,0.436380126953125
97,"Dactylorhiza sambucina",46.1312201801,7.07091358,"inat","Cool Temperate","Moist","Forest","Mountains","Cool Temperate Moist",6,64,0,"Cool Temperate Moist Forest on Mountains","#064000",971,12.9115384615385,76.6923076923077,0.168545544433594
97,"Dactylorhiza sambucina",46.12331584,7.07043105,"inat","Cool Temperate","Moist","Forest","Mountains","Cool Temperate Moist",6,64,0,"Cool Temperate Moist Forest on Mountains","#064000",517,15.1038461538462,71.8461538461538,0.250240966796875
97,"Dactylorhiza sambucina",46.1312333899,7.07091937,"inat","Cool Temperate","Moist","Forest","Mountains","Cool Temperate Moist",6,64,0,"Cool Temperate Moist Forest on Mountains","#064000",971,12.9115384615385,76.6923076923077,0.168545544433594
97,"Dactylorhiza sambucina",46.130454,7.0836015,"inat","Cool Temperate","Moist","Forest","Mountains","Cool Temperate Moist",6,64,0,"Cool Temperate Moist Forest on Mountains","#064000",751,14.4576923076924,73.6153846153846,0.178467761230469
97,"Dactylorhiza sambucina",46.13122643,7.07091807,"inat","Cool Temperate","Moist","Forest","Mountains","Cool Temperate Moist",6,64,0,"Cool Temperate Moist Forest on Mountains","#064000",971,12.9115384615385,76.6923076923077,0.168545544433594
97,"Dactylorhiza sambucina",46.12713296,7.0747903,"inat","Cool Temperate","Moist","Forest","Mountains","Cool Temperate Moist",6,64,0,"Cool Temperate Moist Forest on Mountains","#064000",843,12.9115384615385,76.6923076923077,0.251211083984375
97,"Dactylorhiza sambucina",46.13123117,7.07091937,"inat","Cool Temperate","Moist","Forest","Mountains","Cool Temperate Moist",6,64,0,"Cool Temperate Moist Forest on Mountains","#064000",971,12.9115384615385,76.6923076923077,0.168545544433594
97,"Dactylorhiza sambucina",46.12682196,7.06683213,"inat","Cool Temperate","Moist","Forest","Mountains","Cool Temperate Moist",6,64,0,"Cool Temperate Moist Forest on Mountains","#064000",575,12.9115384615385,76.6923076923077,0.23876005859375
97,"Dactylorhiza sambucina",46.13111269,7.08535129,"inat","Cool Temperate","Moist","Forest","Mountains","Cool Temperate Moist",6,64,0,"Cool Temperate Moist Forest on Mountains","#064000",818,14.4576923076924,73.6153846153846,0.178467761230469
97,"Bombus terrestris",46.1541412795,8.6375570726,"inat","Cool Temperate","Moist","Forest","Mountains","Cool Temperate Moist",6,64,0,"Cool Temperate Moist Forest on Mountains","#064000",673,14.0884615384616,131.692307692308,0.4647423828125
97,"Dactylorhiza sambucina",46.1270685,7.07470539,"inat","Cool Temperate","Moist","Forest","Mountains","Cool Temperate Moist",6,64,0,"Cool Temperate Moist Forest on Mountains","#064000",843,12.9115384615385,76.6923076923077,0.251210620117187
97,"Dactylorhiza sambucina",46.12333495,7.07042844,"inat","Cool Temperate","Moist","Forest","Mountains","Cool Temperate Moist",6,64,0,"Cool Temperate Moist Forest on Mountains","#064000",517,15.1038461538462,71.8461538461538,0.250240966796875
97,"Bombus terrestris",46.5380598653,6.6387948766,"inat","Cool Temperate","Moist","Forest","Mountains","Cool Temperate Moist",6,64,0,"Cool Temperate Moist Forest on Mountains","#064000",669,13.4423076923077,98,0.157297985839844
97,"Bombus terrestris",47.4666905372,7.9107937219,"inat","Cool Temperate","Moist","Forest","Mountains","Cool Temperate Moist",6,64,0,"Cool Temperate Moist Forest on Mountains","#064000",573,13.5423076923078,84.6923076923077,0.178435437011719
97,"Dactylorhiza sambucina",46.1312252601,7.07091677,"inat","Cool Temperate","Moist","Forest","Mountains","Cool Temperate Moist",6,64,0,"Cool Temperate Moist Forest on Mountains","#064000",971,12.9115384615385,76.6923076923077,0.168545544433594
97,"Dactylorhiza sambucina",46.12331412,7.07043145,"inat","Cool Temperate","Moist","Forest","Mountains","Cool Temperate Moist",6,64,0,"Cool Temperate Moist Forest on Mountains","#064000",517,15.1038461538462,71.8461538461538,0.250240966796875
97,"Bombus terrestris",46.4636111111,8.9416666667,"inat","Cool Temperate","Moist","Forest","Mountains","Cool Temperate Moist",6,64,0,"Cool Temperate Moist Forest on Mountains","#064000",576,12.973076923077,98.1538461538462,0.365817578125
97,"Bombus terrestris",46.0599,7.54695,"inat","Cool Temperate","Moist","Forest","Mountains","Cool Temperate Moist",6,64,0,"Cool Temperate Moist Forest on Mountains","#064000",1852,5.73461538461544,91.9230769230769,1.01522470703125
97,"Dactylorhiza sambucina",46.1232078,7.07048858,"inat","Cool Temperate","Moist","Forest","Mountains","Cool Temperate Moist",6,64,0,"Cool Temperate Moist Forest on Mountains","#064000",517,15.1038461538462,71.8461538461538,0.250240966796875
97,"Dactylorhiza sambucina",46.54643,7.1931133333,"inat","Cool Temperate","Moist","Forest","Mountains","Cool Temperate Moist",6,64,0,"Cool Temperate Moist Forest on Mountains","#064000",1445,8.7884615384616,128,0.435079052734375
97,"Dactylorhiza sambucina",46.1251386004,7.0729818195,"inat","Cool Temperate","Moist","Forest","Mountains","Cool Temperate Moist",6,64,0,"Cool Temperate Moist Forest on Mountains","#064000",677,12.9115384615385,76.6923076923077,0.251210620117187
97,"Dactylorhiza sambucina",46.0606809322,7.0616618706,"inat","Cool Temperate","Moist","Forest","Mountains","Cool Temperate Moist",6,64,0,"Cool Temperate Moist Forest on Mountains","#064000",1562,9.10384615384618,121.615384615385,0.491151806640625
97,"Dactylorhiza sambucina",46.12332448,7.07042904,"inat","Cool Temperate","Moist","Forest","Mountains","Cool Temperate Moist",6,64,0,"Cool Temperate Moist Forest on Mountains","#064000",517,15.1038461538462,71.8461538461538,0.250240966796875
97,"Dactylorhiza sambucina",46.12321216,7.07049271,"inat","Cool Temperate","Moist","Forest","Mountains","Cool Temperate Moist",6,64,0,"Cool Temperate Moist Forest on Mountains","#064000",517,15.1038461538462,71.8461538461538,0.250240966796875
97,"Bombus terrestris",47.5060299962,7.8053194763,"inat","Cool Temperate","Moist","Forest","Mountains","Cool Temperate Moist",6,64,0,"Cool Temperate Moist Forest on Mountains","#064000",410,14.7730769230769,74.2307692307692,0.119310998535156
97,"Bombus terrestris",47.39793,8.5513083333,"inat","Cool Temperate","Moist","Forest","Mountains","Cool Temperate Moist",6,64,0,"Cool Temperate Moist Forest on Mountains","#064000",494,14.4884615384616,69.6923076923077,0.227036499023438
101,"Bombus terrestris",46.5886888889,6.7067111111,"inat","Cool Temperate","Moist","Forest","Tablelands","Cool Temperate Moist",71,89,181,"Cool Temperate Moist Forest on Tablelands","#4759B5",906,12.0961538461539,110,0.189766845703125
101,"Bombus terrestris",46.5770430782,6.6409560766,"inat","Cool Temperate","Moist","Forest","Tablelands","Cool Temperate Moist",71,89,181,"Cool Temperate Moist Forest on Tablelands","#4759B5",722,13.15,98.2307692307692,0.178413500976563
102,"Bombus terrestris",46.5434565589,6.6762914108,"inat","Cool Temperate","Moist","Cropland","Tablelands","Cool Temperate Moist",99,97,160,"Cool Temperate Moist Cropland on Tablelands","#6361A0",760,12.6346153846154,110.076923076923,0.272668481445313
103,"Dactylorhiza sambucina",46.1283383,7.0850989,"inat","Cool Temperate","Moist","Cropland","Mountains","Cool Temperate Moist",33,102,5,"Cool Temperate Moist Cropland on Mountains","#216605",683,14.4576923076924,73.6153846153846,0.201534143066406
103,"Dactylorhiza sambucina",46.1286510101,7.08548418,"inat","Cool Temperate","Moist","Cropland","Mountains","Cool Temperate Moist",33,102,5,"Cool Temperate Moist Cropland on Mountains","#216605",683,14.4576923076924,73.6153846153846,0.201532373046875
103,"Dactylorhiza sambucina",46.1300188801,7.0827705599,"inat","Cool Temperate","Moist","Cropland","Mountains","Cool Temperate Moist",33,102,5,"Cool Temperate Moist Cropland on Mountains","#216605",751,12.9038461538462,76.6923076923077,0.178467761230469
103,"Dactylorhiza sambucina",46.12695327,7.0825575501,"inat","Cool Temperate","Moist","Cropland","Mountains","Cool Temperate Moist",33,102,5,"Cool Temperate Moist Cropland on Mountains","#216605",630,12.9038461538462,76.6923076923077,0.201531811523437
103,"Dactylorhiza sambucina",46.12498855,7.0796115799,"inat","Cool Temperate","Moist","Cropland","Mountains","Cool Temperate Moist",33,102,5,"Cool Temperate Moist Cropland on Mountains","#216605",570,12.9038461538462,76.6923076923077,0.249126806640625
103,"Dactylorhiza sambucina",46.12498891,7.07960418,"inat","Cool Temperate","Moist","Cropland","Mountains","Cool Temperate Moist",33,102,5,"Cool Temperate Moist Cropland on Mountains","#216605",570,12.9038461538462,76.6923076923077,0.249126806640625
103,"Dactylorhiza sambucina",46.125094,7.08041289,"inat","Cool Temperate","Moist","Cropland","Mountains","Cool Temperate Moist",33,102,5,"Cool Temperate Moist Cropland on Mountains","#216605",570,12.9038461538462,76.6923076923077,0.202736584472656
103,"Dactylorhiza sambucina",46.12993,7.082074,"inat","Cool Temperate","Moist","Cropland","Mountains","Cool Temperate Moist",33,102,5,"Cool Temperate Moist Cropland on Mountains","#216605",751,12.9038461538462,76.6923076923077,0.167194421386719
103,"Dactylorhiza sambucina",46.1277750489,7.0648264537,"inat","Cool Temperate","Moist","Cropland","Mountains","Cool Temperate Moist",33,102,5,"Cool Temperate Moist Cropland on Mountains","#216605",480,15.0576923076923,73.1538461538462,0.238765258789062
103,"Dactylorhiza sambucina",46.1299302,7.0822268,"inat","Cool Temperate","Moist","Cropland","Mountains","Cool Temperate Moist",33,102,5,"Cool Temperate Moist Cropland on Mountains","#216605",751,12.9038461538462,76.6923076923077,0.167194421386719
103,"Dactylorhiza sambucina",46.125,7.0797222222,"inat","Cool Temperate","Moist","Cropland","Mountains","Cool Temperate Moist",33,102,5,"Cool Temperate Moist Cropland on Mountains","#216605",570,12.9038461538462,76.6923076923077,0.202736584472656
103,"Dactylorhiza sambucina",46.1251075205,7.0811862583,"inat","Cool Temperate","Moist","Cropland","Mountains","Cool Temperate Moist",33,102,5,"Cool Temperate Moist Cropland on Mountains","#216605",534,12.9038461538462,76.6923076923077,0.202736584472656
103,"Dactylorhiza sambucina",46.12606357,7.08110051,"inat","Cool Temperate","Moist","Cropland","Mountains","Cool Temperate Moist",33,102,5,"Cool Temperate Moist Cropland on Mountains","#216605",696,12.9038461538462,76.6923076923077,0.202736584472656
103,"Dactylorhiza sambucina",46.12659197,7.08175651,"inat","Cool Temperate","Moist","Cropland","Mountains","Cool Temperate Moist",33,102,5,"Cool Temperate Moist Cropland on Mountains","#216605",630,12.9038461538462,76.6923076923077,0.202736584472656
103,"Dactylorhiza sambucina",46.12605158,7.08105673,"inat","Cool Temperate","Moist","Cropland","Mountains","Cool Temperate Moist",33,102,5,"Cool Temperate Moist Cropland on Mountains","#216605",696,12.9038461538462,76.6923076923077,0.202736584472656
103,"Dactylorhiza sambucina",46.1250855,7.080343,"inat","Cool Temperate","Moist","Cropland","Mountains","Cool Temperate Moist",33,102,5,"Cool Temperate Moist Cropland on Mountains","#216605",570,12.9038461538462,76.6923076923077,0.202736584472656
103,"Dactylorhiza sambucina",46.1251856,7.0816306997,"inat","Cool Temperate","Moist","Cropland","Mountains","Cool Temperate Moist",33,102,5,"Cool Temperate Moist Cropland on Mountains","#216605",534,12.9038461538462,76.6923076923077,0.202736584472656
103,"Dactylorhiza sambucina",46.1254881799,7.0796780943,"inat","Cool Temperate","Moist","Cropland","Mountains","Cool Temperate Moist",33,102,5,"Cool Temperate Moist Cropland on Mountains","#216605",570,12.9038461538462,76.6923076923077,0.202736584472656
103,"Dactylorhiza sambucina",46.12608896,7.0812329799,"inat","Cool Temperate","Moist","Cropland","Mountains","Cool Temperate Moist",33,102,5,"Cool Temperate Moist Cropland on Mountains","#216605",630,12.9038461538462,76.6923076923077,0.202736584472656
103,"Dactylorhiza sambucina",46.126025,7.080825,"inat","Cool Temperate","Moist","Cropland","Mountains","Cool Temperate Moist",33,102,5,"Cool Temperate Moist Cropland on Mountains","#216605",696,12.9038461538462,76.6923076923077,0.202736584472656
103,"Dactylorhiza sambucina",46.1292524901,7.08518019,"inat","Cool Temperate","Moist","Cropland","Mountains","Cool Temperate Moist",33,102,5,"Cool Temperate Moist Cropland on Mountains","#216605",683,14.4576923076924,73.6153846153846,0.178467761230469
103,"Dactylorhiza sambucina",46.1250735,7.080298,"inat","Cool Temperate","Moist","Cropland","Mountains","Cool Temperate Moist",33,102,5,"Cool Temperate Moist Cropland on Mountains","#216605",570,12.9038461538462,76.6923076923077,0.202736584472656
103,"Dactylorhiza sambucina",46.12607,7.0811933333,"inat","Cool Temperate","Moist","Cropland","Mountains","Cool Temperate Moist",33,102,5,"Cool Temperate Moist Cropland on Mountains","#216605",630,12.9038461538462,76.6923076923077,0.202736584472656
103,"Dactylorhiza sambucina",46.13007575,7.08288445,"inat","Cool Temperate","Moist","Cropland","Mountains","Cool Temperate Moist",33,102,5,"Cool Temperate Moist Cropland on Mountains","#216605",751,12.9038461538462,76.6923076923077,0.178467761230469
103,"Dactylorhiza sambucina",46.12659554,7.0817613699,"inat","Cool Temperate","Moist","Cropland","Mountains","Cool Temperate Moist",33,102,5,"Cool Temperate Moist Cropland on Mountains","#216605",630,12.9038461538462,76.6923076923077,0.202736584472656
103,"Dactylorhiza sambucina",46.1251075205,7.0811862583,"inat","Cool Temperate","Moist","Cropland","Mountains","Cool Temperate Moist",33,102,5,"Cool Temperate Moist Cropland on Mountains","#216605",534,12.9038461538462,76.6923076923077,0.202736584472656
103,"Dactylorhiza sambucina",46.125186,7.081631,"gbif","Cool Temperate","Moist","Cropland","Mountains","Cool Temperate Moist",33,102,5,"Cool Temperate Moist Cropland on Mountains","#216605",534,12.9038461538462,76.6923076923077,0.202736584472656
103,"Dactylorhiza sambucina",46.126924,7.082536,"inat","Cool Temperate","Moist","Cropland","Mountains","Cool Temperate Moist",33,102,5,"Cool Temperate Moist Cropland on Mountains","#216605",630,12.9038461538462,76.6923076923077,0.201531811523437
103,"Dactylorhiza sambucina",46.1291969999,7.08504822,"inat","Cool Temperate","Moist","Cropland","Mountains","Cool Temperate Moist",33,102,5,"Cool Temperate Moist Cropland on Mountains","#216605",683,14.4576923076924,73.6153846153846,0.178467761230469
103,"Dactylorhiza sambucina",46.12498814,7.07961989,"inat","Cool Temperate","Moist","Cropland","Mountains","Cool Temperate Moist",33,102,5,"Cool Temperate Moist Cropland on Mountains","#216605",570,12.9038461538462,76.6923076923077,0.249126806640625
103,"Dactylorhiza sambucina",46.1284773,7.085328,"inat","Cool Temperate","Moist","Cropland","Mountains","Cool Temperate Moist",33,102,5,"Cool Temperate Moist Cropland on Mountains","#216605",683,14.4576923076924,73.6153846153846,0.201532373046875
103,"Dactylorhiza sambucina",46.12635593,7.08164116,"inat","Cool Temperate","Moist","Cropland","Mountains","Cool Temperate Moist",33,102,5,"Cool Temperate Moist Cropland on Mountains","#216605",630,12.9038461538462,76.6923076923077,0.202736584472656
103,"Dactylorhiza sambucina",46.12993541,7.08215359,"inat","Cool Temperate","Moist","Cropland","Mountains","Cool Temperate Moist",33,102,5,"Cool Temperate Moist Cropland on Mountains","#216605",751,12.9038461538462,76.6923076923077,0.167194421386719
103,"Dactylorhiza sambucina",46.12838333,7.085242,"inat","Cool Temperate","Moist","Cropland","Mountains","Cool Temperate Moist",33,102,5,"Cool Temperate Moist Cropland on Mountains","#216605",683,14.4576923076924,73.6153846153846,0.201534143066406
103,"Dactylorhiza sambucina",46.1252267,7.08177636,"inat","Cool Temperate","Moist","Cropland","Mountains","Cool Temperate Moist",33,102,5,"Cool Temperate Moist Cropland on Mountains","#216605",534,12.9038461538462,76.6923076923077,0.202736584472656
103,"Dactylorhiza sambucina",46.1283656,7.0852148,"inat","Cool Temperate","Moist","Cropland","Mountains","Cool Temperate Moist",33,102,5,"Cool Temperate Moist Cropland on Mountains","#216605",683,14.4576923076924,73.6153846153846,0.201534143066406
103,"Dactylorhiza sambucina",46.1264174,7.08171107,"inat","Cool Temperate","Moist","Cropland","Mountains","Cool Temperate Moist",33,102,5,"Cool Temperate Moist Cropland on Mountains","#216605",630,12.9038461538462,76.6923076923077,0.202736584472656
103,"Dactylorhiza sambucina",46.12668274,7.0819618799,"inat","Cool Temperate","Moist","Cropland","Mountains","Cool Temperate Moist",33,102,5,"Cool Temperate Moist Cropland on Mountains","#216605",630,12.9038461538462,76.6923076923077,0.202736584472656
103,"Dactylorhiza sambucina",46.417225,7.783745,"inat","Cool Temperate","Moist","Cropland","Mountains","Cool Temperate Moist",33,102,5,"Cool Temperate Moist Cropland on Mountains","#216605",1995,4.32692307692309,154.538461538462,0.48232666015625
103,"Bombus terrestris",46.5242246191,6.6801260412,"inat","Cool Temperate","Moist","Cropland","Mountains","Cool Temperate Moist",33,102,5,"Cool Temperate Moist Cropland on Mountains","#216605",627,13.7038461538462,103.615384615385,0.140479138183594
103,"Dactylorhiza sambucina",46.12919952,7.08505003,"inat","Cool Temperate","Moist","Cropland","Mountains","Cool Temperate Moist",33,102,5,"Cool Temperate Moist Cropland on Mountains","#216605",683,14.4576923076924,73.6153846153846,0.178467761230469
103,"Dactylorhiza sambucina",46.12584572,7.0798580099,"inat","Cool Temperate","Moist","Cropland","Mountains","Cool Temperate Moist",33,102,5,"Cool Temperate Moist Cropland on Mountains","#216605",696,12.9038461538462,76.6923076923077,0.202736584472656
103,"Dactylorhiza sambucina",46.12610211,7.08130786,"inat","Cool Temperate","Moist","Cropland","Mountains","Cool Temperate Moist",33,102,5,"Cool Temperate Moist Cropland on Mountains","#216605",630,12.9038461538462,76.6923076923077,0.202736584472656
103,"Dactylorhiza sambucina",46.12920861,7.08512246,"inat","Cool Temperate","Moist","Cropland","Mountains","Cool Temperate Moist",33,102,5,"Cool Temperate Moist Cropland on Mountains","#216605",683,14.4576923076924,73.6153846153846,0.178467761230469
103,"Dactylorhiza sambucina",46.1290895499,7.0822286501,"inat","Cool Temperate","Moist","Cropland","Mountains","Cool Temperate Moist",33,102,5,"Cool Temperate Moist Cropland on Mountains","#216605",751,12.9038461538462,76.6923076923077,0.202737145996094
103,"Dactylorhiza sambucina",46.1283963099,7.08525385,"inat","Cool Temperate","Moist","Cropland","Mountains","Cool Temperate Moist",33,102,5,"Cool Temperate Moist Cropland on Mountains","#216605",683,14.4576923076924,73.6153846153846,0.201534143066406
103,"Dactylorhiza sambucina",46.1260883099,7.08122804,"inat","Cool Temperate","Moist","Cropland","Mountains","Cool Temperate Moist",33,102,5,"Cool Temperate Moist Cropland on Mountains","#216605",630,12.9038461538462,76.6923076923077,0.202736584472656
103,"Dactylorhiza sambucina",46.129122,7.0825909999,"inat","Cool Temperate","Moist","Cropland","Mountains","Cool Temperate Moist",33,102,5,"Cool Temperate Moist Cropland on Mountains","#216605",751,12.9038461538462,76.6923076923077,0.201534143066406
103,"Dactylorhiza sambucina",46.1300754401,7.08288416,"inat","Cool Temperate","Moist","Cropland","Mountains","Cool Temperate Moist",33,102,5,"Cool Temperate Moist Cropland on Mountains","#216605",751,12.9038461538462,76.6923076923077,0.178467761230469
103,"Dactylorhiza sambucina",46.13007554,7.08288426,"inat","Cool Temperate","Moist","Cropland","Mountains","Cool Temperate Moist",33,102,5,"Cool Temperate Moist Cropland on Mountains","#216605",751,12.9038461538462,76.6923076923077,0.178467761230469
103,"Dactylorhiza sambucina",46.12920963,7.08506723,"inat","Cool Temperate","Moist","Cropland","Mountains","Cool Temperate Moist",33,102,5,"Cool Temperate Moist Cropland on Mountains","#216605",683,14.4576923076924,73.6153846153846,0.178467761230469
103,"Dactylorhiza sambucina",46.1274939025,7.0833322208,"inat","Cool Temperate","Moist","Cropland","Mountains","Cool Temperate Moist",33,102,5,"Cool Temperate Moist Cropland on Mountains","#216605",630,14.4576923076924,73.6153846153846,0.201534143066406
103,"Dactylorhiza sambucina",46.1283385,7.0851015,"inat","Cool Temperate","Moist","Cropland","Mountains","Cool Temperate Moist",33,102,5,"Cool Temperate Moist Cropland on Mountains","#216605",683,14.4576923076924,73.6153846153846,0.201534143066406
103,"Dactylorhiza sambucina",46.1249094503,7.0782278851,"inat","Cool Temperate","Moist","Cropland","Mountains","Cool Temperate Moist",33,102,5,"Cool Temperate Moist Cropland on Mountains","#216605",625,12.9038461538462,76.6923076923077,0.249130444335938
103,"Dactylorhiza sambucina",46.1260517799,7.08105744,"inat","Cool Temperate","Moist","Cropland","Mountains","Cool Temperate Moist",33,102,5,"Cool Temperate Moist Cropland on Mountains","#216605",696,12.9038461538462,76.6923076923077,0.202736584472656
103,"Dactylorhiza sambucina",46.12846033,7.0853095,"inat","Cool Temperate","Moist","Cropland","Mountains","Cool Temperate Moist",33,102,5,"Cool Temperate Moist Cropland on Mountains","#216605",683,14.4576923076924,73.6153846153846,0.201532373046875
103,"Dactylorhiza sambucina",46.1258138333,7.0797695,"inat","Cool Temperate","Moist","Cropland","Mountains","Cool Temperate Moist",33,102,5,"Cool Temperate Moist Cropland on Mountains","#216605",570,12.9038461538462,76.6923076923077,0.202736584472656
103,"Dactylorhiza sambucina",46.0183082443,7.0314562192,"inat","Cool Temperate","Moist","Cropland","Mountains","Cool Temperate Moist",33,102,5,"Cool Temperate Moist Cropland on Mountains","#216605",2246,3.65000000000003,184.307692307692,1.0865302734375
103,"Dactylorhiza sambucina",46.1260928,7.0812609001,"inat","Cool Temperate","Moist","Cropland","Mountains","Cool Temperate Moist",33,102,5,"Cool Temperate Moist Cropland on Mountains","#216605",630,12.9038461538462,76.6923076923077,0.202736584472656
103,"Dactylorhiza sambucina",46.12613685,7.08136548,"inat","Cool Temperate","Moist","Cropland","Mountains","Cool Temperate Moist",33,102,5,"Cool Temperate Moist Cropland on Mountains","#216605",630,12.9038461538462,76.6923076923077,0.202736584472656
103,"Dactylorhiza sambucina",46.12993424,7.08217076,"inat","Cool Temperate","Moist","Cropland","Mountains","Cool Temperate Moist",33,102,5,"Cool Temperate Moist Cropland on Mountains","#216605",751,12.9038461538462,76.6923076923077,0.167194421386719
103,"Dactylorhiza sambucina",46.1299295999,7.0822333999,"inat","Cool Temperate","Moist","Cropland","Mountains","Cool Temperate Moist",33,102,5,"Cool Temperate Moist Cropland on Mountains","#216605",751,12.9038461538462,76.6923076923077,0.167194421386719
103,"Dactylorhiza sambucina",46.12992689,7.0820615601,"inat","Cool Temperate","Moist","Cropland","Mountains","Cool Temperate Moist",33,102,5,"Cool Temperate Moist Cropland on Mountains","#216605",751,12.9038461538462,76.6923076923077,0.167194421386719
103,"Dactylorhiza sambucina",46.1260636699,7.0811008601,"inat","Cool Temperate","Moist","Cropland","Mountains","Cool Temperate Moist",33,102,5,"Cool Temperate Moist Cropland on Mountains","#216605",696,12.9038461538462,76.6923076923077,0.202736584472656
103,"Dactylorhiza sambucina",46.13001984,7.08277408,"inat","Cool Temperate","Moist","Cropland","Mountains","Cool Temperate Moist",33,102,5,"Cool Temperate Moist Cropland on Mountains","#216605",751,12.9038461538462,76.6923076923077,0.178467761230469
103,"Dactylorhiza sambucina",46.1300202,7.0827753999,"inat","Cool Temperate","Moist","Cropland","Mountains","Cool Temperate Moist",33,102,5,"Cool Temperate Moist Cropland on Mountains","#216605",751,12.9038461538462,76.6923076923077,0.178467761230469
103,"Dactylorhiza sambucina",46.12608593,7.08120995,"inat","Cool Temperate","Moist","Cropland","Mountains","Cool Temperate Moist",33,102,5,"Cool Temperate Moist Cropland on Mountains","#216605",630,12.9038461538462,76.6923076923077,0.202736584472656
103,"Dactylorhiza sambucina",46.1260841899,7.0811967999,"inat","Cool Temperate","Moist","Cropland","Mountains","Cool Temperate Moist",33,102,5,"Cool Temperate Moist Cropland on Mountains","#216605",630,12.9038461538462,76.6923076923077,0.202736584472656
103,"Dactylorhiza sambucina",46.12608398,7.0811951501,"inat","Cool Temperate","Moist","Cropland","Mountains","Cool Temperate Moist",33,102,5,"Cool Temperate Moist Cropland on Mountains","#216605",630,12.9038461538462,76.6923076923077,0.202736584472656
103,"Dactylorhiza sambucina",46.12608275,7.08118583,"inat","Cool Temperate","Moist","Cropland","Mountains","Cool Temperate Moist",33,102,5,"Cool Temperate Moist Cropland on Mountains","#216605",630,12.9038461538462,76.6923076923077,0.202736584472656
103,"Dactylorhiza sambucina",46.12635701,7.0816417,"inat","Cool Temperate","Moist","Cropland","Mountains","Cool Temperate Moist",33,102,5,"Cool Temperate Moist Cropland on Mountains","#216605",630,12.9038461538462,76.6923076923077,0.202736584472656
103,"Dactylorhiza sambucina",46.12608224,7.08118199,"inat","Cool Temperate","Moist","Cropland","Mountains","Cool Temperate Moist",33,102,5,"Cool Temperate Moist Cropland on Mountains","#216605",630,12.9038461538462,76.6923076923077,0.202736584472656
103,"Dactylorhiza sambucina",46.12855319,7.0853968,"inat","Cool Temperate","Moist","Cropland","Mountains","Cool Temperate Moist",33,102,5,"Cool Temperate Moist Cropland on Mountains","#216605",683,14.4576923076924,73.6153846153846,0.201532373046875
103,"Dactylorhiza sambucina",46.12604033,7.080923,"inat","Cool Temperate","Moist","Cropland","Mountains","Cool Temperate Moist",33,102,5,"Cool Temperate Moist Cropland on Mountains","#216605",696,12.9038461538462,76.6923076923077,0.202736584472656
103,"Dactylorhiza sambucina",46.12602805,7.0808104299,"inat","Cool Temperate","Moist","Cropland","Mountains","Cool Temperate Moist",33,102,5,"Cool Temperate Moist Cropland on Mountains","#216605",696,12.9038461538462,76.6923076923077,0.202736584472656
103,"Dactylorhiza sambucina",46.12608766,7.0812231099,"inat","Cool Temperate","Moist","Cropland","Mountains","Cool Temperate Moist",33,102,5,"Cool Temperate Moist Cropland on Mountains","#216605",630,12.9038461538462,76.6923076923077,0.202736584472656
103,"Dactylorhiza sambucina",46.12519595,7.0816424033,"inat","Cool Temperate","Moist","Cropland","Mountains","Cool Temperate Moist",33,102,5,"Cool Temperate Moist Cropland on Mountains","#216605",534,12.9038461538462,76.6923076923077,0.202736584472656
103,"Dactylorhiza sambucina",46.12601638,7.08062487,"inat","Cool Temperate","Moist","Cropland","Mountains","Cool Temperate Moist",33,102,5,"Cool Temperate Moist Cropland on Mountains","#216605",696,12.9038461538462,76.6923076923077,0.202736584472656
103,"Dactylorhiza sambucina",46.12575676,7.0796892699,"inat","Cool Temperate","Moist","Cropland","Mountains","Cool Temperate Moist",33,102,5,"Cool Temperate Moist Cropland on Mountains","#216605",570,12.9038461538462,76.6923076923077,0.202736584472656
103,"Dactylorhiza sambucina",46.1257565101,7.07968853,"inat","Cool Temperate","Moist","Cropland","Mountains","Cool Temperate Moist",33,102,5,"Cool Temperate Moist Cropland on Mountains","#216605",570,12.9038461538462,76.6923076923077,0.202736584472656
103,"Dactylorhiza sambucina",46.12850989,7.08535189,"inat","Cool Temperate","Moist","Cropland","Mountains","Cool Temperate Moist",33,102,5,"Cool Temperate Moist Cropland on Mountains","#216605",683,14.4576923076924,73.6153846153846,0.201532373046875
103,"Dactylorhiza sambucina",46.1249225,7.0780948001,"inat","Cool Temperate","Moist","Cropland","Mountains","Cool Temperate Moist",33,102,5,"Cool Temperate Moist Cropland on Mountains","#216605",625,12.9038461538462,76.6923076923077,0.249130444335938
103,"Dactylorhiza sambucina",46.12608137,7.08117542,"inat","Cool Temperate","Moist","Cropland","Mountains","Cool Temperate Moist",33,102,5,"Cool Temperate Moist Cropland on Mountains","#216605",630,12.9038461538462,76.6923076923077,0.202736584472656
103,"Dactylorhiza sambucina",46.1260811601,7.0811737699,"inat","Cool Temperate","Moist","Cropland","Mountains","Cool Temperate Moist",33,102,5,"Cool Temperate Moist Cropland on Mountains","#216605",630,12.9038461538462,76.6923076923077,0.202736584472656
103,"Dactylorhiza sambucina",46.11843,7.08292,"gbif","Cool Temperate","Moist","Cropland","Mountains","Cool Temperate Moist",33,102,5,"Cool Temperate Moist Cropland on Mountains","#216605",451,15.2500000000001,71,0.353284741210938
103,"Dactylorhiza sambucina",46.12993,7.082074,"inat","Cool Temperate","Moist","Cropland","Mountains","Cool Temperate Moist",33,102,5,"Cool Temperate Moist Cropland on Mountains","#216605",751,12.9038461538462,76.6923076923077,0.167194421386719
103,"Bombus terrestris",47.0751669157,7.3427852243,"inat","Cool Temperate","Moist","Cropland","Mountains","Cool Temperate Moist",33,102,5,"Cool Temperate Moist Cropland on Mountains","#216605",532,14.3038461538462,71.3846153846154,0.155395031738281
103,"Dactylorhiza sambucina",46.1263248099,7.08162589,"inat","Cool Temperate","Moist","Cropland","Mountains","Cool Temperate Moist",33,102,5,"Cool Temperate Moist Cropland on Mountains","#216605",630,12.9038461538462,76.6923076923077,0.202736584472656
103,"Dactylorhiza sambucina",46.129931,7.082218,"inat","Cool Temperate","Moist","Cropland","Mountains","Cool Temperate Moist",33,102,5,"Cool Temperate Moist Cropland on Mountains","#216605",751,12.9038461538462,76.6923076923077,0.167194421386719
103,"Dactylorhiza sambucina",46.1304086899,7.08353897,"inat","Cool Temperate","Moist","Cropland","Mountains","Cool Temperate Moist",33,102,5,"Cool Temperate Moist Cropland on Mountains","#216605",751,14.4576923076924,73.6153846153846,0.178467761230469
103,"Dactylorhiza sambucina",46.1249882699,7.07961712,"inat","Cool Temperate","Moist","Cropland","Mountains","Cool Temperate Moist",33,102,5,"Cool Temperate Moist Cropland on Mountains","#216605",570,12.9038461538462,76.6923076923077,0.249126806640625
103,"Dactylorhiza sambucina",46.12498809,7.07962082,"inat","Cool Temperate","Moist","Cropland","Mountains","Cool Temperate Moist",33,102,5,"Cool Temperate Moist Cropland on Mountains","#216605",570,12.9038461538462,76.6923076923077,0.249126806640625
103,"Dactylorhiza sambucina",46.13989395,7.050641,"inat","Cool Temperate","Moist","Cropland","Mountains","Cool Temperate Moist",33,102,5,"Cool Temperate Moist Cropland on Mountains","#216605",482,14.9653846153847,75.5384615384615,0.262904345703125
103,"Dactylorhiza sambucina",46.12507651,7.08031217,"inat","Cool Temperate","Moist","Cropland","Mountains","Cool Temperate Moist",33,102,5,"Cool Temperate Moist Cropland on Mountains","#216605",570,12.9038461538462,76.6923076923077,0.202736584472656
103,"Dactylorhiza sambucina",46.12844339,7.08529442,"inat","Cool Temperate","Moist","Cropland","Mountains","Cool Temperate Moist",33,102,5,"Cool Temperate Moist Cropland on Mountains","#216605",683,14.4576923076924,73.6153846153846,0.201532373046875
103,"Dactylorhiza sambucina",46.1260033333,7.0797483333,"inat","Cool Temperate","Moist","Cropland","Mountains","Cool Temperate Moist",33,102,5,"Cool Temperate Moist Cropland on Mountains","#216605",696,12.9038461538462,76.6923076923077,0.202736584472656
103,"Dactylorhiza sambucina",46.13001852,7.0827692402,"inat","Cool Temperate","Moist","Cropland","Mountains","Cool Temperate Moist",33,102,5,"Cool Temperate Moist Cropland on Mountains","#216605",751,12.9038461538462,76.6923076923077,0.178467761230469
103,"Dactylorhiza sambucina",46.31948,7.6739333333,"inat","Cool Temperate","Moist","Cropland","Mountains","Cool Temperate Moist",33,102,5,"Cool Temperate Moist Cropland on Mountains","#216605",1209,10.2423076923077,79.6153846153846,0.47623115234375
103,"Dactylorhiza sambucina",46.1250861999,7.080344,"inat","Cool Temperate","Moist","Cropland","Mountains","Cool Temperate Moist",33,102,5,"Cool Temperate Moist Cropland on Mountains","#216605",570,12.9038461538462,76.6923076923077,0.202736584472656
103,"Dactylorhiza sambucina",46.1300202,7.0827753999,"inat","Cool Temperate","Moist","Cropland","Mountains","Cool Temperate Moist",33,102,5,"Cool Temperate Moist Cropland on Mountains","#216605",751,12.9038461538462,76.6923076923077,0.178467761230469
103,"Dactylorhiza sambucina",46.1251440654,7.0799496989,"inat","Cool Temperate","Moist","Cropland","Mountains","Cool Temperate Moist",33,102,5,"Cool Temperate Moist Cropland on Mountains","#216605",570,12.9038461538462,76.6923076923077,0.202736584472656
103,"Dactylorhiza sambucina",46.126064178,7.0812052701,"inat","Cool Temperate","Moist","Cropland","Mountains","Cool Temperate Moist",33,102,5,"Cool Temperate Moist Cropland on Mountains","#216605",630,12.9038461538462,76.6923076923077,0.202736584472656
103,"Dactylorhiza sambucina",46.1283809701,7.08523985,"inat","Cool Temperate","Moist","Cropland","Mountains","Cool Temperate Moist",33,102,5,"Cool Temperate Moist Cropland on Mountains","#216605",683,14.4576923076924,73.6153846153846,0.201534143066406
103,"Dactylorhiza sambucina",46.12784719,7.0654200201,"inat","Cool Temperate","Moist","Cropland","Mountains","Cool Temperate Moist",33,102,5,"Cool Temperate Moist Cropland on Mountains","#216605",480,15.0576923076923,73.1538461538462,0.238765258789062
103,"Dactylorhiza sambucina",46.1266721667,7.0819,"inat","Cool Temperate","Moist","Cropland","Mountains","Cool Temperate Moist",33,102,5,"Cool Temperate Moist Cropland on Mountains","#216605",630,12.9038461538462,76.6923076923077,0.202736584472656
103,"Dactylorhiza sambucina",46.1275056833,7.0836357,"inat","Cool Temperate","Moist","Cropland","Mountains","Cool Temperate Moist",33,102,5,"Cool Temperate Moist Cropland on Mountains","#216605",566,14.4576923076924,73.6153846153846,0.201534143066406
103,"Dactylorhiza sambucina",46.1257816667,7.0797766667,"inat","Cool Temperate","Moist","Cropland","Mountains","Cool Temperate Moist",33,102,5,"Cool Temperate Moist Cropland on Mountains","#216605",570,12.9038461538462,76.6923076923077,0.202736584472656
103,"Dactylorhiza sambucina",46.1254123,7.079588,"inat","Cool Temperate","Moist","Cropland","Mountains","Cool Temperate Moist",33,102,5,"Cool Temperate Moist Cropland on Mountains","#216605",570,12.9038461538462,76.6923076923077,0.202736584472656
103,"Dactylorhiza sambucina",46.1300766,7.0828852,"inat","Cool Temperate","Moist","Cropland","Mountains","Cool Temperate Moist",33,102,5,"Cool Temperate Moist Cropland on Mountains","#216605",751,12.9038461538462,76.6923076923077,0.178467761230469
103,"Dactylorhiza sambucina",46.1300321999,7.082802,"inat","Cool Temperate","Moist","Cropland","Mountains","Cool Temperate Moist",33,102,5,"Cool Temperate Moist Cropland on Mountains","#216605",751,12.9038461538462,76.6923076923077,0.178467761230469
103,"Dactylorhiza sambucina",46.1260823899,7.08118309,"inat","Cool Temperate","Moist","Cropland","Mountains","Cool Temperate Moist",33,102,5,"Cool Temperate Moist Cropland on Mountains","#216605",630,12.9038461538462,76.6923076923077,0.202736584472656
103,"Dactylorhiza sambucina",46.1304086899,7.08353897,"inat","Cool Temperate","Moist","Cropland","Mountains","Cool Temperate Moist",33,102,5,"Cool Temperate Moist Cropland on Mountains","#216605",751,14.4576923076924,73.6153846153846,0.178467761230469
103,"Dactylorhiza sambucina",46.1304130001,7.0835466,"inat","Cool Temperate","Moist","Cropland","Mountains","Cool Temperate Moist",33,102,5,"Cool Temperate Moist Cropland on Mountains","#216605",751,14.4576923076924,73.6153846153846,0.178467761230469
103,"Dactylorhiza sambucina",46.1300321999,7.082802,"inat","Cool Temperate","Moist","Cropland","Mountains","Cool Temperate Moist",33,102,5,"Cool Temperate Moist Cropland on Mountains","#216605",751,12.9038461538462,76.6923076923077,0.178467761230469
103,"Bombus terrestris",47.3233416667,8.5938783333,"inat","Cool Temperate","Moist","Cropland","Mountains","Cool Temperate Moist",33,102,5,"Cool Temperate Moist Cropland on Mountains","#216605",519,14.6192307692308,74.5384615384615,0.283865063476562
103,"Dactylorhiza sambucina",46.1300679,7.082872,"inat","Cool Temperate","Moist","Cropland","Mountains","Cool Temperate Moist",33,102,5,"Cool Temperate Moist Cropland on Mountains","#216605",751,12.9038461538462,76.6923076923077,0.178467761230469
103,"Dactylorhiza sambucina",46.1304073799,7.08353794,"inat","Cool Temperate","Moist","Cropland","Mountains","Cool Temperate Moist",33,102,5,"Cool Temperate Moist Cropland on Mountains","#216605",751,14.4576923076924,73.6153846153846,0.178467761230469
103,"Dactylorhiza sambucina",46.12623417,7.08152783,"inat","Cool Temperate","Moist","Cropland","Mountains","Cool Temperate Moist",33,102,5,"Cool Temperate Moist Cropland on Mountains","#216605",630,12.9038461538462,76.6923076923077,0.202736584472656
103,"Dactylorhiza sambucina",46.12499,7.079582,"inat","Cool Temperate","Moist","Cropland","Mountains","Cool Temperate Moist",33,102,5,"Cool Temperate Moist Cropland on Mountains","#216605",570,12.9038461538462,76.6923076923077,0.249126806640625
103,"Dactylorhiza sambucina",46.12610352,7.08130977,"inat","Cool Temperate","Moist","Cropland","Mountains","Cool Temperate Moist",33,102,5,"Cool Temperate Moist Cropland on Mountains","#216605",630,12.9038461538462,76.6923076923077,0.202736584472656
103,"Dactylorhiza sambucina",46.12498982,7.0795857,"inat","Cool Temperate","Moist","Cropland","Mountains","Cool Temperate Moist",33,102,5,"Cool Temperate Moist Cropland on Mountains","#216605",570,12.9038461538462,76.6923076923077,0.249126806640625
103,"Dactylorhiza sambucina",46.12497043,7.07854113,"inat","Cool Temperate","Moist","Cropland","Mountains","Cool Temperate Moist",33,102,5,"Cool Temperate Moist Cropland on Mountains","#216605",625,12.9038461538462,76.6923076923077,0.249130444335938
103,"Dactylorhiza sambucina",46.12920997,7.08512634,"inat","Cool Temperate","Moist","Cropland","Mountains","Cool Temperate Moist",33,102,5,"Cool Temperate Moist Cropland on Mountains","#216605",683,14.4576923076924,73.6153846153846,0.178467761230469
103,"Dactylorhiza sambucina",46.12849456,7.08534256,"inat","Cool Temperate","Moist","Cropland","Mountains","Cool Temperate Moist",33,102,5,"Cool Temperate Moist Cropland on Mountains","#216605",683,14.4576923076924,73.6153846153846,0.201532373046875
103,"Dactylorhiza sambucina",46.1258657,7.07990125,"inat","Cool Temperate","Moist","Cropland","Mountains","Cool Temperate Moist",33,102,5,"Cool Temperate Moist Cropland on Mountains","#216605",696,12.9038461538462,76.6923076923077,0.202736584472656
103,"Dactylorhiza sambucina",46.12920893,7.08512336,"inat","Cool Temperate","Moist","Cropland","Mountains","Cool Temperate Moist",33,102,5,"Cool Temperate Moist Cropland on Mountains","#216605",683,14.4576923076924,73.6153846153846,0.178467761230469
103,"Dactylorhiza sambucina",46.12608094,7.08117213,"inat","Cool Temperate","Moist","Cropland","Mountains","Cool Temperate Moist",33,102,5,"Cool Temperate Moist Cropland on Mountains","#216605",630,12.9038461538462,76.6923076923077,0.202736584472656
103,"Dactylorhiza sambucina",46.13976317,7.05136159,"inat","Cool Temperate","Moist","Cropland","Mountains","Cool Temperate Moist",33,102,5,"Cool Temperate Moist Cropland on Mountains","#216605",482,14.9653846153847,75.5384615384615,0.262907006835937
103,"Dactylorhiza sambucina",46.12641091,7.08170459,"inat","Cool Temperate","Moist","Cropland","Mountains","Cool Temperate Moist",33,102,5,"Cool Temperate Moist Cropland on Mountains","#216605",630,12.9038461538462,76.6923076923077,0.202736584472656
103,"Dactylorhiza sambucina",46.13974519,7.05130018,"inat","Cool Temperate","Moist","Cropland","Mountains","Cool Temperate Moist",33,102,5,"Cool Temperate Moist Cropland on Mountains","#216605",482,14.9653846153847,75.5384615384615,0.262907006835937
103,"Dactylorhiza sambucina",46.1264141599,7.0817078299,"inat","Cool Temperate","Moist","Cropland","Mountains","Cool Temperate Moist",33,102,5,"Cool Temperate Moist Cropland on Mountains","#216605",630,12.9038461538462,76.6923076923077,0.202736584472656
103,"Dactylorhiza sambucina",46.1292060999,7.0851153,"inat","Cool Temperate","Moist","Cropland","Mountains","Cool Temperate Moist",33,102,5,"Cool Temperate Moist Cropland on Mountains","#216605",683,14.4576923076924,73.6153846153846,0.178467761230469
103,"Dactylorhiza sambucina",46.1291968,7.085093,"inat","Cool Temperate","Moist","Cropland","Mountains","Cool Temperate Moist",33,102,5,"Cool Temperate Moist Cropland on Mountains","#216605",683,14.4576923076924,73.6153846153846,0.178467761230469
103,"Dactylorhiza sambucina",46.12916,7.085005,"inat","Cool Temperate","Moist","Cropland","Mountains","Cool Temperate Moist",33,102,5,"Cool Temperate Moist Cropland on Mountains","#216605",683,14.4576923076924,73.6153846153846,0.201534143066406
103,"Dactylorhiza sambucina",46.12507686,7.08031383,"inat","Cool Temperate","Moist","Cropland","Mountains","Cool Temperate Moist",33,102,5,"Cool Temperate Moist Cropland on Mountains","#216605",570,12.9038461538462,76.6923076923077,0.202736584472656
103,"Dactylorhiza sambucina",46.1291075699,7.08487443,"inat","Cool Temperate","Moist","Cropland","Mountains","Cool Temperate Moist",33,102,5,"Cool Temperate Moist Cropland on Mountains","#216605",683,14.4576923076924,73.6153846153846,0.201534143066406
103,"Dactylorhiza sambucina",46.1291064301,7.08485957,"inat","Cool Temperate","Moist","Cropland","Mountains","Cool Temperate Moist",33,102,5,"Cool Temperate Moist Cropland on Mountains","#216605",683,14.4576923076924,73.6153846153846,0.201534143066406
103,"Dactylorhiza sambucina",46.12848856,7.08533465,"inat","Cool Temperate","Moist","Cropland","Mountains","Cool Temperate Moist",33,102,5,"Cool Temperate Moist Cropland on Mountains","#216605",683,14.4576923076924,73.6153846153846,0.201532373046875
103,"Dactylorhiza sambucina",46.12851145,7.08535485,"inat","Cool Temperate","Moist","Cropland","Mountains","Cool Temperate Moist",33,102,5,"Cool Temperate Moist Cropland on Mountains","#216605",683,14.4576923076924,73.6153846153846,0.201532373046875
103,"Dactylorhiza sambucina",46.12851896,7.08536085,"inat","Cool Temperate","Moist","Cropland","Mountains","Cool Temperate Moist",33,102,5,"Cool Temperate Moist Cropland on Mountains","#216605",683,14.4576923076924,73.6153846153846,0.201532373046875
103,"Dactylorhiza sambucina",46.1291202,7.0827388001,"inat","Cool Temperate","Moist","Cropland","Mountains","Cool Temperate Moist",33,102,5,"Cool Temperate Moist Cropland on Mountains","#216605",751,12.9038461538462,76.6923076923077,0.201534143066406
103,"Dactylorhiza sambucina",46.1291213299,7.0826201101,"inat","Cool Temperate","Moist","Cropland","Mountains","Cool Temperate Moist",33,102,5,"Cool Temperate Moist Cropland on Mountains","#216605",751,12.9038461538462,76.6923076923077,0.201534143066406
103,"Dactylorhiza sambucina",46.12608875,7.08123133,"inat","Cool Temperate","Moist","Cropland","Mountains","Cool Temperate Moist",33,102,5,"Cool Temperate Moist Cropland on Mountains","#216605",630,12.9038461538462,76.6923076923077,0.202736584472656
103,"Dactylorhiza sambucina",46.1286510101,7.08548418,"inat","Cool Temperate","Moist","Cropland","Mountains","Cool Temperate Moist",33,102,5,"Cool Temperate Moist Cropland on Mountains","#216605",683,14.4576923076924,73.6153846153846,0.201532373046875
103,"Bombus terrestris",46.4008366667,6.1941616667,"inat","Cool Temperate","Moist","Cropland","Mountains","Cool Temperate Moist",33,102,5,"Cool Temperate Moist Cropland on Mountains","#216605",493,14.7807692307692,96.5384615384615,0.13452802734375
103,"Dactylorhiza sambucina",46.12608672,7.08121598,"inat","Cool Temperate","Moist","Cropland","Mountains","Cool Temperate Moist",33,102,5,"Cool Temperate Moist Cropland on Mountains","#216605",630,12.9038461538462,76.6923076923077,0.202736584472656
103,"Bombus terrestris",47.3273053476,7.9738697848,"inat","Cool Temperate","Moist","Cropland","Mountains","Cool Temperate Moist",33,102,5,"Cool Temperate Moist Cropland on Mountains","#216605",494,14.0807692307692,79.3076923076923,0.167107214355469
103,"Dactylorhiza sambucina",46.1286215244,7.0873056146,"inat","Cool Temperate","Moist","Cropland","Mountains","Cool Temperate Moist",33,102,5,"Cool Temperate Moist Cropland on Mountains","#216605",620,14.4576923076924,73.6153846153846,0.201532373046875
103,"Dactylorhiza sambucina",46.1249583333,7.0797,"inat","Cool Temperate","Moist","Cropland","Mountains","Cool Temperate Moist",33,102,5,"Cool Temperate Moist Cropland on Mountains","#216605",570,12.9038461538462,76.6923076923077,0.249126806640625
103,"Dactylorhiza sambucina",46.13007628,7.08288492,"inat","Cool Temperate","Moist","Cropland","Mountains","Cool Temperate Moist",33,102,5,"Cool Temperate Moist Cropland on Mountains","#216605",751,12.9038461538462,76.6923076923077,0.178467761230469
103,"Dactylorhiza sambucina",46.12636353,7.0816448901,"inat","Cool Temperate","Moist","Cropland","Mountains","Cool Temperate Moist",33,102,5,"Cool Temperate Moist Cropland on Mountains","#216605",630,12.9038461538462,76.6923076923077,0.202736584472656
103,"Dactylorhiza sambucina",46.1291917199,7.0850431,"inat","Cool Temperate","Moist","Cropland","Mountains","Cool Temperate Moist",33,102,5,"Cool Temperate Moist Cropland on Mountains","#216605",683,14.4576923076924,73.6153846153846,0.178467761230469
103,"Dactylorhiza sambucina",46.1291830201,7.08503183,"inat","Cool Temperate","Moist","Cropland","Mountains","Cool Temperate Moist",33,102,5,"Cool Temperate Moist Cropland on Mountains","#216605",683,14.4576923076924,73.6153846153846,0.178467761230469
103,"Dactylorhiza sambucina",46.1291823899,7.08502787,"inat","Cool Temperate","Moist","Cropland","Mountains","Cool Temperate Moist",33,102,5,"Cool Temperate Moist Cropland on Mountains","#216605",683,14.4576923076924,73.6153846153846,0.178467761230469
103,"Dactylorhiza sambucina",46.12632807,7.08162749,"inat","Cool Temperate","Moist","Cropland","Mountains","Cool Temperate Moist",33,102,5,"Cool Temperate Moist Cropland on Mountains","#216605",630,12.9038461538462,76.6923076923077,0.202736584472656
103,"Dactylorhiza sambucina",46.12632409,7.0816255301,"inat","Cool Temperate","Moist","Cropland","Mountains","Cool Temperate Moist",33,102,5,"Cool Temperate Moist Cropland on Mountains","#216605",630,12.9038461538462,76.6923076923077,0.202736584472656
103,"Dactylorhiza sambucina",46.1263213,7.0816230001,"inat","Cool Temperate","Moist","Cropland","Mountains","Cool Temperate Moist",33,102,5,"Cool Temperate Moist Cropland on Mountains","#216605",630,12.9038461538462,76.6923076923077,0.202736584472656
103,"Dactylorhiza sambucina",46.12601694,7.08062341,"inat","Cool Temperate","Moist","Cropland","Mountains","Cool Temperate Moist",33,102,5,"Cool Temperate Moist Cropland on Mountains","#216605",696,12.9038461538462,76.6923076923077,0.202736584472656
103,"Dactylorhiza sambucina",46.1291307001,7.08492301,"inat","Cool Temperate","Moist","Cropland","Mountains","Cool Temperate Moist",33,102,5,"Cool Temperate Moist Cropland on Mountains","#216605",683,14.4576923076924,73.6153846153846,0.201534143066406
103,"Dactylorhiza sambucina",46.12498991,7.07958385,"inat","Cool Temperate","Moist","Cropland","Mountains","Cool Temperate Moist",33,102,5,"Cool Temperate Moist Cropland on Mountains","#216605",570,12.9038461538462,76.6923076923077,0.249126806640625
103,"Dactylorhiza sambucina",46.1291742299,7.08277916,"inat","Cool Temperate","Moist","Cropland","Mountains","Cool Temperate Moist",33,102,5,"Cool Temperate Moist Cropland on Mountains","#216605",751,12.9038461538462,76.6923076923077,0.178467761230469
103,"Dactylorhiza sambucina",46.1291583599,7.0827894,"inat","Cool Temperate","Moist","Cropland","Mountains","Cool Temperate Moist",33,102,5,"Cool Temperate Moist Cropland on Mountains","#216605",751,12.9038461538462,76.6923076923077,0.201534143066406
103,"Dactylorhiza sambucina",46.12608188,7.08117925,"inat","Cool Temperate","Moist","Cropland","Mountains","Cool Temperate Moist",33,102,5,"Cool Temperate Moist Cropland on Mountains","#216605",630,12.9038461538462,76.6923076923077,0.202736584472656
103,"Dactylorhiza sambucina",46.12919583,7.08259519,"inat","Cool Temperate","Moist","Cropland","Mountains","Cool Temperate Moist",33,102,5,"Cool Temperate Moist Cropland on Mountains","#216605",751,12.9038461538462,76.6923076923077,0.178467761230469
103,"Dactylorhiza sambucina",46.46933667,6.10692783,"inat","Cool Temperate","Moist","Cropland","Mountains","Cool Temperate Moist",33,102,5,"Cool Temperate Moist Cropland on Mountains","#216605",1299,9.82692307692309,135.615384615385,0.38843173828125
103,"Dactylorhiza sambucina",46.442905,6.09114167,"inat","Cool Temperate","Moist","Cropland","Mountains","Cool Temperate Moist",33,102,5,"Cool Temperate Moist Cropland on Mountains","#216605",1249,10.2653846153847,140.846153846154,0.457326953125
103,"Dactylorhiza sambucina",46.124989,7.07960233,"inat","Cool Temperate","Moist","Cropland","Mountains","Cool Temperate Moist",33,102,5,"Cool Temperate Moist Cropland on Mountains","#216605",570,12.9038461538462,76.6923076923077,0.249126806640625
103,"Dactylorhiza sambucina",46.1292083,7.08512157,"inat","Cool Temperate","Moist","Cropland","Mountains","Cool Temperate Moist",33,102,5,"Cool Temperate Moist Cropland on Mountains","#216605",683,14.4576923076924,73.6153846153846,0.178467761230469
103,"Dactylorhiza sambucina",46.12498882,7.07960603,"inat","Cool Temperate","Moist","Cropland","Mountains","Cool Temperate Moist",33,102,5,"Cool Temperate Moist Cropland on Mountains","#216605",570,12.9038461538462,76.6923076923077,0.249126806640625
103,"Dactylorhiza sambucina",46.12920642,7.08511619,"inat","Cool Temperate","Moist","Cropland","Mountains","Cool Temperate Moist",33,102,5,"Cool Temperate Moist Cropland on Mountains","#216605",683,14.4576923076924,73.6153846153846,0.178467761230469
103,"Dactylorhiza sambucina",46.126066,7.0811094099,"inat","Cool Temperate","Moist","Cropland","Mountains","Cool Temperate Moist",33,102,5,"Cool Temperate Moist Cropland on Mountains","#216605",696,12.9038461538462,76.6923076923077,0.202736584472656
103,"Dactylorhiza sambucina",46.12992822,7.08206689,"inat","Cool Temperate","Moist","Cropland","Mountains","Cool Temperate Moist",33,102,5,"Cool Temperate Moist Cropland on Mountains","#216605",751,12.9038461538462,76.6923076923077,0.167194421386719
103,"Dactylorhiza sambucina",46.468625,6.1057555,"inat","Cool Temperate","Moist","Cropland","Mountains","Cool Temperate Moist",33,102,5,"Cool Temperate Moist Cropland on Mountains","#216605",1299,9.82692307692309,135.615384615385,0.388433447265625
103,"Dactylorhiza sambucina",46.47105833,6.1066195,"inat","Cool Temperate","Moist","Cropland","Mountains","Cool Temperate Moist",33,102,5,"Cool Temperate Moist Cropland on Mountains","#216605",1296,9.82692307692309,135.615384615385,0.399993579101563
103,"Dactylorhiza sambucina",46.12713149,7.0827006599,"inat","Cool Temperate","Moist","Cropland","Mountains","Cool Temperate Moist",33,102,5,"Cool Temperate Moist Cropland on Mountains","#216605",630,12.9038461538462,76.6923076923077,0.201534143066406
103,"Dactylorhiza sambucina",46.12606162,7.08109339,"inat","Cool Temperate","Moist","Cropland","Mountains","Cool Temperate Moist",33,102,5,"Cool Temperate Moist Cropland on Mountains","#216605",696,12.9038461538462,76.6923076923077,0.202736584472656
103,"Dactylorhiza sambucina",46.12993424,7.08217076,"inat","Cool Temperate","Moist","Cropland","Mountains","Cool Temperate Moist",33,102,5,"Cool Temperate Moist Cropland on Mountains","#216605",751,12.9038461538462,76.6923076923077,0.167194421386719
103,"Dactylorhiza sambucina",46.129931,7.082218,"inat","Cool Temperate","Moist","Cropland","Mountains","Cool Temperate Moist",33,102,5,"Cool Temperate Moist Cropland on Mountains","#216605",751,12.9038461538462,76.6923076923077,0.167194421386719
103,"Dactylorhiza sambucina",46.1299308001,7.0822202,"inat","Cool Temperate","Moist","Cropland","Mountains","Cool Temperate Moist",33,102,5,"Cool Temperate Moist Cropland on Mountains","#216605",751,12.9038461538462,76.6923076923077,0.167194421386719
103,"Dactylorhiza sambucina",46.12604875,7.08104641,"inat","Cool Temperate","Moist","Cropland","Mountains","Cool Temperate Moist",33,102,5,"Cool Temperate Moist Cropland on Mountains","#216605",696,12.9038461538462,76.6923076923077,0.202736584472656
103,"Dactylorhiza sambucina",46.12604778,7.08104285,"inat","Cool Temperate","Moist","Cropland","Mountains","Cool Temperate Moist",33,102,5,"Cool Temperate Moist Cropland on Mountains","#216605",696,12.9038461538462,76.6923076923077,0.202736584472656
103,"Dactylorhiza sambucina",46.12998011,7.08263556,"inat","Cool Temperate","Moist","Cropland","Mountains","Cool Temperate Moist",33,102,5,"Cool Temperate Moist Cropland on Mountains","#216605",751,12.9038461538462,76.6923076923077,0.178467761230469
103,"Dactylorhiza sambucina",46.12998089,7.08263644,"inat","Cool Temperate","Moist","Cropland","Mountains","Cool Temperate Moist",33,102,5,"Cool Temperate Moist Cropland on Mountains","#216605",751,12.9038461538462,76.6923076923077,0.178467761230469
103,"Dactylorhiza sambucina",46.1258861667,7.0797138333,"inat","Cool Temperate","Moist","Cropland","Mountains","Cool Temperate Moist",33,102,5,"Cool Temperate Moist Cropland on Mountains","#216605",696,12.9038461538462,76.6923076923077,0.202736584472656
103,"Dactylorhiza sambucina",46.12602562,7.0807890701,"inat","Cool Temperate","Moist","Cropland","Mountains","Cool Temperate Moist",33,102,5,"Cool Temperate Moist Cropland on Mountains","#216605",696,12.9038461538462,76.6923076923077,0.202736584472656
103,"Dactylorhiza sambucina",46.1260235,7.0807154999,"inat","Cool Temperate","Moist","Cropland","Mountains","Cool Temperate Moist",33,102,5,"Cool Temperate Moist Cropland on Mountains","#216605",696,12.9038461538462,76.6923076923077,0.202736584472656
103,"Dactylorhiza sambucina",46.12608477,7.08120118,"inat","Cool Temperate","Moist","Cropland","Mountains","Cool Temperate Moist",33,102,5,"Cool Temperate Moist Cropland on Mountains","#216605",630,12.9038461538462,76.6923076923077,0.202736584472656
103,"Dactylorhiza sambucina",46.1255083333,7.0795277778,"inat","Cool Temperate","Moist","Cropland","Mountains","Cool Temperate Moist",33,102,5,"Cool Temperate Moist Cropland on Mountains","#216605",570,12.9038461538462,76.6923076923077,0.202736584472656
103,"Dactylorhiza sambucina",46.3361133333,7.656725,"inat","Cool Temperate","Moist","Cropland","Mountains","Cool Temperate Moist",33,102,5,"Cool Temperate Moist Cropland on Mountains","#216605",1775,6.69615384615389,106.307692307692,0.54258896484375
103,"Bombus terrestris",46.5038376997,6.4767421,"inat","Cool Temperate","Moist","Cropland","Mountains","Cool Temperate Moist",33,102,5,"Cool Temperate Moist Cropland on Mountains","#216605",404,14.8192307692308,95.7692307692308,0.22450380859375
103,"Dactylorhiza sambucina",46.1300679,7.082872,"inat","Cool Temperate","Moist","Cropland","Mountains","Cool Temperate Moist",33,102,5,"Cool Temperate Moist Cropland on Mountains","#216605",751,12.9038461538462,76.6923076923077,0.178467761230469
103,"Dactylorhiza sambucina",46.1300754401,7.08288416,"inat","Cool Temperate","Moist","Cropland","Mountains","Cool Temperate Moist",33,102,5,"Cool Temperate Moist Cropland on Mountains","#216605",751,12.9038461538462,76.6923076923077,0.178467761230469
103,"Dactylorhiza sambucina",46.13007575,7.08288445,"inat","Cool Temperate","Moist","Cropland","Mountains","Cool Temperate Moist",33,102,5,"Cool Temperate Moist Cropland on Mountains","#216605",751,12.9038461538462,76.6923076923077,0.178467761230469
103,"Dactylorhiza sambucina",46.13040956,7.08353966,"inat","Cool Temperate","Moist","Cropland","Mountains","Cool Temperate Moist",33,102,5,"Cool Temperate Moist Cropland on Mountains","#216605",751,14.4576923076924,73.6153846153846,0.178467761230469
103,"Dactylorhiza sambucina",46.13007628,7.08288492,"inat","Cool Temperate","Moist","Cropland","Mountains","Cool Temperate Moist",33,102,5,"Cool Temperate Moist Cropland on Mountains","#216605",751,12.9038461538462,76.6923076923077,0.178467761230469
103,"Dactylorhiza sambucina",46.1281952355,7.0837150188,"inat","Cool Temperate","Moist","Cropland","Mountains","Cool Temperate Moist",33,102,5,"Cool Temperate Moist Cropland on Mountains","#216605",566,14.4576923076924,73.6153846153846,0.201534143066406
103,"Dactylorhiza sambucina",46.12918083,7.08501798,"inat","Cool Temperate","Moist","Cropland","Mountains","Cool Temperate Moist",33,102,5,"Cool Temperate Moist Cropland on Mountains","#216605",683,14.4576923076924,73.6153846153846,0.178467761230469
103,"Dactylorhiza sambucina",46.12913246,7.08491648,"inat","Cool Temperate","Moist","Cropland","Mountains","Cool Temperate Moist",33,102,5,"Cool Temperate Moist Cropland on Mountains","#216605",683,14.4576923076924,73.6153846153846,0.201534143066406
103,"Dactylorhiza sambucina",46.13040344,7.08353484,"inat","Cool Temperate","Moist","Cropland","Mountains","Cool Temperate Moist",33,102,5,"Cool Temperate Moist Cropland on Mountains","#216605",751,14.4576923076924,73.6153846153846,0.178467761230469
103,"Dactylorhiza sambucina",46.1998922999,7.0046024951,"inat","Cool Temperate","Moist","Cropland","Mountains","Cool Temperate Moist",33,102,5,"Cool Temperate Moist Cropland on Mountains","#216605",421,15.6576923076923,82.8461538461538,0.298167626953125
103,"Dactylorhiza sambucina",46.1255944444,7.0794444444,"inat","Cool Temperate","Moist","Cropland","Mountains","Cool Temperate Moist",33,102,5,"Cool Temperate Moist Cropland on Mountains","#216605",570,12.9038461538462,76.6923076923077,0.202736584472656
103,"Dactylorhiza sambucina",46.13040956,7.08353966,"inat","Cool Temperate","Moist","Cropland","Mountains","Cool Temperate Moist",33,102,5,"Cool Temperate Moist Cropland on Mountains","#216605",751,14.4576923076924,73.6153846153846,0.178467761230469
103,"Dactylorhiza sambucina",46.1304130001,7.0835466,"inat","Cool Temperate","Moist","Cropland","Mountains","Cool Temperate Moist",33,102,5,"Cool Temperate Moist Cropland on Mountains","#216605",751,14.4576923076924,73.6153846153846,0.178467761230469
103,"Dactylorhiza sambucina",46.1285022201,7.08534722,"inat","Cool Temperate","Moist","Cropland","Mountains","Cool Temperate Moist",33,102,5,"Cool Temperate Moist Cropland on Mountains","#216605",683,14.4576923076924,73.6153846153846,0.201532373046875
103,"Dactylorhiza sambucina",46.12498932,7.07959586,"inat","Cool Temperate","Moist","Cropland","Mountains","Cool Temperate Moist",33,102,5,"Cool Temperate Moist Cropland on Mountains","#216605",570,12.9038461538462,76.6923076923077,0.249126806640625
103,"Dactylorhiza sambucina",46.11843,7.08292,"gbif","Cool Temperate","Moist","Cropland","Mountains","Cool Temperate Moist",33,102,5,"Cool Temperate Moist Cropland on Mountains","#216605",451,15.2500000000001,71,0.353284741210938
103,"Dactylorhiza sambucina",46.12920924,7.08512425,"inat","Cool Temperate","Moist","Cropland","Mountains","Cool Temperate Moist",33,102,5,"Cool Temperate Moist Cropland on Mountains","#216605",683,14.4576923076924,73.6153846153846,0.178467761230469
103,"Dactylorhiza sambucina",46.12601367,7.0809387401,"inat","Cool Temperate","Moist","Cropland","Mountains","Cool Temperate Moist",33,102,5,"Cool Temperate Moist Cropland on Mountains","#216605",696,12.9038461538462,76.6923076923077,0.202736584472656
103,"Dactylorhiza sambucina",46.1283862799,7.08524469,"inat","Cool Temperate","Moist","Cropland","Mountains","Cool Temperate Moist",33,102,5,"Cool Temperate Moist Cropland on Mountains","#216605",683,14.4576923076924,73.6153846153846,0.201534143066406
103,"Bombus terrestris",47.3069858425,7.8305690683,"inat","Cool Temperate","Moist","Cropland","Mountains","Cool Temperate Moist",33,102,5,"Cool Temperate Moist Cropland on Mountains","#216605",426,14.7192307692308,72.5384615384615,0.19103544921875
103,"Bombus terrestris",46.9927633333,7.46697,"inat","Cool Temperate","Moist","Cropland","Mountains","Cool Temperate Moist",33,102,5,"Cool Temperate Moist Cropland on Mountains","#216605",566,14.1576923076923,73.2307692307692,0.143191882324219
103,"Bombus terrestris",47.5986705229,9.0350794418,"inat","Cool Temperate","Moist","Cropland","Mountains","Cool Temperate Moist",33,102,5,"Cool Temperate Moist Cropland on Mountains","#216605",433,14.35,61.3846153846154,0.21449453125
103,"Dactylorhiza sambucina",46.1299308001,7.0822202,"inat","Cool Temperate","Moist","Cropland","Mountains","Cool Temperate Moist",33,102,5,"Cool Temperate Moist Cropland on Mountains","#216605",751,12.9038461538462,76.6923076923077,0.167194421386719
103,"Dactylorhiza sambucina",46.13978164,7.05111039,"inat","Cool Temperate","Moist","Cropland","Mountains","Cool Temperate Moist",33,102,5,"Cool Temperate Moist Cropland on Mountains","#216605",482,14.9653846153847,75.5384615384615,0.262907006835937
103,"Bombus terrestris",46.7929229736,7.156150341,"inat","Cool Temperate","Moist","Cropland","Mountains","Cool Temperate Moist",33,102,5,"Cool Temperate Moist Cropland on Mountains","#216605",629,13.8961538461539,78.3076923076923,0.169136572265625
103,"Dactylorhiza sambucina",46.12998011,7.08263556,"inat","Cool Temperate","Moist","Cropland","Mountains","Cool Temperate Moist",33,102,5,"Cool Temperate Moist Cropland on Mountains","#216605",751,12.9038461538462,76.6923076923077,0.178467761230469
103,"Dactylorhiza sambucina",46.12508094,7.0803330001,"inat","Cool Temperate","Moist","Cropland","Mountains","Cool Temperate Moist",33,102,5,"Cool Temperate Moist Cropland on Mountains","#216605",570,12.9038461538462,76.6923076923077,0.202736584472656
103,"Dactylorhiza sambucina",46.1250840999,7.0803410001,"inat","Cool Temperate","Moist","Cropland","Mountains","Cool Temperate Moist",33,102,5,"Cool Temperate Moist Cropland on Mountains","#216605",570,12.9038461538462,76.6923076923077,0.202736584472656
103,"Bombus terrestris",47.2690474784,8.6877495142,"inat","Cool Temperate","Moist","Cropland","Mountains","Cool Temperate Moist",33,102,5,"Cool Temperate Moist Cropland on Mountains","#216605",533,14.2500000000001,88.4615384615385,0.260173803710938
103,"Bombus terrestris",47.6571259822,9.1252967312,"inat","Cool Temperate","Moist","Cropland","Mountains","Cool Temperate Moist",33,102,5,"Cool Temperate Moist Cropland on Mountains","#216605",425,14.15,60.1538461538462,0.215375048828125
103,"Dactylorhiza sambucina",46.13001984,7.08277408,"inat","Cool Temperate","Moist","Cropland","Mountains","Cool Temperate Moist",33,102,5,"Cool Temperate Moist Cropland on Mountains","#216605",751,12.9038461538462,76.6923076923077,0.178467761230469
103,"Dactylorhiza sambucina",46.1250883,7.080347,"inat","Cool Temperate","Moist","Cropland","Mountains","Cool Temperate Moist",33,102,5,"Cool Temperate Moist Cropland on Mountains","#216605",570,12.9038461538462,76.6923076923077,0.202736584472656
103,"Dactylorhiza sambucina",46.13002104,7.0827784801,"inat","Cool Temperate","Moist","Cropland","Mountains","Cool Temperate Moist",33,102,5,"Cool Temperate Moist Cropland on Mountains","#216605",751,12.9038461538462,76.6923076923077,0.178467761230469
103,"Bombus terrestris",47.0251330997,7.4675137997,"inat","Cool Temperate","Moist","Cropland","Mountains","Cool Temperate Moist",33,102,5,"Cool Temperate Moist Cropland on Mountains","#216605",522,14.3807692307693,72.0769230769231,0.272328125
103,"Dactylorhiza sambucina",46.1250885,7.0803495999,"inat","Cool Temperate","Moist","Cropland","Mountains","Cool Temperate Moist",33,102,5,"Cool Temperate Moist Cropland on Mountains","#216605",570,12.9038461538462,76.6923076923077,0.202736584472656
103,"Dactylorhiza sambucina",46.1250875,7.0803528001,"inat","Cool Temperate","Moist","Cropland","Mountains","Cool Temperate Moist",33,102,5,"Cool Temperate Moist Cropland on Mountains","#216605",570,12.9038461538462,76.6923076923077,0.202736584472656
103,"Bombus terrestris",46.9131222222,7.4462416667,"inat","Cool Temperate","Moist","Cropland","Mountains","Cool Temperate Moist",33,102,5,"Cool Temperate Moist Cropland on Mountains","#216605",797,13.1192307692308,81.5384615384615,0.235186157226562
103,"Dactylorhiza sambucina",46.12522636,7.0817833599,"inat","Cool Temperate","Moist","Cropland","Mountains","Cool Temperate Moist",33,102,5,"Cool Temperate Moist Cropland on Mountains","#216605",534,12.9038461538462,76.6923076923077,0.202736584472656
103,"Dactylorhiza sambucina",46.12522632,7.0817843199,"inat","Cool Temperate","Moist","Cropland","Mountains","Cool Temperate Moist",33,102,5,"Cool Temperate Moist Cropland on Mountains","#216605",534,12.9038461538462,76.6923076923077,0.202736584472656
103,"Dactylorhiza sambucina",46.13002104,7.0827784801,"inat","Cool Temperate","Moist","Cropland","Mountains","Cool Temperate Moist",33,102,5,"Cool Temperate Moist Cropland on Mountains","#216605",751,12.9038461538462,76.6923076923077,0.178467761230469
103,"Dactylorhiza sambucina",46.12920203,7.08505184,"inat","Cool Temperate","Moist","Cropland","Mountains","Cool Temperate Moist",33,102,5,"Cool Temperate Moist Cropland on Mountains","#216605",683,14.4576923076924,73.6153846153846,0.178467761230469
103,"Dactylorhiza sambucina",46.1304073799,7.08353794,"inat","Cool Temperate","Moist","Cropland","Mountains","Cool Temperate Moist",33,102,5,"Cool Temperate Moist Cropland on Mountains","#216605",751,14.4576923076924,73.6153846153846,0.178467761230469
103,"Bombus terrestris",46.8423621997,6.6813747,"inat","Cool Temperate","Moist","Cropland","Mountains","Cool Temperate Moist",33,102,5,"Cool Temperate Moist Cropland on Mountains","#216605",471,14.1807692307693,94.5384615384615,0.243921508789062
103,"Dactylorhiza sambucina",46.1291877,7.08503888,"inat","Cool Temperate","Moist","Cropland","Mountains","Cool Temperate Moist",33,102,5,"Cool Temperate Moist Cropland on Mountains","#216605",683,14.4576923076924,73.6153846153846,0.178467761230469
103,"Dactylorhiza sambucina",46.1253822735,7.079553986,"inat","Cool Temperate","Moist","Cropland","Mountains","Cool Temperate Moist",33,102,5,"Cool Temperate Moist Cropland on Mountains","#216605",570,12.9038461538462,76.6923076923077,0.202736584472656
103,"Dactylorhiza sambucina",46.1629666667,7.1405666667,"inat","Cool Temperate","Moist","Cropland","Mountains","Cool Temperate Moist",33,102,5,"Cool Temperate Moist Cropland on Mountains","#216605",1193,11.0884615384616,109.846153846154,0.217718798828125
103,"Bombus terrestris",47.2572166667,8.7070166667,"inat","Cool Temperate","Moist","Cropland","Mountains","Cool Temperate Moist",33,102,5,"Cool Temperate Moist Cropland on Mountains","#216605",512,14.7807692307692,84.2307692307692,0.234215942382812
103,"Dactylorhiza sambucina",46.12918145,7.08502194,"inat","Cool Temperate","Moist","Cropland","Mountains","Cool Temperate Moist",33,102,5,"Cool Temperate Moist Cropland on Mountains","#216605",683,14.4576923076924,73.6153846153846,0.178467761230469
103,"Bombus terrestris",46.6577449967,6.4963038638,"inat","Cool Temperate","Moist","Cropland","Mountains","Cool Temperate Moist",33,102,5,"Cool Temperate Moist Cropland on Mountains","#216605",534,14.1346153846154,78.5384615384615,0.179631164550781
103,"Bombus terrestris",46.8449396791,6.6822477872,"inat","Cool Temperate","Moist","Cropland","Mountains","Cool Temperate Moist",33,102,5,"Cool Temperate Moist Cropland on Mountains","#216605",520,14.1807692307693,94.5384615384615,0.2439189453125
103,"Bombus terrestris",46.3396766472,6.1865311861,"inat","Cool Temperate","Moist","Cropland","Mountains","Cool Temperate Moist",33,102,5,"Cool Temperate Moist Cropland on Mountains","#216605",415,15.5653846153846,94.8461538461538,0.228377783203125
103,"Bombus terrestris",46.7928394997,7.1560566997,"inat","Cool Temperate","Moist","Cropland","Mountains","Cool Temperate Moist",33,102,5,"Cool Temperate Moist Cropland on Mountains","#216605",629,13.8961538461539,78.3076923076923,0.169136572265625
103,"Bombus terrestris",47.0806708373,7.8258280177,"inat","Cool Temperate","Moist","Cropland","Mountains","Cool Temperate Moist",33,102,5,"Cool Temperate Moist Cropland on Mountains","#216605",718,13.0269230769231,95.7692307692308,0.189613330078125
103,"Bombus terrestris",46.8619216667,7.1283445,"inat","Cool Temperate","Moist","Cropland","Mountains","Cool Temperate Moist",33,102,5,"Cool Temperate Moist Cropland on Mountains","#216605",587,14.0653846153846,77.7692307692308,0.215349682617188
103,"Bombus terrestris",47.3807,8.6276166667,"inat","Cool Temperate","Moist","Cropland","Mountains","Cool Temperate Moist",33,102,5,"Cool Temperate Moist Cropland on Mountains","#216605",437,15.0653846153846,77.4615384615385,0.267209521484375
103,"Dactylorhiza sambucina",46.12585771,7.07988395,"inat","Cool Temperate","Moist","Cropland","Mountains","Cool Temperate Moist",33,102,5,"Cool Temperate Moist Cropland on Mountains","#216605",696,12.9038461538462,76.6923076923077,0.202736584472656
103,"Dactylorhiza sambucina",46.1298883901,7.08192552,"inat","Cool Temperate","Moist","Cropland","Mountains","Cool Temperate Moist",33,102,5,"Cool Temperate Moist Cropland on Mountains","#216605",751,12.9038461538462,76.6923076923077,0.167194421386719
103,"Bombus terrestris",46.8361908646,7.5788360462,"inat","Cool Temperate","Moist","Cropland","Mountains","Cool Temperate Moist",33,102,5,"Cool Temperate Moist Cropland on Mountains","#216605",549,14.2115384615385,80.7692307692308,0.2240341796875
103,"Dactylorhiza sambucina",46.11843,7.08292,"gbif","Cool Temperate","Moist","Cropland","Mountains","Cool Temperate Moist",33,102,5,"Cool Temperate Moist Cropland on Mountains","#216605",451,15.2500000000001,71,0.353284741210938
103,"Dactylorhiza sambucina",46.1283874599,7.08524577,"inat","Cool Temperate","Moist","Cropland","Mountains","Cool Temperate Moist",33,102,5,"Cool Temperate Moist Cropland on Mountains","#216605",683,14.4576923076924,73.6153846153846,0.201534143066406
103,"Bombus terrestris",47.4670562744,9.5537576675,"inat","Cool Temperate","Moist","Cropland","Mountains","Cool Temperate Moist",33,102,5,"Cool Temperate Moist Cropland on Mountains","#216605",458,14.0423076923077,89.5384615384615,0.272227270507812
103,"Dactylorhiza sambucina",46.1298883901,7.08192552,"inat","Cool Temperate","Moist","Cropland","Mountains","Cool Temperate Moist",33,102,5,"Cool Temperate Moist Cropland on Mountains","#216605",751,12.9038461538462,76.6923076923077,0.167194421386719
103,"Dactylorhiza sambucina",46.12920684,7.08511739,"inat","Cool Temperate","Moist","Cropland","Mountains","Cool Temperate Moist",33,102,5,"Cool Temperate Moist Cropland on Mountains","#216605",683,14.4576923076924,73.6153846153846,0.178467761230469
103,"Dactylorhiza sambucina",46.13970674,7.05125299,"inat","Cool Temperate","Moist","Cropland","Mountains","Cool Temperate Moist",33,102,5,"Cool Temperate Moist Cropland on Mountains","#216605",482,14.9653846153847,75.5384615384615,0.262907006835937
103,"Bombus terrestris",46.5448116667,6.603255,"inat","Cool Temperate","Moist","Cropland","Mountains","Cool Temperate Moist",33,102,5,"Cool Temperate Moist Cropland on Mountains","#216605",529,14.0423076923077,89.3076923076923,0.145309045410156
103,"Dactylorhiza sambucina",46.12693951,7.08258958,"inat","Cool Temperate","Moist","Cropland","Mountains","Cool Temperate Moist",33,102,5,"Cool Temperate Moist Cropland on Mountains","#216605",630,12.9038461538462,76.6923076923077,0.201531811523437
103,"Dactylorhiza sambucina",46.1291593999,7.0850032,"inat","Cool Temperate","Moist","Cropland","Mountains","Cool Temperate Moist",33,102,5,"Cool Temperate Moist Cropland on Mountains","#216605",683,14.4576923076924,73.6153846153846,0.201534143066406
103,"Dactylorhiza sambucina",46.1254493299,7.0787226146,"inat","Cool Temperate","Moist","Cropland","Mountains","Cool Temperate Moist",33,102,5,"Cool Temperate Moist Cropland on Mountains","#216605",570,12.9038461538462,76.6923076923077,0.202738623046875
103,"Dactylorhiza sambucina",46.12998089,7.08263644,"inat","Cool Temperate","Moist","Cropland","Mountains","Cool Temperate Moist",33,102,5,"Cool Temperate Moist Cropland on Mountains","#216605",751,12.9038461538462,76.6923076923077,0.178467761230469
103,"Dactylorhiza sambucina",46.12912244,7.08278006,"inat","Cool Temperate","Moist","Cropland","Mountains","Cool Temperate Moist",33,102,5,"Cool Temperate Moist Cropland on Mountains","#216605",751,12.9038461538462,76.6923076923077,0.201534143066406
103,"Dactylorhiza sambucina",46.1260936001,7.0812657999,"inat","Cool Temperate","Moist","Cropland","Mountains","Cool Temperate Moist",33,102,5,"Cool Temperate Moist Cropland on Mountains","#216605",630,12.9038461538462,76.6923076923077,0.202736584472656
103,"Dactylorhiza sambucina",46.1291217999,7.0827612001,"inat","Cool Temperate","Moist","Cropland","Mountains","Cool Temperate Moist",33,102,5,"Cool Temperate Moist Cropland on Mountains","#216605",751,12.9038461538462,76.6923076923077,0.201534143066406
103,"Bombus terrestris",47.578791,8.886038,"inat","Cool Temperate","Moist","Cropland","Mountains","Cool Temperate Moist",33,102,5,"Cool Temperate Moist Cropland on Mountains","#216605",391,14.8884615384616,62.3076923076923,0.180725378417969
103,"Dactylorhiza sambucina",46.1286472801,7.08546705,"inat","Cool Temperate","Moist","Cropland","Mountains","Cool Temperate Moist",33,102,5,"Cool Temperate Moist Cropland on Mountains","#216605",683,14.4576923076924,73.6153846153846,0.201532373046875
103,"Bombus terrestris",47.1296035857,9.2158498988,"inat","Cool Temperate","Moist","Cropland","Mountains","Cool Temperate Moist",33,102,5,"Cool Temperate Moist Cropland on Mountains","#216605",513,14.5730769230769,126.307692307692,0.55461787109375
103,"Dactylorhiza sambucina",46.13001852,7.0827692402,"inat","Cool Temperate","Moist","Cropland","Mountains","Cool Temperate Moist",33,102,5,"Cool Temperate Moist Cropland on Mountains","#216605",751,12.9038461538462,76.6923076923077,0.178467761230469
103,"Dactylorhiza sambucina",46.129226,7.08512988,"inat","Cool Temperate","Moist","Cropland","Mountains","Cool Temperate Moist",33,102,5,"Cool Temperate Moist Cropland on Mountains","#216605",683,14.4576923076924,73.6153846153846,0.178467761230469
103,"Bombus terrestris",47.2792561654,8.532552311,"inat","Cool Temperate","Moist","Cropland","Mountains","Cool Temperate Moist",33,102,5,"Cool Temperate Moist Cropland on Mountains","#216605",592,13.6961538461539,98.6923076923077,0.173502062988281
103,"Dactylorhiza sambucina",46.1260865801,7.08121489,"inat","Cool Temperate","Moist","Cropland","Mountains","Cool Temperate Moist",33,102,5,"Cool Temperate Moist Cropland on Mountains","#216605",630,12.9038461538462,76.6923076923077,0.202736584472656
103,"Dactylorhiza sambucina",46.1300760699,7.08288473,"inat","Cool Temperate","Moist","Cropland","Mountains","Cool Temperate Moist",33,102,5,"Cool Temperate Moist Cropland on Mountains","#216605",751,12.9038461538462,76.6923076923077,0.178467761230469
103,"Dactylorhiza sambucina",46.12608463,7.0812000801,"inat","Cool Temperate","Moist","Cropland","Mountains","Cool Temperate Moist",33,102,5,"Cool Temperate Moist Cropland on Mountains","#216605",630,12.9038461538462,76.6923076923077,0.202736584472656
103,"Bombus terrestris",47.4018864471,8.1659773087,"inat","Cool Temperate","Moist","Cropland","Mountains","Cool Temperate Moist",33,102,5,"Cool Temperate Moist Cropland on Mountains","#216605",391,14.9653846153847,70.2307692307692,0.214265087890625
103,"Bombus terrestris",47.4192116667,9.3302283333,"inat","Cool Temperate","Moist","Cropland","Mountains","Cool Temperate Moist",33,102,5,"Cool Temperate Moist Cropland on Mountains","#216605",634,12.9961538461539,97,0.274096850585938
103,"Bombus terrestris",47.4207916667,9.3334866667,"inat","Cool Temperate","Moist","Cropland","Mountains","Cool Temperate Moist",33,102,5,"Cool Temperate Moist Cropland on Mountains","#216605",612,13.2269230769231,96.3076923076923,0.274094580078125
103,"Bombus terrestris",47.4443992893,8.1041273109,"inat","Cool Temperate","Moist","Cropland","Mountains","Cool Temperate Moist",33,102,5,"Cool Temperate Moist Cropland on Mountains","#216605",558,14.0192307692308,94.7692307692308,0.190909619140625
103,"Dactylorhiza sambucina",46.13007554,7.08288426,"inat","Cool Temperate","Moist","Cropland","Mountains","Cool Temperate Moist",33,102,5,"Cool Temperate Moist Cropland on Mountains","#216605",751,12.9038461538462,76.6923076923077,0.178467761230469
103,"Dactylorhiza sambucina",46.1291817699,7.08502392,"inat","Cool Temperate","Moist","Cropland","Mountains","Cool Temperate Moist",33,102,5,"Cool Temperate Moist Cropland on Mountains","#216605",683,14.4576923076924,73.6153846153846,0.178467761230469
103,"Dactylorhiza sambucina",46.1300766,7.0828852,"inat","Cool Temperate","Moist","Cropland","Mountains","Cool Temperate Moist",33,102,5,"Cool Temperate Moist Cropland on Mountains","#216605",751,12.9038461538462,76.6923076923077,0.178467761230469
103,"Dactylorhiza sambucina",46.1304021301,7.08353381,"inat","Cool Temperate","Moist","Cropland","Mountains","Cool Temperate Moist",33,102,5,"Cool Temperate Moist Cropland on Mountains","#216605",751,14.4576923076924,73.6153846153846,0.178467761230469
103,"Bombus terrestris",47.30927,9.4337833333,"inat","Cool Temperate","Moist","Cropland","Mountains","Cool Temperate Moist",33,102,5,"Cool Temperate Moist Cropland on Mountains","#216605",829,12.0730769230769,101.307692307692,0.365353588867187
103,"Bombus terrestris",46.3740119934,6.1680278778,"inat","Cool Temperate","Moist","Cropland","Mountains","Cool Temperate Moist",33,102,5,"Cool Temperate Moist Cropland on Mountains","#216605",471,15.1269230769231,96.5384615384615,0.109502307128906
103,"Dactylorhiza sambucina",46.12612395,7.08133745,"inat","Cool Temperate","Moist","Cropland","Mountains","Cool Temperate Moist",33,102,5,"Cool Temperate Moist Cropland on Mountains","#216605",630,12.9038461538462,76.6923076923077,0.202736584472656
103,"Bombus terrestris",47.3006541812,7.9683380965,"inat","Cool Temperate","Moist","Cropland","Mountains","Cool Temperate Moist",33,102,5,"Cool Temperate Moist Cropland on Mountains","#216605",524,13.9423076923077,78.1538461538462,0.178777722167969
103,"Bombus terrestris",47.3339010053,8.5087723285,"inat","Cool Temperate","Moist","Cropland","Mountains","Cool Temperate Moist",33,102,5,"Cool Temperate Moist Cropland on Mountains","#216605",576,14.6346153846154,80.3846153846154,0.17727236328125
103,"Dactylorhiza sambucina",46.12608152,7.08117651,"inat","Cool Temperate","Moist","Cropland","Mountains","Cool Temperate Moist",33,102,5,"Cool Temperate Moist Cropland on Mountains","#216605",630,12.9038461538462,76.6923076923077,0.202736584472656
103,"Dactylorhiza sambucina",46.1291880901,7.0826238,"inat","Cool Temperate","Moist","Cropland","Mountains","Cool Temperate Moist",33,102,5,"Cool Temperate Moist Cropland on Mountains","#216605",751,12.9038461538462,76.6923076923077,0.178467761230469
103,"Dactylorhiza sambucina",46.1292096601,7.08512545,"inat","Cool Temperate","Moist","Cropland","Mountains","Cool Temperate Moist",33,102,5,"Cool Temperate Moist Cropland on Mountains","#216605",683,14.4576923076924,73.6153846153846,0.178467761230469
103,"Dactylorhiza sambucina",46.12992822,7.08206689,"inat","Cool Temperate","Moist","Cropland","Mountains","Cool Temperate Moist",33,102,5,"Cool Temperate Moist Cropland on Mountains","#216605",751,12.9038461538462,76.6923076923077,0.167194421386719
103,"Dactylorhiza sambucina",46.1261257099,7.08134444,"inat","Cool Temperate","Moist","Cropland","Mountains","Cool Temperate Moist",33,102,5,"Cool Temperate Moist Cropland on Mountains","#216605",630,12.9038461538462,76.6923076923077,0.202736584472656
103,"Dactylorhiza sambucina",46.12606737,7.0811143901,"inat","Cool Temperate","Moist","Cropland","Mountains","Cool Temperate Moist",33,102,5,"Cool Temperate Moist Cropland on Mountains","#216605",696,12.9038461538462,76.6923076923077,0.202736584472656
103,"Dactylorhiza sambucina",46.47105833,6.1065945,"inat","Cool Temperate","Moist","Cropland","Mountains","Cool Temperate Moist",33,102,5,"Cool Temperate Moist Cropland on Mountains","#216605",1296,9.82692307692309,135.615384615385,0.399993579101563
103,"Dactylorhiza sambucina",46.13975292,7.05133564,"inat","Cool Temperate","Moist","Cropland","Mountains","Cool Temperate Moist",33,102,5,"Cool Temperate Moist Cropland on Mountains","#216605",482,14.9653846153847,75.5384615384615,0.262907006835937
103,"Bombus terrestris",46.588655,6.6119083333,"inat","Cool Temperate","Moist","Cropland","Mountains","Cool Temperate Moist",33,102,5,"Cool Temperate Moist Cropland on Mountains","#216605",634,13.5576923076923,92.4615384615385,0.178304211425781
103,"Dactylorhiza sambucina",46.1300188801,7.0827705599,"inat","Cool Temperate","Moist","Cropland","Mountains","Cool Temperate Moist",33,102,5,"Cool Temperate Moist Cropland on Mountains","#216605",751,12.9038461538462,76.6923076923077,0.178467761230469
103,"Dactylorhiza sambucina",46.1254272461,7.0796403885,"inat","Cool Temperate","Moist","Cropland","Mountains","Cool Temperate Moist",33,102,5,"Cool Temperate Moist Cropland on Mountains","#216605",570,12.9038461538462,76.6923076923077,0.202736584472656
103,"Dactylorhiza sambucina",46.12606201,7.08109481,"inat","Cool Temperate","Moist","Cropland","Mountains","Cool Temperate Moist",33,102,5,"Cool Temperate Moist Cropland on Mountains","#216605",696,12.9038461538462,76.6923076923077,0.202736584472656
103,"Dactylorhiza sambucina",46.1274187394,7.0827144093,"inat","Cool Temperate","Moist","Cropland","Mountains","Cool Temperate Moist",33,102,5,"Cool Temperate Moist Cropland on Mountains","#216605",630,12.9038461538462,76.6923076923077,0.201534143066406
103,"Dactylorhiza sambucina",46.12998244,7.0826382201,"inat","Cool Temperate","Moist","Cropland","Mountains","Cool Temperate Moist",33,102,5,"Cool Temperate Moist Cropland on Mountains","#216605",751,12.9038461538462,76.6923076923077,0.178467761230469
103,"Dactylorhiza sambucina",46.12993541,7.08215359,"inat","Cool Temperate","Moist","Cropland","Mountains","Cool Temperate Moist",33,102,5,"Cool Temperate Moist Cropland on Mountains","#216605",751,12.9038461538462,76.6923076923077,0.167194421386719
103,"Bombus terrestris",47.4718751101,8.1301367152,"inat","Cool Temperate","Moist","Cropland","Mountains","Cool Temperate Moist",33,102,5,"Cool Temperate Moist Cropland on Mountains","#216605",575,13.9115384615385,90.8461538461538,0.169039367675781
103,"Dactylorhiza sambucina",46.12605051,7.08105281,"inat","Cool Temperate","Moist","Cropland","Mountains","Cool Temperate Moist",33,102,5,"Cool Temperate Moist Cropland on Mountains","#216605",696,12.9038461538462,76.6923076923077,0.202736584472656
103,"Dactylorhiza sambucina",46.1299302,7.0822268,"inat","Cool Temperate","Moist","Cropland","Mountains","Cool Temperate Moist",33,102,5,"Cool Temperate Moist Cropland on Mountains","#216605",751,12.9038461538462,76.6923076923077,0.167194421386719
103,"Dactylorhiza sambucina",46.1299295999,7.0822333999,"inat","Cool Temperate","Moist","Cropland","Mountains","Cool Temperate Moist",33,102,5,"Cool Temperate Moist Cropland on Mountains","#216605",751,12.9038461538462,76.6923076923077,0.167194421386719
103,"Dactylorhiza sambucina",46.1250876,7.080346,"inat","Cool Temperate","Moist","Cropland","Mountains","Cool Temperate Moist",33,102,5,"Cool Temperate Moist Cropland on Mountains","#216605",570,12.9038461538462,76.6923076923077,0.202736584472656
103,"Dactylorhiza sambucina",46.12602601,7.0807924899,"inat","Cool Temperate","Moist","Cropland","Mountains","Cool Temperate Moist",33,102,5,"Cool Temperate Moist Cropland on Mountains","#216605",696,12.9038461538462,76.6923076923077,0.202736584472656
103,"Bombus terrestris",47.5711438319,8.2350448836,"inat","Cool Temperate","Moist","Cropland","Mountains","Cool Temperate Moist",33,102,5,"Cool Temperate Moist Cropland on Mountains","#216605",330,15.4346153846154,70.5384615384615,0.27782744140625
103,"Dactylorhiza sambucina",46.12602083,7.0806475,"inat","Cool Temperate","Moist","Cropland","Mountains","Cool Temperate Moist",33,102,5,"Cool Temperate Moist Cropland on Mountains","#216605",696,12.9038461538462,76.6923076923077,0.202736584472656
103,"Dactylorhiza sambucina",46.3446525833,7.6718741296,"inat","Cool Temperate","Moist","Cropland","Mountains","Cool Temperate Moist",33,102,5,"Cool Temperate Moist Cropland on Mountains","#216605",2173,3.80384615384617,121,0.46002958984375
103,"Bombus terrestris",47.4176819139,7.7148879762,"inat","Cool Temperate","Moist","Cropland","Mountains","Cool Temperate Moist",33,102,5,"Cool Temperate Moist Cropland on Mountains","#216605",655,13.8807692307693,66.1538461538462,0.201753515625
103,"Bombus terrestris",46.2360967309,6.0708035725,"inat","Cool Temperate","Moist","Cropland","Mountains","Cool Temperate Moist",33,102,5,"Cool Temperate Moist Cropland on Mountains","#216605",414,15.85,89.4615384615385,0.119150427246094
103,"Bombus terrestris",46.5848888889,7.0830388889,"inat","Cool Temperate","Moist","Cropland","Mountains","Cool Temperate Moist",33,102,5,"Cool Temperate Moist Cropland on Mountains","#216605",770,13.1884615384616,81.1538461538462,0.307336303710938
103,"Dactylorhiza sambucina",46.12498973,7.0795875501,"inat","Cool Temperate","Moist","Cropland","Mountains","Cool Temperate Moist",33,102,5,"Cool Temperate Moist Cropland on Mountains","#216605",570,12.9038461538462,76.6923076923077,0.249126806640625
103,"Dactylorhiza sambucina",46.1304021301,7.08353381,"inat","Cool Temperate","Moist","Cropland","Mountains","Cool Temperate Moist",33,102,5,"Cool Temperate Moist Cropland on Mountains","#216605",751,14.4576923076924,73.6153846153846,0.178467761230469
103,"Dactylorhiza sambucina",46.12498941,7.07959402,"inat","Cool Temperate","Moist","Cropland","Mountains","Cool Temperate Moist",33,102,5,"Cool Temperate Moist Cropland on Mountains","#216605",570,12.9038461538462,76.6923076923077,0.249126806640625
103,"Bombus terrestris",47.4759334,9.1867441,"inat","Cool Temperate","Moist","Cropland","Mountains","Cool Temperate Moist",33,102,5,"Cool Temperate Moist Cropland on Mountains","#216605",585,13.3423076923077,84.8461538461538,0.132516870117187
103,"Bombus terrestris",47.4834327697,8.1720056533,"inat","Cool Temperate","Moist","Cropland","Mountains","Cool Temperate Moist",33,102,5,"Cool Temperate Moist Cropland on Mountains","#216605",482,14.3961538461539,84.5384615384615,0.168325463867187
103,"Dactylorhiza sambucina",46.1300760699,7.08288473,"inat","Cool Temperate","Moist","Cropland","Mountains","Cool Temperate Moist",33,102,5,"Cool Temperate Moist Cropland on Mountains","#216605",751,12.9038461538462,76.6923076923077,0.178467761230469
103,"Bombus terrestris",46.7928237915,7.156226635,"inat","Cool Temperate","Moist","Cropland","Mountains","Cool Temperate Moist",33,102,5,"Cool Temperate Moist Cropland on Mountains","#216605",629,13.8961538461539,78.3076923076923,0.169136572265625
103,"Dactylorhiza sambucina",46.1263819299,7.0816887401,"inat","Cool Temperate","Moist","Cropland","Mountains","Cool Temperate Moist",33,102,5,"Cool Temperate Moist Cropland on Mountains","#216605",630,12.9038461538462,76.6923076923077,0.202736584472656
103,"Bombus terrestris",47.414489,8.6835699722,"inat","Cool Temperate","Moist","Cropland","Mountains","Cool Temperate Moist",33,102,5,"Cool Temperate Moist Cropland on Mountains","#216605",512,14.6576923076923,71.6923076923077,0.202937268066406
103,"Dactylorhiza sambucina",46.12998244,7.0826382201,"inat","Cool Temperate","Moist","Cropland","Mountains","Cool Temperate Moist",33,102,5,"Cool Temperate Moist Cropland on Mountains","#216605",751,12.9038461538462,76.6923076923077,0.178467761230469
103,"Bombus terrestris",47.5986377269,9.0350956003,"inat","Cool Temperate","Moist","Cropland","Mountains","Cool Temperate Moist",33,102,5,"Cool Temperate Moist Cropland on Mountains","#216605",433,14.35,61.3846153846154,0.21449453125
103,"Bombus terrestris",46.5224571228,6.5755963326,"inat","Cool Temperate","Moist","Cropland","Mountains","Cool Temperate Moist",33,102,5,"Cool Temperate Moist Cropland on Mountains","#216605",397,14.9423076923077,81.9230769230769,0.216032348632813
103,"Dactylorhiza sambucina",46.1292579001,7.0852622,"inat","Cool Temperate","Moist","Cropland","Mountains","Cool Temperate Moist",33,102,5,"Cool Temperate Moist Cropland on Mountains","#216605",683,14.4576923076924,73.6153846153846,0.178467761230469
103,"Dactylorhiza sambucina",46.129934,7.08212133,"inat","Cool Temperate","Moist","Cropland","Mountains","Cool Temperate Moist",33,102,5,"Cool Temperate Moist Cropland on Mountains","#216605",751,12.9038461538462,76.6923076923077,0.167194421386719
103,"Bombus terrestris",47.4276181896,7.7610852775,"inat","Cool Temperate","Moist","Cropland","Mountains","Cool Temperate Moist",33,102,5,"Cool Temperate Moist Cropland on Mountains","#216605",545,14.2884615384615,64.7692307692308,0.132097875976563
103,"Dactylorhiza sambucina",46.1291617199,7.08274154,"inat","Cool Temperate","Moist","Cropland","Mountains","Cool Temperate Moist",33,102,5,"Cool Temperate Moist Cropland on Mountains","#216605",751,12.9038461538462,76.6923076923077,0.201534143066406
103,"Dactylorhiza sambucina",46.125,7.0781666667,"inat","Cool Temperate","Moist","Cropland","Mountains","Cool Temperate Moist",33,102,5,"Cool Temperate Moist Cropland on Mountains","#216605",625,12.9038461538462,76.6923076923077,0.202738623046875
103,"Dactylorhiza sambucina",46.12498909,7.0796004801,"inat","Cool Temperate","Moist","Cropland","Mountains","Cool Temperate Moist",33,102,5,"Cool Temperate Moist Cropland on Mountains","#216605",570,12.9038461538462,76.6923076923077,0.249126806640625
103,"Dactylorhiza sambucina",46.12992689,7.0820615601,"inat","Cool Temperate","Moist","Cropland","Mountains","Cool Temperate Moist",33,102,5,"Cool Temperate Moist Cropland on Mountains","#216605",751,12.9038461538462,76.6923076923077,0.167194421386719
103,"Dactylorhiza sambucina",46.12635629,7.0816413399,"inat","Cool Temperate","Moist","Cropland","Mountains","Cool Temperate Moist",33,102,5,"Cool Temperate Moist Cropland on Mountains","#216605",630,12.9038461538462,76.6923076923077,0.202736584472656
103,"Dactylorhiza sambucina",46.12606971,7.08112293,"inat","Cool Temperate","Moist","Cropland","Mountains","Cool Temperate Moist",33,102,5,"Cool Temperate Moist Cropland on Mountains","#216605",696,12.9038461538462,76.6923076923077,0.202736584472656
103,"Dactylorhiza sambucina",46.129934,7.08212133,"inat","Cool Temperate","Moist","Cropland","Mountains","Cool Temperate Moist",33,102,5,"Cool Temperate Moist Cropland on Mountains","#216605",751,12.9038461538462,76.6923076923077,0.167194421386719
103,"Dactylorhiza sambucina",46.12602175,7.08068325,"inat","Cool Temperate","Moist","Cropland","Mountains","Cool Temperate Moist",33,102,5,"Cool Temperate Moist Cropland on Mountains","#216605",696,12.9038461538462,76.6923076923077,0.202736584472656
103,"Dactylorhiza sambucina",46.1260870799,7.08121872,"inat","Cool Temperate","Moist","Cropland","Mountains","Cool Temperate Moist",33,102,5,"Cool Temperate Moist Cropland on Mountains","#216605",630,12.9038461538462,76.6923076923077,0.202736584472656
103,"Bombus terrestris",46.8298457631,7.1949700266,"inat","Cool Temperate","Moist","Cropland","Mountains","Cool Temperate Moist",33,102,5,"Cool Temperate Moist Cropland on Mountains","#216605",669,13.6423076923077,80.6923076923077,0.188836669921875
103,"Dactylorhiza sambucina",46.12606318,7.08109908,"inat","Cool Temperate","Moist","Cropland","Mountains","Cool Temperate Moist",33,102,5,"Cool Temperate Moist Cropland on Mountains","#216605",696,12.9038461538462,76.6923076923077,0.202736584472656
103,"Dactylorhiza sambucina",46.0821169437,7.1705501649,"inat","Cool Temperate","Moist","Cropland","Mountains","Cool Temperate Moist",33,102,5,"Cool Temperate Moist Cropland on Mountains","#216605",799,13.0807692307692,84.7692307692308,0.61147041015625
103,"Dactylorhiza sambucina",46.1292130001,7.085135,"inat","Cool Temperate","Moist","Cropland","Mountains","Cool Temperate Moist",33,102,5,"Cool Temperate Moist Cropland on Mountains","#216605",683,14.4576923076924,73.6153846153846,0.178467761230469
103,"Bombus terrestris",47.3486237938,8.5174220117,"inat","Cool Temperate","Moist","Cropland","Mountains","Cool Temperate Moist",33,102,5,"Cool Temperate Moist Cropland on Mountains","#216605",437,15.1192307692308,75.3076923076923,0.277886108398438
103,"Bombus terrestris",46.8113106,7.5145406,"inat","Cool Temperate","Moist","Cropland","Mountains","Cool Temperate Moist",33,102,5,"Cool Temperate Moist Cropland on Mountains","#216605",547,14.2192307692308,83.6153846153846,0.201482409667969
103,"Dactylorhiza sambucina",46.129123,7.082778,"inat","Cool Temperate","Moist","Cropland","Mountains","Cool Temperate Moist",33,102,5,"Cool Temperate Moist Cropland on Mountains","#216605",751,12.9038461538462,76.6923076923077,0.201534143066406
103,"Dactylorhiza sambucina",46.1250869,7.080345,"inat","Cool Temperate","Moist","Cropland","Mountains","Cool Temperate Moist",33,102,5,"Cool Temperate Moist Cropland on Mountains","#216605",570,12.9038461538462,76.6923076923077,0.202736584472656
103,"Dactylorhiza sambucina",46.1266975826,7.08202824,"inat","Cool Temperate","Moist","Cropland","Mountains","Cool Temperate Moist",33,102,5,"Cool Temperate Moist Cropland on Mountains","#216605",630,12.9038461538462,76.6923076923077,0.202736584472656
103,"Dactylorhiza sambucina",46.12920799,7.08512067,"inat","Cool Temperate","Moist","Cropland","Mountains","Cool Temperate Moist",33,102,5,"Cool Temperate Moist Cropland on Mountains","#216605",683,14.4576923076924,73.6153846153846,0.178467761230469
103,"Dactylorhiza sambucina",46.12916582,7.08280491,"inat","Cool Temperate","Moist","Cropland","Mountains","Cool Temperate Moist",33,102,5,"Cool Temperate Moist Cropland on Mountains","#216605",751,12.9038461538462,76.6923076923077,0.201534143066406
103,"Bombus terrestris",47.1473356775,6.9859873083,"inat","Cool Temperate","Moist","Cropland","Mountains","Cool Temperate Moist",33,102,5,"Cool Temperate Moist Cropland on Mountains","#216605",831,12.4423076923077,96.7692307692308,0.42621220703125
103,"Dactylorhiza sambucina",46.12607,7.081124,"inat","Cool Temperate","Moist","Cropland","Mountains","Cool Temperate Moist",33,102,5,"Cool Temperate Moist Cropland on Mountains","#216605",696,12.9038461538462,76.6923076923077,0.202736584472656
105,"Bombus terrestris",46.22042704,6.15110342,"inat","Cool Temperate","Moist","Forest","Hills","Cool Temperate Moist",2,99,1,"Cool Temperate Moist Forest on Hills","#026301",383,16.1653846153847,83.3846153846154,0.263863891601562
105,"Bombus terrestris",47.570275,7.6506283333,"inat","Cool Temperate","Moist","Forest","Hills","Cool Temperate Moist",2,99,1,"Cool Temperate Moist Forest on Hills","#026301",332,15.2807692307692,63.3846153846154,0.249599438476562
105,"Bombus terrestris",47.5702228311,7.6505124787,"inat","Cool Temperate","Moist","Forest","Hills","Cool Temperate Moist",2,99,1,"Cool Temperate Moist Forest on Hills","#026301",332,15.2807692307692,63.3846153846154,0.249599438476562
105,"Bombus terrestris",47.6273061599,9.21007082,"inat","Cool Temperate","Moist","Forest","Hills","Cool Temperate Moist",2,99,1,"Cool Temperate Moist Forest on Hills","#026301",471,13.9423076923077,63.3846153846154,0.205715283203125
105,"Bombus terrestris",47.5702283333,7.65052,"inat","Cool Temperate","Moist","Forest","Hills","Cool Temperate Moist",2,99,1,"Cool Temperate Moist Forest on Hills","#026301",332,15.2807692307692,63.3846153846154,0.249599438476562
107,"Dactylorhiza sambucina",46.3583416667,8.0412971667,"inat","Cool Temperate","Moist","Grassland","Mountains","Cool Temperate Moist",26,83,0,"Cool Temperate Moist Grassland on Mountains","#1A5300",1001,10.0576923076923,110.846153846154,0.813698583984375
107,"Dactylorhiza sambucina",46.31898,7.847195,"inat","Cool Temperate","Moist","Grassland","Mountains","Cool Temperate Moist",26,83,0,"Cool Temperate Moist Grassland on Mountains","#1A5300",1303,9.19615384615389,84,0.337086376953125
107,"Dactylorhiza sambucina",46.3703193665,8.2158489227,"inat","Cool Temperate","Moist","Grassland","Mountains","Cool Temperate Moist",26,83,0,"Cool Temperate Moist Grassland on Mountains","#1A5300",1571,7.12692307692311,152.846153846154,0.81769951171875
107,"Dactylorhiza sambucina",46.1410741812,7.0913513484,"inat","Cool Temperate","Moist","Grassland","Mountains","Cool Temperate Moist",26,83,0,"Cool Temperate Moist Grassland on Mountains","#1A5300",1045,11.3807692307693,84.7692307692308,0.1581419921875
107,"Dactylorhiza sambucina",46.12,7.14,"gbif","Cool Temperate","Moist","Grassland","Mountains","Cool Temperate Moist",26,83,0,"Cool Temperate Moist Grassland on Mountains","#1A5300",592,14.8192307692308,75.3076923076923,0.397899975585937
107,"Dactylorhiza sambucina",46.1371411926,7.0933918026,"inat","Cool Temperate","Moist","Grassland","Mountains","Cool Temperate Moist",26,83,0,"Cool Temperate Moist Grassland on Mountains","#1A5300",838,13.5730769230769,79.9230769230769,0.180799731445313
107,"Dactylorhiza sambucina",46.12932571,7.08024331,"inat","Cool Temperate","Moist","Grassland","Mountains","Cool Temperate Moist",26,83,0,"Cool Temperate Moist Grassland on Mountains","#1A5300",839,12.9038461538462,76.6923076923077,0.167194421386719
107,"Dactylorhiza sambucina",46.4309044193,6.0999148766,"inat","Cool Temperate","Moist","Grassland","Mountains","Cool Temperate Moist",26,83,0,"Cool Temperate Moist Grassland on Mountains","#1A5300",1550,8.59615384615387,146.692307692308,0.411819482421875
107,"Bombus terrestris",46.2925590212,7.0290642936,"inat","Cool Temperate","Moist","Grassland","Mountains","Cool Temperate Moist",26,83,0,"Cool Temperate Moist Grassland on Mountains","#1A5300",1060,10.7653846153847,95.3076923076923,0.296932299804687
107,"Dactylorhiza sambucina",46.12933194,7.08025129,"inat","Cool Temperate","Moist","Grassland","Mountains","Cool Temperate Moist",26,83,0,"Cool Temperate Moist Grassland on Mountains","#1A5300",839,12.9038461538462,76.6923076923077,0.167194421386719
107,"Dactylorhiza sambucina",46.5092277778,7.2698702778,"inat","Cool Temperate","Moist","Grassland","Mountains","Cool Temperate Moist",26,83,0,"Cool Temperate Moist Grassland on Mountains","#1A5300",1635,7.45769230769235,126.307692307692,0.496461376953125
107,"Dactylorhiza sambucina",46.5209094901,8.6860624887,"inat","Cool Temperate","Moist","Grassland","Mountains","Cool Temperate Moist",26,83,0,"Cool Temperate Moist Grassland on Mountains","#1A5300",1331,8.64230769230772,127.923076923077,0.86800986328125
107,"Dactylorhiza sambucina",46.3547396971,6.7914269865,"inat","Cool Temperate","Moist","Grassland","Mountains","Cool Temperate Moist",26,83,0,"Cool Temperate Moist Grassland on Mountains","#1A5300",1632,7.06538461538463,157,0.412851513671875
107,"Bombus terrestris",46.567629451,7.8848758916,"inat","Cool Temperate","Moist","Grassland","Mountains","Cool Temperate Moist",26,83,0,"Cool Temperate Moist Grassland on Mountains","#1A5300",1908,5.29615384615386,168.846153846154,0.717744482421875
107,"Dactylorhiza sambucina",46.12889651,7.08136775,"inat","Cool Temperate","Moist","Grassland","Mountains","Cool Temperate Moist",26,83,0,"Cool Temperate Moist Grassland on Mountains","#1A5300",751,12.9038461538462,76.6923076923077,0.202737145996094
107,"Bombus terrestris",47.2084649259,8.9843279798,"inat","Cool Temperate","Moist","Grassland","Mountains","Cool Temperate Moist",26,83,0,"Cool Temperate Moist Grassland on Mountains","#1A5300",404,15.0653846153846,109.230769230769,0.185317590332031
107,"Dactylorhiza sambucina",46.5323133333,8.589305,"inat","Cool Temperate","Moist","Grassland","Mountains","Cool Temperate Moist",26,83,0,"Cool Temperate Moist Grassland on Mountains","#1A5300",1438,8.53461538461539,161.846153846154,0.70324375
107,"Bombus terrestris",46.37658,8.02565,"inat","Cool Temperate","Moist","Grassland","Mountains","Cool Temperate Moist",26,83,0,"Cool Temperate Moist Grassland on Mountains","#1A5300",1905,4.97307692307697,144.538461538462,0.518058935546875
107,"Dactylorhiza sambucina",46.4913243419,8.2763091012,"inat","Cool Temperate","Moist","Grassland","Mountains","Cool Temperate Moist",26,83,0,"Cool Temperate Moist Grassland on Mountains","#1A5300",1367,8.38846153846157,169.615384615385,0.767102783203125
107,"Bombus terrestris",46.7855955049,7.3800994707,"inat","Cool Temperate","Moist","Grassland","Mountains","Cool Temperate Moist",26,83,0,"Cool Temperate Moist Grassland on Mountains","#1A5300",899,12.1807692307693,91.1538461538462,0.282201513671875
107,"Bombus terrestris",47.112,8.7768083333,"inat","Cool Temperate","Moist","Grassland","Mountains","Cool Temperate Moist",26,83,0,"Cool Temperate Moist Grassland on Mountains","#1A5300",896,11.9653846153847,130.307692307692,0.4422822265625
107,"Dactylorhiza sambucina",46.129077,7.079437,"inat","Cool Temperate","Moist","Grassland","Mountains","Cool Temperate Moist",26,83,0,"Cool Temperate Moist Grassland on Mountains","#1A5300",839,12.9038461538462,76.6923076923077,0.202737145996094
107,"Dactylorhiza sambucina",46.12,7.14,"gbif","Cool Temperate","Moist","Grassland","Mountains","Cool Temperate Moist",26,83,0,"Cool Temperate Moist Grassland on Mountains","#1A5300",592,14.8192307692308,75.3076923076923,0.397899975585937
107,"Dactylorhiza sambucina",46.5135932,8.3225613,"inat","Cool Temperate","Moist","Grassland","Mountains","Cool Temperate Moist",26,83,0,"Cool Temperate Moist Grassland on Mountains","#1A5300",1343,8.46538461538466,170.615384615385,0.93426259765625
107,"Bombus terrestris",47.2014071811,8.6792423185,"inat","Cool Temperate","Moist","Grassland","Mountains","Cool Temperate Moist",26,83,0,"Cool Temperate Moist Grassland on Mountains","#1A5300",592,14.0269230769231,99.8461538461538,0.295066284179687
107,"Dactylorhiza sambucina",46.346225,6.7914583333,"inat","Cool Temperate","Moist","Grassland","Mountains","Cool Temperate Moist",26,83,0,"Cool Temperate Moist Grassland on Mountains","#1A5300",1842,5.72692307692313,164.076923076923,0.516821435546875
107,"Dactylorhiza sambucina",46.128855,7.081556,"inat","Cool Temperate","Moist","Grassland","Mountains","Cool Temperate Moist",26,83,0,"Cool Temperate Moist Grassland on Mountains","#1A5300",751,12.9038461538462,76.6923076923077,0.202737145996094
107,"Dactylorhiza sambucina",46.0861528333,7.1803883333,"inat","Cool Temperate","Moist","Grassland","Mountains","Cool Temperate Moist",26,83,0,"Cool Temperate Moist Grassland on Mountains","#1A5300",830,12.4576923076924,86.3846153846154,0.650083154296875
107,"Dactylorhiza sambucina",46.12890397,7.08148886,"inat","Cool Temperate","Moist","Grassland","Mountains","Cool Temperate Moist",26,83,0,"Cool Temperate Moist Grassland on Mountains","#1A5300",751,12.9038461538462,76.6923076923077,0.202737145996094
107,"Dactylorhiza sambucina",46.12,7.14,"gbif","Cool Temperate","Moist","Grassland","Mountains","Cool Temperate Moist",26,83,0,"Cool Temperate Moist Grassland on Mountains","#1A5300",592,14.8192307692308,75.3076923076923,0.397899975585937
107,"Dactylorhiza sambucina",46.4253998935,6.0995796695,"inat","Cool Temperate","Moist","Grassland","Mountains","Cool Temperate Moist",26,83,0,"Cool Temperate Moist Grassland on Mountains","#1A5300",1615,8.63461538461542,146.615384615385,0.388034130859375
107,"Dactylorhiza sambucina",46.5343477927,8.3495309204,"inat","Cool Temperate","Moist","Grassland","Mountains","Cool Temperate Moist",26,83,0,"Cool Temperate Moist Grassland on Mountains","#1A5300",1381,7.25769230769231,176.615384615385,0.9560171875
107,"Dactylorhiza sambucina",46.12930253,7.08021517,"inat","Cool Temperate","Moist","Grassland","Mountains","Cool Temperate Moist",26,83,0,"Cool Temperate Moist Grassland on Mountains","#1A5300",839,12.9038461538462,76.6923076923077,0.167194421386719
107,"Dactylorhiza sambucina",46.3915549712,8.0485495897,"inat","Cool Temperate","Moist","Grassland","Mountains","Cool Temperate Moist",26,83,0,"Cool Temperate Moist Grassland on Mountains","#1A5300",2180,3.08846153846156,166.538461538462,0.555483251953125
107,"Bombus terrestris",46.80717,10.24205,"inat","Cool Temperate","Moist","Grassland","Mountains","Cool Temperate Moist",26,83,0,"Cool Temperate Moist Grassland on Mountains","#1A5300",2111,4.89615384615388,82.9230769230769,0.8605095703125
107,"Dactylorhiza sambucina",46.4308156838,6.0994857232,"inat","Cool Temperate","Moist","Grassland","Mountains","Cool Temperate Moist",26,83,0,"Cool Temperate Moist Grassland on Mountains","#1A5300",1526,8.63461538461542,146.615384615385,0.422863427734375
107,"Dactylorhiza sambucina",46.3805068,8.0321715,"inat","Cool Temperate","Moist","Grassland","Mountains","Cool Temperate Moist",26,83,0,"Cool Temperate Moist Grassland on Mountains","#1A5300",2014,4.97307692307697,144.538461538462,0.60155234375
107,"Dactylorhiza sambucina",46.4988866667,8.28723,"inat","Cool Temperate","Moist","Grassland","Mountains","Cool Temperate Moist",26,83,0,"Cool Temperate Moist Grassland on Mountains","#1A5300",1348,8.60384615384618,170.615384615385,1.02840908203125
107,"Dactylorhiza sambucina",46.2824668884,8.486700058,"inat","Cool Temperate","Moist","Grassland","Mountains","Cool Temperate Moist",26,83,0,"Cool Temperate Moist Grassland on Mountains","#1A5300",1398,9.05000000000001,186.384615384615,0.779909912109375
107,"Bombus terrestris",47.4372116667,9.253745,"inat","Cool Temperate","Moist","Grassland","Mountains","Cool Temperate Moist",26,83,0,"Cool Temperate Moist Grassland on Mountains","#1A5300",630,12.9884615384616,90.8461538461538,0.247888793945312
107,"Dactylorhiza sambucina",46.12,7.14,"gbif","Cool Temperate","Moist","Grassland","Mountains","Cool Temperate Moist",26,83,0,"Cool Temperate Moist Grassland on Mountains","#1A5300",592,14.8192307692308,75.3076923076923,0.397899975585937
107,"Dactylorhiza sambucina",46.128685213,7.0781359895,"inat","Cool Temperate","Moist","Grassland","Mountains","Cool Temperate Moist",26,83,0,"Cool Temperate Moist Grassland on Mountains","#1A5300",935,12.9038461538462,76.6923076923077,0.202738439941406
107,"Dactylorhiza sambucina",46.4114083333,7.77003,"inat","Cool Temperate","Moist","Grassland","Mountains","Cool Temperate Moist",26,83,0,"Cool Temperate Moist Grassland on Mountains","#1A5300",2006,4.74230769230775,149.384615384615,0.536526611328125
107,"Dactylorhiza sambucina",46.12,7.14,"gbif","Cool Temperate","Moist","Grassland","Mountains","Cool Temperate Moist",26,83,0,"Cool Temperate Moist Grassland on Mountains","#1A5300",592,14.8192307692308,75.3076923076923,0.397899975585937
107,"Dactylorhiza sambucina",46.3810920531,9.0482937265,"inat","Cool Temperate","Moist","Grassland","Mountains","Cool Temperate Moist",26,83,0,"Cool Temperate Moist Grassland on Mountains","#1A5300",1460,9.85769230769233,137.538461538462,0.787281396484375
107,"Bombus terrestris",47.1119611667,8.77703,"inat","Cool Temperate","Moist","Grassland","Mountains","Cool Temperate Moist",26,83,0,"Cool Temperate Moist Grassland on Mountains","#1A5300",896,11.9653846153847,130.307692307692,0.4422822265625
107,"Dactylorhiza sambucina",46.1296730999,7.0813753,"inat","Cool Temperate","Moist","Grassland","Mountains","Cool Temperate Moist",26,83,0,"Cool Temperate Moist Grassland on Mountains","#1A5300",751,12.9038461538462,76.6923076923077,0.167194421386719
107,"Dactylorhiza sambucina",46.12950789,7.08064884,"inat","Cool Temperate","Moist","Grassland","Mountains","Cool Temperate Moist",26,83,0,"Cool Temperate Moist Grassland on Mountains","#1A5300",839,12.9038461538462,76.6923076923077,0.167194421386719
107,"Dactylorhiza sambucina",46.12939831,7.08027972,"inat","Cool Temperate","Moist","Grassland","Mountains","Cool Temperate Moist",26,83,0,"Cool Temperate Moist Grassland on Mountains","#1A5300",839,12.9038461538462,76.6923076923077,0.167194421386719
107,"Dactylorhiza sambucina",46.0747403665,7.1418306794,"inat","Cool Temperate","Moist","Grassland","Mountains","Cool Temperate Moist",26,83,0,"Cool Temperate Moist Grassland on Mountains","#1A5300",769,12.4961538461539,91.0769230769231,0.344978930664062
107,"Dactylorhiza sambucina",46.200325,8.0571616667,"inat","Cool Temperate","Moist","Grassland","Mountains","Cool Temperate Moist",26,83,0,"Cool Temperate Moist Grassland on Mountains","#1A5300",1535,6.85000000000002,135.230769230769,0.605857080078125
107,"Bombus terrestris",47.4834166667,9.1828716667,"inat","Cool Temperate","Moist","Grassland","Mountains","Cool Temperate Moist",26,83,0,"Cool Temperate Moist Grassland on Mountains","#1A5300",567,13.4346153846154,84.3846153846154,0.153551049804688
107,"Dactylorhiza sambucina",46.3318634033,7.7854948044,"inat","Cool Temperate","Moist","Grassland","Mountains","Cool Temperate Moist",26,83,0,"Cool Temperate Moist Grassland on Mountains","#1A5300",1765,7.56538461538463,87.2307692307692,0.47562783203125
107,"Dactylorhiza sambucina",46.3811264036,8.0349121092,"inat","Cool Temperate","Moist","Grassland","Mountains","Cool Temperate Moist",26,83,0,"Cool Temperate Moist Grassland on Mountains","#1A5300",1971,5.71923076923082,142.846153846154,0.542917822265625
107,"Dactylorhiza sambucina",46.4116779067,7.7679837495,"inat","Cool Temperate","Moist","Grassland","Mountains","Cool Temperate Moist",26,83,0,"Cool Temperate Moist Grassland on Mountains","#1A5300",2040,4.74230769230775,149.384615384615,0.52309853515625
107,"Dactylorhiza sambucina",46.3358241818,7.6566123962,"inat","Cool Temperate","Moist","Grassland","Mountains","Cool Temperate Moist",26,83,0,"Cool Temperate Moist Grassland on Mountains","#1A5300",1694,6.69615384615389,106.307692307692,0.54258896484375
107,"Dactylorhiza sambucina",46.4954668666,7.6364861199,"inat","Cool Temperate","Moist","Grassland","Mountains","Cool Temperate Moist",26,83,0,"Cool Temperate Moist Grassland on Mountains","#1A5300",2135,4.19615384615389,162,0.46985751953125
107,"Dactylorhiza sambucina",46.1282694444,7.1482111111,"inat","Cool Temperate","Moist","Grassland","Mountains","Cool Temperate Moist",26,83,0,"Cool Temperate Moist Grassland on Mountains","#1A5300",602,15.0500000000001,74.3846153846154,0.581185986328125
107,"Dactylorhiza sambucina",46.29787,7.92533,"gbif","Cool Temperate","Moist","Grassland","Mountains","Cool Temperate Moist",26,83,0,"Cool Temperate Moist Grassland on Mountains","#1A5300",647,12.6961538461539,72.7692307692308,0.730912109375
107,"Dactylorhiza sambucina",46.1288551299,7.08155657,"inat","Cool Temperate","Moist","Grassland","Mountains","Cool Temperate Moist",26,83,0,"Cool Temperate Moist Grassland on Mountains","#1A5300",751,12.9038461538462,76.6923076923077,0.202737145996094
107,"Dactylorhiza sambucina",46.3837866667,8.0949528333,"inat","Cool Temperate","Moist","Grassland","Mountains","Cool Temperate Moist",26,83,0,"Cool Temperate Moist Grassland on Mountains","#1A5300",1340,8.11153846153849,140.153846153846,0.814398779296875
107,"Dactylorhiza sambucina",46.12884733,7.08148,"inat","Cool Temperate","Moist","Grassland","Mountains","Cool Temperate Moist",26,83,0,"Cool Temperate Moist Grassland on Mountains","#1A5300",751,12.9038461538462,76.6923076923077,0.202737145996094
107,"Dactylorhiza sambucina",46.390997587,8.0694945197,"inat","Cool Temperate","Moist","Grassland","Mountains","Cool Temperate Moist",26,83,0,"Cool Temperate Moist Grassland on Mountains","#1A5300",1989,5.74230769230775,152.076923076923,0.5567662109375
107,"Dactylorhiza sambucina",46.40370602,8.13779198,"inat","Cool Temperate","Moist","Grassland","Mountains","Cool Temperate Moist",26,83,0,"Cool Temperate Moist Grassland on Mountains","#1A5300",1088,10.473076923077,130.846153846154,0.8721912109375
107,"Dactylorhiza sambucina",46.3872130259,8.0647960936,"inat","Cool Temperate","Moist","Grassland","Mountains","Cool Temperate Moist",26,83,0,"Cool Temperate Moist Grassland on Mountains","#1A5300",1806,5.65769230769234,152.153846153846,0.83950966796875
107,"Dactylorhiza sambucina",46.1296135999,7.0812414001,"inat","Cool Temperate","Moist","Grassland","Mountains","Cool Temperate Moist",26,83,0,"Cool Temperate Moist Grassland on Mountains","#1A5300",751,12.9038461538462,76.6923076923077,0.167194421386719
107,"Bombus terrestris",46.6861893,7.8575267,"inat","Cool Temperate","Moist","Grassland","Mountains","Cool Temperate Moist",26,83,0,"Cool Temperate Moist Grassland on Mountains","#1A5300",559,14.0423076923078,96.6153846153846,0.54046513671875
107,"Dactylorhiza sambucina",46.41152363,7.7699867,"inat","Cool Temperate","Moist","Grassland","Mountains","Cool Temperate Moist",26,83,0,"Cool Temperate Moist Grassland on Mountains","#1A5300",2006,4.74230769230775,149.384615384615,0.536526611328125
107,"Dactylorhiza sambucina",46.41114585,7.7687419,"inat","Cool Temperate","Moist","Grassland","Mountains","Cool Temperate Moist",26,83,0,"Cool Temperate Moist Grassland on Mountains","#1A5300",2006,4.74230769230775,149.384615384615,0.536526611328125
107,"Dactylorhiza sambucina",46.1282055,7.148275,"inat","Cool Temperate","Moist","Grassland","Mountains","Cool Temperate Moist",26,83,0,"Cool Temperate Moist Grassland on Mountains","#1A5300",602,15.0500000000001,74.3846153846154,0.581185986328125
107,"Dactylorhiza sambucina",46.1288848999,7.0817186,"inat","Cool Temperate","Moist","Grassland","Mountains","Cool Temperate Moist",26,83,0,"Cool Temperate Moist Grassland on Mountains","#1A5300",751,12.9038461538462,76.6923076923077,0.202737145996094
107,"Dactylorhiza sambucina",46.1288921499,7.08148937,"inat","Cool Temperate","Moist","Grassland","Mountains","Cool Temperate Moist",26,83,0,"Cool Temperate Moist Grassland on Mountains","#1A5300",751,12.9038461538462,76.6923076923077,0.202737145996094
107,"Dactylorhiza sambucina",46.12888888,7.0814649099,"inat","Cool Temperate","Moist","Grassland","Mountains","Cool Temperate Moist",26,83,0,"Cool Temperate Moist Grassland on Mountains","#1A5300",751,12.9038461538462,76.6923076923077,0.202737145996094
107,"Dactylorhiza sambucina",46.376570913,8.0256498232,"inat","Cool Temperate","Moist","Grassland","Mountains","Cool Temperate Moist",26,83,0,"Cool Temperate Moist Grassland on Mountains","#1A5300",1905,4.97307692307697,144.538461538462,0.518058935546875
107,"Dactylorhiza sambucina",46.5519816508,7.2559102888,"inat","Cool Temperate","Moist","Grassland","Mountains","Cool Temperate Moist",26,83,0,"Cool Temperate Moist Grassland on Mountains","#1A5300",1822,6.12692307692311,140.307692307692,0.46749970703125
107,"Dactylorhiza sambucina",45.8990783333,7.1118945,"inat","Cool Temperate","Moist","Grassland","Mountains","Cool Temperate Moist",26,83,0,"Cool Temperate Moist Grassland on Mountains","#1A5300",2119,4.58846153846156,176.538461538462,0.781924072265625
107,"Bombus terrestris",46.5774531713,7.9127945661,"inat","Cool Temperate","Moist","Grassland","Mountains","Cool Temperate Moist",26,83,0,"Cool Temperate Moist Grassland on Mountains","#1A5300",807,12.0807692307692,121.384615384615,1.1230568359375
107,"Bombus terrestris",46.7800944444,8.3212305556,"inat","Cool Temperate","Moist","Grassland","Mountains","Cool Temperate Moist",26,83,0,"Cool Temperate Moist Grassland on Mountains","#1A5300",2003,4.56538461538463,193.769230769231,0.477526953125
107,"Dactylorhiza sambucina",46.3802935606,8.0973321604,"inat","Cool Temperate","Moist","Grassland","Mountains","Cool Temperate Moist",26,83,0,"Cool Temperate Moist Grassland on Mountains","#1A5300",1056,10.9423076923077,125.307692307692,0.87196318359375
107,"Dactylorhiza sambucina",46.1293965001,7.0802906,"inat","Cool Temperate","Moist","Grassland","Mountains","Cool Temperate Moist",26,83,0,"Cool Temperate Moist Grassland on Mountains","#1A5300",839,12.9038461538462,76.6923076923077,0.167194421386719
107,"Dactylorhiza sambucina",46.5519666667,7.3323783333,"inat","Cool Temperate","Moist","Grassland","Mountains","Cool Temperate Moist",26,83,0,"Cool Temperate Moist Grassland on Mountains","#1A5300",1679,7.30384615384617,144.307692307692,0.51645
107,"Dactylorhiza sambucina",46.319692674,8.0100460108,"inat","Cool Temperate","Moist","Grassland","Mountains","Cool Temperate Moist",26,83,0,"Cool Temperate Moist Grassland on Mountains","#1A5300",870,12.0884615384616,89.9230769230769,0.767836865234375
107,"Bombus terrestris",47.2142401738,8.9860653857,"inat","Cool Temperate","Moist","Grassland","Mountains","Cool Temperate Moist",26,83,0,"Cool Temperate Moist Grassland on Mountains","#1A5300",405,15.0653846153846,109.230769230769,0.195245227050781
107,"Dactylorhiza sambucina",46.3454400599,7.72633712,"inat","Cool Temperate","Moist","Grassland","Mountains","Cool Temperate Moist",26,83,0,"Cool Temperate Moist Grassland on Mountains","#1A5300",2113,4.08846153846156,123.538461538462,0.487893115234375
107,"Dactylorhiza sambucina",46.1816508527,6.8747591972,"inat","Cool Temperate","Moist","Grassland","Mountains","Cool Temperate Moist",26,83,0,"Cool Temperate Moist Grassland on Mountains","#1A5300",1073,11.2807692307692,147.307692307692,0.80214892578125
107,"Dactylorhiza sambucina",46.4934237209,8.3512898628,"inat","Cool Temperate","Moist","Grassland","Mountains","Cool Temperate Moist",26,83,0,"Cool Temperate Moist Grassland on Mountains","#1A5300",1692,4.34230769230771,190.538461538462,0.690783251953125
107,"Dactylorhiza sambucina",46.479675,6.11186383,"inat","Cool Temperate","Moist","Grassland","Mountains","Cool Temperate Moist",26,83,0,"Cool Temperate Moist Grassland on Mountains","#1A5300",1483,8.91923076923081,137.538461538462,0.383078979492187
107,"Dactylorhiza sambucina",46.5106166667,8.3093533333,"inat","Cool Temperate","Moist","Grassland","Mountains","Cool Temperate Moist",26,83,0,"Cool Temperate Moist Grassland on Mountains","#1A5300",1387,8.10384615384618,175.461538461538,1.00223525390625
107,"Bombus terrestris",47.202725,9.3025533333,"inat","Cool Temperate","Moist","Grassland","Mountains","Cool Temperate Moist",26,83,0,"Cool Temperate Moist Grassland on Mountains","#1A5300",1105,10.5038461538462,142.615384615385,0.27132099609375
107,"Dactylorhiza sambucina",46.128206,7.148275,"gbif","Cool Temperate","Moist","Grassland","Mountains","Cool Temperate Moist",26,83,0,"Cool Temperate Moist Grassland on Mountains","#1A5300",602,15.0500000000001,74.3846153846154,0.581185986328125
107,"Dactylorhiza sambucina",46.12933377,7.08025359,"inat","Cool Temperate","Moist","Grassland","Mountains","Cool Temperate Moist",26,83,0,"Cool Temperate Moist Grassland on Mountains","#1A5300",839,12.9038461538462,76.6923076923077,0.167194421386719
107,"Bombus terrestris",46.3487756898,7.0705884473,"inat","Cool Temperate","Moist","Grassland","Mountains","Cool Temperate Moist",26,83,0,"Cool Temperate Moist Grassland on Mountains","#1A5300",1290,9.28076923076929,118.538461538462,0.496008251953125
107,"Dactylorhiza sambucina",46.4613888889,8.9366666667,"inat","Cool Temperate","Moist","Grassland","Mountains","Cool Temperate Moist",26,83,0,"Cool Temperate Moist Grassland on Mountains","#1A5300",560,14.0269230769231,99.5384615384615,0.283448876953125
107,"Bombus terrestris",46.7856338236,7.3802480645,"inat","Cool Temperate","Moist","Grassland","Mountains","Cool Temperate Moist",26,83,0,"Cool Temperate Moist Grassland on Mountains","#1A5300",899,12.1807692307693,91.1538461538462,0.282201513671875
107,"Dactylorhiza sambucina",46.3318786621,7.7855730057,"inat","Cool Temperate","Moist","Grassland","Mountains","Cool Temperate Moist",26,83,0,"Cool Temperate Moist Grassland on Mountains","#1A5300",1765,7.56538461538463,87.2307692307692,0.47562783203125
107,"Dactylorhiza sambucina",46.12947,7.0806106,"inat","Cool Temperate","Moist","Grassland","Mountains","Cool Temperate Moist",26,83,0,"Cool Temperate Moist Grassland on Mountains","#1A5300",839,12.9038461538462,76.6923076923077,0.167194421386719
107,"Dactylorhiza sambucina",46.1296674,7.0813671999,"inat","Cool Temperate","Moist","Grassland","Mountains","Cool Temperate Moist",26,83,0,"Cool Temperate Moist Grassland on Mountains","#1A5300",751,12.9038461538462,76.6923076923077,0.167194421386719
107,"Bombus terrestris",46.8308830261,9.4421510696,"inat","Cool Temperate","Moist","Grassland","Mountains","Cool Temperate Moist",26,83,0,"Cool Temperate Moist Grassland on Mountains","#1A5300",597,14.1884615384616,67,0.6029255859375
107,"Dactylorhiza sambucina",46.1296693001,7.0813699,"inat","Cool Temperate","Moist","Grassland","Mountains","Cool Temperate Moist",26,83,0,"Cool Temperate Moist Grassland on Mountains","#1A5300",751,12.9038461538462,76.6923076923077,0.167194421386719
107,"Dactylorhiza sambucina",46.12948825,7.08063104,"inat","Cool Temperate","Moist","Grassland","Mountains","Cool Temperate Moist",26,83,0,"Cool Temperate Moist Grassland on Mountains","#1A5300",839,12.9038461538462,76.6923076923077,0.167194421386719
107,"Bombus terrestris",47.1120028333,8.7769916667,"inat","Cool Temperate","Moist","Grassland","Mountains","Cool Temperate Moist",26,83,0,"Cool Temperate Moist Grassland on Mountains","#1A5300",896,11.9653846153847,130.307692307692,0.4422822265625
107,"Bombus terrestris",47.155802233,8.2977901027,"inat","Cool Temperate","Moist","Grassland","Mountains","Cool Temperate Moist",26,83,0,"Cool Temperate Moist Grassland on Mountains","#1A5300",504,14.4192307692308,90.7692307692308,0.201171740722656
107,"Dactylorhiza sambucina",46.1295107001,7.0806513901,"inat","Cool Temperate","Moist","Grassland","Mountains","Cool Temperate Moist",26,83,0,"Cool Temperate Moist Grassland on Mountains","#1A5300",839,12.9038461538462,76.6923076923077,0.167194421386719
107,"Dactylorhiza sambucina",46.1288538,7.0815494,"inat","Cool Temperate","Moist","Grassland","Mountains","Cool Temperate Moist",26,83,0,"Cool Temperate Moist Grassland on Mountains","#1A5300",751,12.9038461538462,76.6923076923077,0.202737145996094
107,"Bombus terrestris",47.5736990813,8.5400519665,"inat","Cool Temperate","Moist","Grassland","Mountains","Cool Temperate Moist",26,83,0,"Cool Temperate Moist Grassland on Mountains","#1A5300",411,15.3269230769231,63.5384615384615,0.181944226074219
107,"Bombus terrestris",46.4072502529,8.973312825,"inat","Cool Temperate","Moist","Grassland","Mountains","Cool Temperate Moist",26,83,0,"Cool Temperate Moist Grassland on Mountains","#1A5300",381,14.9884615384616,97.1538461538462,0.201227954101562
107,"Dactylorhiza sambucina",46.2824668884,8.486700058,"inat","Cool Temperate","Moist","Grassland","Mountains","Cool Temperate Moist",26,83,0,"Cool Temperate Moist Grassland on Mountains","#1A5300",1398,9.05000000000001,186.384615384615,0.779909912109375
107,"Dactylorhiza sambucina",46.1636,7.14736,"gbif","Cool Temperate","Moist","Grassland","Mountains","Cool Temperate Moist",26,83,0,"Cool Temperate Moist Grassland on Mountains","#1A5300",1151,11.8884615384616,104.461538461538,0.170081408691406
107,"Bombus terrestris",46.7792797842,7.7106399795,"inat","Cool Temperate","Moist","Grassland","Mountains","Cool Temperate Moist",26,83,0,"Cool Temperate Moist Grassland on Mountains","#1A5300",1006,11.2346153846154,113.230769230769,0.376205834960938
107,"Dactylorhiza sambucina",46.400345494,8.0852612481,"inat","Cool Temperate","Moist","Grassland","Mountains","Cool Temperate Moist",26,83,0,"Cool Temperate Moist Grassland on Mountains","#1A5300",2145,3.27307692307699,178.461538461538,0.490753125
107,"Dactylorhiza sambucina",46.12948656,7.08062951,"inat","Cool Temperate","Moist","Grassland","Mountains","Cool Temperate Moist",26,83,0,"Cool Temperate Moist Grassland on Mountains","#1A5300",839,12.9038461538462,76.6923076923077,0.167194421386719
107,"Dactylorhiza sambucina",46.1063361111,7.9165166667,"inat","Cool Temperate","Moist","Grassland","Mountains","Cool Temperate Moist",26,83,0,"Cool Temperate Moist Grassland on Mountains","#1A5300",1967,4.88846153846157,152.461538461538,0.98978076171875
107,"Dactylorhiza sambucina",46.1419916667,7.1663805,"inat","Cool Temperate","Moist","Grassland","Mountains","Cool Temperate Moist",26,83,0,"Cool Temperate Moist Grassland on Mountains","#1A5300",544,15.3269230769231,77.6923076923077,0.5446125
107,"Bombus terrestris",46.8813533333,7.4982616667,"inat","Cool Temperate","Moist","Grassland","Mountains","Cool Temperate Moist",26,83,0,"Cool Temperate Moist Grassland on Mountains","#1A5300",538,14.2346153846154,82.5384615384615,0.155402368164062
107,"Bombus terrestris",46.6803333333,7.6634666667,"inat","Cool Temperate","Moist","Grassland","Mountains","Cool Temperate Moist",26,83,0,"Cool Temperate Moist Grassland on Mountains","#1A5300",654,13.7038461538462,95.9230769230769,0.451626416015625
107,"Dactylorhiza sambucina",46.29787,7.92533,"gbif","Cool Temperate","Moist","Grassland","Mountains","Cool Temperate Moist",26,83,0,"Cool Temperate Moist Grassland on Mountains","#1A5300",647,12.6961538461539,72.7692307692308,0.730912109375
107,"Bombus terrestris",46.6916682,7.6623790997,"inat","Cool Temperate","Moist","Grassland","Mountains","Cool Temperate Moist",26,83,0,"Cool Temperate Moist Grassland on Mountains","#1A5300",629,13.9192307692308,90.3846153846154,0.44527802734375
107,"Dactylorhiza sambucina",46.60644271,7.32422583,"inat","Cool Temperate","Moist","Grassland","Mountains","Cool Temperate Moist",26,83,0,"Cool Temperate Moist Grassland on Mountains","#1A5300",1711,7.24230769230775,122.538461538462,0.458802099609375
107,"Dactylorhiza sambucina",46.12951182,7.0806524,"inat","Cool Temperate","Moist","Grassland","Mountains","Cool Temperate Moist",26,83,0,"Cool Temperate Moist Grassland on Mountains","#1A5300",839,12.9038461538462,76.6923076923077,0.167194421386719
107,"Bombus terrestris",46.9868749486,8.3991890028,"inat","Cool Temperate","Moist","Grassland","Mountains","Cool Temperate Moist",26,83,0,"Cool Temperate Moist Grassland on Mountains","#1A5300",703,12.5192307692308,110.461538461538,0.247439819335938
107,"Dactylorhiza sambucina",46.4115287004,7.7666335098,"inat","Cool Temperate","Moist","Grassland","Mountains","Cool Temperate Moist",26,83,0,"Cool Temperate Moist Grassland on Mountains","#1A5300",2040,4.74230769230775,149.384615384615,0.52309853515625
107,"Dactylorhiza sambucina",46.129396,7.0802927999,"inat","Cool Temperate","Moist","Grassland","Mountains","Cool Temperate Moist",26,83,0,"Cool Temperate Moist Grassland on Mountains","#1A5300",839,12.9038461538462,76.6923076923077,0.167194421386719
107,"Dactylorhiza sambucina",46.4118161768,7.7687704619,"inat","Cool Temperate","Moist","Grassland","Mountains","Cool Temperate Moist",26,83,0,"Cool Temperate Moist Grassland on Mountains","#1A5300",2006,4.74230769230775,149.384615384615,0.536526611328125
107,"Dactylorhiza sambucina",46.1294904899,7.08063307,"inat","Cool Temperate","Moist","Grassland","Mountains","Cool Temperate Moist",26,83,0,"Cool Temperate Moist Grassland on Mountains","#1A5300",839,12.9038461538462,76.6923076923077,0.167194421386719
107,"Bombus terrestris",46.3716138889,7.6212805556,"inat","Cool Temperate","Moist","Grassland","Mountains","Cool Temperate Moist",26,83,0,"Cool Temperate Moist Grassland on Mountains","#1A5300",1348,9.25769230769237,131.153846153846,0.53351669921875
107,"Dactylorhiza sambucina",46.4114787265,7.7665826217,"inat","Cool Temperate","Moist","Grassland","Mountains","Cool Temperate Moist",26,83,0,"Cool Temperate Moist Grassland on Mountains","#1A5300",2040,4.74230769230775,149.384615384615,0.52309853515625
107,"Dactylorhiza sambucina",46.4254,6.09958,"gbif","Cool Temperate","Moist","Grassland","Mountains","Cool Temperate Moist",26,83,0,"Cool Temperate Moist Grassland on Mountains","#1A5300",1615,8.63461538461542,146.615384615385,0.388034130859375
107,"Dactylorhiza sambucina",46.12950846,7.08064935,"inat","Cool Temperate","Moist","Grassland","Mountains","Cool Temperate Moist",26,83,0,"Cool Temperate Moist Grassland on Mountains","#1A5300",839,12.9038461538462,76.6923076923077,0.167194421386719
107,"Bombus terrestris",47.4487213344,7.5225829039,"inat","Cool Temperate","Moist","Grassland","Mountains","Cool Temperate Moist",26,83,0,"Cool Temperate Moist Grassland on Mountains","#1A5300",515,14.4192307692308,66.8461538461538,0.153407788085937
107,"Dactylorhiza sambucina",46.3247855312,7.7028987181,"inat","Cool Temperate","Moist","Grassland","Mountains","Cool Temperate Moist",26,83,0,"Cool Temperate Moist Grassland on Mountains","#1A5300",1447,10.3884615384616,77.3076923076923,0.523631103515625
107,"Dactylorhiza sambucina",46.4930348374,8.2797407059,"inat","Cool Temperate","Moist","Grassland","Mountains","Cool Temperate Moist",26,83,0,"Cool Temperate Moist Grassland on Mountains","#1A5300",1364,8.2038461538462,174.923076923077,0.8734912109375
107,"Dactylorhiza sambucina",46.4535352997,8.2157420997,"inat","Cool Temperate","Moist","Grassland","Mountains","Cool Temperate Moist",26,83,0,"Cool Temperate Moist Grassland on Mountains","#1A5300",1302,8.55769230769232,173.846153846154,0.8950150390625
107,"Dactylorhiza sambucina",46.1295283299,7.08078667,"inat","Cool Temperate","Moist","Grassland","Mountains","Cool Temperate Moist",26,83,0,"Cool Temperate Moist Grassland on Mountains","#1A5300",839,12.9038461538462,76.6923076923077,0.167194421386719
107,"Dactylorhiza sambucina",46.1492528333,6.81438,"inat","Cool Temperate","Moist","Grassland","Mountains","Cool Temperate Moist",26,83,0,"Cool Temperate Moist Grassland on Mountains","#1A5300",1760,7.32692307692309,177.538461538462,0.561163525390625
107,"Dactylorhiza sambucina",46.12951463,7.08065495,"inat","Cool Temperate","Moist","Grassland","Mountains","Cool Temperate Moist",26,83,0,"Cool Temperate Moist Grassland on Mountains","#1A5300",839,12.9038461538462,76.6923076923077,0.167194421386719
107,"Dactylorhiza sambucina",46.331879,7.785573,"gbif","Cool Temperate","Moist","Grassland","Mountains","Cool Temperate Moist",26,83,0,"Cool Temperate Moist Grassland on Mountains","#1A5300",1765,7.56538461538463,87.2307692307692,0.47562783203125
107,"Dactylorhiza sambucina",46.331863,7.785495,"gbif","Cool Temperate","Moist","Grassland","Mountains","Cool Temperate Moist",26,83,0,"Cool Temperate Moist Grassland on Mountains","#1A5300",1765,7.56538461538463,87.2307692307692,0.47562783203125
107,"Dactylorhiza sambucina",46.129446,7.0805829999,"inat","Cool Temperate","Moist","Grassland","Mountains","Cool Temperate Moist",26,83,0,"Cool Temperate Moist Grassland on Mountains","#1A5300",839,12.9038461538462,76.6923076923077,0.167194421386719
107,"Bombus terrestris",46.302375,7.6885783333,"inat","Cool Temperate","Moist","Grassland","Mountains","Cool Temperate Moist",26,83,0,"Cool Temperate Moist Grassland on Mountains","#1A5300",620,13.9576923076924,63.9230769230769,0.69685185546875
107,"Dactylorhiza sambucina",46.12939808,7.08028283,"inat","Cool Temperate","Moist","Grassland","Mountains","Cool Temperate Moist",26,83,0,"Cool Temperate Moist Grassland on Mountains","#1A5300",839,12.9038461538462,76.6923076923077,0.167194421386719
107,"Dactylorhiza sambucina",46.4224798791,8.1113017257,"inat","Cool Temperate","Moist","Grassland","Mountains","Cool Temperate Moist",26,83,0,"Cool Temperate Moist Grassland on Mountains","#1A5300",2161,3.95769230769235,189.230769230769,0.34777314453125
107,"Dactylorhiza sambucina",46.2437484961,8.0300146246,"inat","Cool Temperate","Moist","Grassland","Mountains","Cool Temperate Moist",26,83,0,"Cool Temperate Moist Grassland on Mountains","#1A5300",2036,4.72692307692313,153.076923076923,0.41473955078125
107,"Dactylorhiza sambucina",46.12951744,7.0806574901,"inat","Cool Temperate","Moist","Grassland","Mountains","Cool Temperate Moist",26,83,0,"Cool Temperate Moist Grassland on Mountains","#1A5300",839,12.9038461538462,76.6923076923077,0.167194421386719
107,"Dactylorhiza sambucina",46.4624159096,8.9230465757,"inat","Cool Temperate","Moist","Grassland","Mountains","Cool Temperate Moist",26,83,0,"Cool Temperate Moist Grassland on Mountains","#1A5300",806,11.6961538461539,115.769230769231,0.307528466796875
108,"Bombus terrestris",46.5152499663,6.5394327097,"inat","Cool Temperate","Moist","Settlement","Hills","Cool Temperate Moist",67,109,14,"Cool Temperate Moist Settlement on Hills","#436D0E",393,14.9576923076924,86,0.260695751953125
108,"Bombus terrestris",46.2054866667,6.1275445,"inat","Cool Temperate","Moist","Settlement","Hills","Cool Temperate Moist",67,109,14,"Cool Temperate Moist Settlement on Hills","#436D0E",412,16.0423076923078,83.1538461538462,0.205497143554688
108,"Bombus terrestris",46.1750030517,6.0603494642,"inat","Cool Temperate","Moist","Settlement","Hills","Cool Temperate Moist",67,109,14,"Cool Temperate Moist Settlement on Hills","#436D0E",438,15.9346153846154,83.1538461538462,0.168284338378906
108,"Bombus terrestris",47.1055755615,7.3380408287,"inat","Cool Temperate","Moist","Settlement","Hills","Cool Temperate Moist",67,109,14,"Cool Temperate Moist Settlement on Hills","#436D0E",436,14.7500000000001,68.5384615384615,0.166962268066406
108,"Bombus terrestris",46.9682189047,7.1955685212,"inat","Cool Temperate","Moist","Settlement","Hills","Cool Temperate Moist",67,109,14,"Cool Temperate Moist Settlement on Hills","#436D0E",459,14.8038461538462,69.7692307692308,0.204910131835938
108,"Bombus terrestris",47.4498595895,8.5289311568,"inat","Cool Temperate","Moist","Settlement","Hills","Cool Temperate Moist",67,109,14,"Cool Temperate Moist Settlement on Hills","#436D0E",448,15.0269230769231,67.7692307692308,0.202882629394531
108,"Bombus terrestris",47.4486783333,8.58578,"inat","Cool Temperate","Moist","Settlement","Hills","Cool Temperate Moist",67,109,14,"Cool Temperate Moist Settlement on Hills","#436D0E",444,14.9576923076924,65.8461538461538,0.195202880859375
108,"Bombus terrestris",46.2822716667,6.1583166667,"inat","Cool Temperate","Moist","Settlement","Hills","Cool Temperate Moist",67,109,14,"Cool Temperate Moist Settlement on Hills","#436D0E",415,15.9038461538462,92.3076923076923,0.232073168945312
108,"Bombus terrestris",47.4216201869,8.507564439,"inat","Cool Temperate","Moist","Settlement","Hills","Cool Temperate Moist",67,109,14,"Cool Temperate Moist Settlement on Hills","#436D0E",449,14.9653846153847,69.2307692307692,0.257406689453125
110,"Bombus terrestris",47.6625750064,8.7449133396,"inat","Cool Temperate","Moist","Cropland","Hills","Cool Temperate Moist",33,144,30,"Cool Temperate Moist Cropland on Hills","#21901E",422,15.0269230769231,61.0769230769231,0.205052026367188
110,"Bombus terrestris",47.45483,8.61548333,"inat","Cool Temperate","Moist","Cropland","Hills","Cool Temperate Moist",33,144,30,"Cool Temperate Moist Cropland on Hills","#21901E",506,14.8346153846154,69.2307692307692,0.170245141601563
110,"Bombus terrestris",46.2038869873,6.0856943348,"inat","Cool Temperate","Moist","Cropland","Hills","Cool Temperate Moist",33,144,30,"Cool Temperate Moist Cropland on Hills","#21901E",393,16.0730769230769,85.7692307692308,0.108670434570313
110,"Bombus terrestris",47.5765371244,7.6536076323,"inat","Cool Temperate","Moist","Cropland","Hills","Cool Temperate Moist",33,144,30,"Cool Temperate Moist Cropland on Hills","#21901E",319,15.6423076923077,63.8461538461538,0.196617846679688
110,"Bombus terrestris",46.2258397761,6.145103462,"inat","Cool Temperate","Moist","Cropland","Hills","Cool Temperate Moist",33,144,30,"Cool Temperate Moist Cropland on Hills","#21901E",395,15.9884615384616,86.5384615384615,0.216237841796875
110,"Bombus terrestris",46.9226528185,6.9759574035,"inat","Cool Temperate","Moist","Cropland","Hills","Cool Temperate Moist",33,144,30,"Cool Temperate Moist Cropland on Hills","#21901E",500,14.4576923076924,77.3076923076923,0.244650170898437
110,"Bombus terrestris",47.0862279561,7.5214102864,"inat","Cool Temperate","Moist","Cropland","Hills","Cool Temperate Moist",33,144,30,"Cool Temperate Moist Cropland on Hills","#21901E",497,14.5653846153846,70.4615384615385,0.167620446777344
110,"Bombus terrestris",46.2798366667,6.1539833333,"inat","Cool Temperate","Moist","Cropland","Hills","Cool Temperate Moist",33,144,30,"Cool Temperate Moist Cropland on Hills","#21901E",413,15.7961538461539,93.3846153846154,0.2260587890625
113,"Dactylorhiza sambucina",46.125232,7.0819228999,"inat","Cool Temperate","Moist","Settlement","Mountains","Cool Temperate Moist",61,67,0,"Cool Temperate Moist Settlement on Mountains","#3D4300",534,12.9038461538462,76.6923076923077,0.201531811523437
113,"Bombus terrestris",47.4317216667,9.1343971667,"inat","Cool Temperate","Moist","Settlement","Mountains","Cool Temperate Moist",61,67,0,"Cool Temperate Moist Settlement on Mountains","#3D4300",558,13.45,89.6923076923077,0.203122937011719
113,"Dactylorhiza sambucina",46.125232,7.08192232,"inat","Cool Temperate","Moist","Settlement","Mountains","Cool Temperate Moist",61,67,0,"Cool Temperate Moist Settlement on Mountains","#3D4300",534,12.9038461538462,76.6923076923077,0.201531811523437
113,"Bombus terrestris",47.3192022,8.51287,"inat","Cool Temperate","Moist","Settlement","Mountains","Cool Temperate Moist",61,67,0,"Cool Temperate Moist Settlement on Mountains","#3D4300",519,14.5884615384616,85.3846153846154,0.22407880859375
113,"Bombus terrestris",47.1522531,7.4039324,"inat","Cool Temperate","Moist","Settlement","Mountains","Cool Temperate Moist",61,67,0,"Cool Temperate Moist Settlement on Mountains","#3D4300",433,14.7653846153847,69.2307692307692,0.155001684570312
113,"Bombus terrestris",47.1674084,7.4280921,"inat","Cool Temperate","Moist","Settlement","Mountains","Cool Temperate Moist",61,67,0,"Cool Temperate Moist Settlement on Mountains","#3D4300",444,14.7192307692308,71.3076923076923,0.225978540039063
113,"Bombus terrestris",46.124078669,7.0834553818,"inat","Cool Temperate","Moist","Settlement","Mountains","Cool Temperate Moist",61,67,0,"Cool Temperate Moist Settlement on Mountains","#3D4300",534,15.373076923077,70.3846153846154,0.226488549804687
113,"Bombus terrestris",47.5376510611,7.714414098,"inat","Cool Temperate","Moist","Settlement","Mountains","Cool Temperate Moist",61,67,0,"Cool Temperate Moist Settlement on Mountains","#3D4300",262,15.85,65.0769230769231,0.291959301757812
113,"Bombus terrestris",46.5137034079,6.6249506957,"inat","Cool Temperate","Moist","Settlement","Mountains","Cool Temperate Moist",61,67,0,"Cool Temperate Moist Settlement on Mountains","#3D4300",415,14.8038461538462,89.4615384615385,0.227842626953125
113,"Dactylorhiza sambucina",46.125232,7.0819220799,"inat","Cool Temperate","Moist","Settlement","Mountains","Cool Temperate Moist",61,67,0,"Cool Temperate Moist Settlement on Mountains","#3D4300",534,12.9038461538462,76.6923076923077,0.201531811523437
113,"Bombus terrestris",47.3462,8.285475,"inat","Cool Temperate","Moist","Settlement","Mountains","Cool Temperate Moist",61,67,0,"Cool Temperate Moist Settlement on Mountains","#3D4300",428,14.9038461538462,70.2307692307692,0.155645715332031
113,"Bombus terrestris",47.3212529487,8.5823741068,"inat","Cool Temperate","Moist","Settlement","Mountains","Cool Temperate Moist",61,67,0,"Cool Temperate Moist Settlement on Mountains","#3D4300",436,15.2115384615385,71.1538461538462,0.26597314453125
113,"Bombus terrestris",46.9393016,7.4336878997,"inat","Cool Temperate","Moist","Settlement","Mountains","Cool Temperate Moist",61,67,0,"Cool Temperate Moist Settlement on Mountains","#3D4300",531,14.4576923076924,70.6153846153846,0.2497056640625
113,"Dactylorhiza sambucina",46.125238,7.081954,"inat","Cool Temperate","Moist","Settlement","Mountains","Cool Temperate Moist",61,67,0,"Cool Temperate Moist Settlement on Mountains","#3D4300",534,12.9038461538462,76.6923076923077,0.201531811523437
113,"Dactylorhiza sambucina",46.125232,7.0819151701,"inat","Cool Temperate","Moist","Settlement","Mountains","Cool Temperate Moist",61,67,0,"Cool Temperate Moist Settlement on Mountains","#3D4300",534,12.9038461538462,76.6923076923077,0.201531811523437
113,"Bombus terrestris",47.4131631555,8.5590443015,"inat","Cool Temperate","Moist","Settlement","Mountains","Cool Temperate Moist",61,67,0,"Cool Temperate Moist Settlement on Mountains","#3D4300",427,15.173076923077,67.3846153846154,0.167925671386719
113,"Bombus terrestris",47.16897,8.1077195,"inat","Cool Temperate","Moist","Settlement","Mountains","Cool Temperate Moist",61,67,0,"Cool Temperate Moist Settlement on Mountains","#3D4300",503,14.3192307692308,81.4615384615385,0.26325888671875
113,"Bombus terrestris",47.5123684838,7.7658691782,"inat","Cool Temperate","Moist","Settlement","Mountains","Cool Temperate Moist",61,67,0,"Cool Temperate Moist Settlement on Mountains","#3D4300",343,15.35,67.5384615384615,0.13258515625
113,"Bombus terrestris",47.3212838016,8.5817984162,"inat","Cool Temperate","Moist","Settlement","Mountains","Cool Temperate Moist",61,67,0,"Cool Temperate Moist Settlement on Mountains","#3D4300",419,15.2115384615385,71.1538461538462,0.26597314453125
113,"Bombus terrestris",47.3868721251,8.4222888574,"inat","Cool Temperate","Moist","Settlement","Mountains","Cool Temperate Moist",61,67,0,"Cool Temperate Moist Settlement on Mountains","#3D4300",408,15.2423076923077,71.8461538461538,0.178502612304688
113,"Bombus terrestris",47.2887321126,8.1965410709,"inat","Cool Temperate","Moist","Settlement","Mountains","Cool Temperate Moist",61,67,0,"Cool Temperate Moist Settlement on Mountains","#3D4300",546,14.0346153846154,80.5384615384615,0.280166528320313
113,"Bombus terrestris",47.4050216667,8.5609216667,"inat","Cool Temperate","Moist","Settlement","Mountains","Cool Temperate Moist",61,67,0,"Cool Temperate Moist Settlement on Mountains","#3D4300",441,14.9576923076924,68.7692307692308,0.169252233886719
113,"Dactylorhiza sambucina",46.125232,7.08192314,"inat","Cool Temperate","Moist","Settlement","Mountains","Cool Temperate Moist",61,67,0,"Cool Temperate Moist Settlement on Mountains","#3D4300",534,12.9038461538462,76.6923076923077,0.201531811523437
113,"Bombus terrestris",47.4886784997,8.5935517,"inat","Cool Temperate","Moist","Settlement","Mountains","Cool Temperate Moist",61,67,0,"Cool Temperate Moist Settlement on Mountains","#3D4300",465,14.9038461538462,71.3076923076923,0.261943798828125
113,"Bombus terrestris",47.5308559,7.8125089,"inat","Cool Temperate","Moist","Settlement","Mountains","Cool Temperate Moist",61,67,0,"Cool Temperate Moist Settlement on Mountains","#3D4300",343,15.3653846153846,73.2307692307692,0.148156665039062
113,"Bombus terrestris",47.3519133333,8.3559883333,"inat","Cool Temperate","Moist","Settlement","Mountains","Cool Temperate Moist",61,67,0,"Cool Temperate Moist Settlement on Mountains","#3D4300",409,15.0115384615385,67.8461538461538,0.170571997070313
113,"Bombus terrestris",47.3709133333,8.53347,"inat","Cool Temperate","Moist","Settlement","Mountains","Cool Temperate Moist",61,67,0,"Cool Temperate Moist Settlement on Mountains","#3D4300",417,15.2346153846154,68.1538461538462,0.27933759765625
113,"Bombus terrestris",47.5235425338,7.5680673122,"inat","Cool Temperate","Moist","Settlement","Mountains","Cool Temperate Moist",61,67,0,"Cool Temperate Moist Settlement on Mountains","#3D4300",309,15.5807692307692,60.1538461538462,0.154075646972656
113,"Bombus terrestris",47.469412,8.1631666,"inat","Cool Temperate","Moist","Settlement","Mountains","Cool Temperate Moist",61,67,0,"Cool Temperate Moist Settlement on Mountains","#3D4300",356,15.1346153846154,82.6923076923077,0.123938439941406
113,"Bombus terrestris",47.4085885287,8.5061789677,"inat","Cool Temperate","Moist","Settlement","Mountains","Cool Temperate Moist",61,67,0,"Cool Temperate Moist Settlement on Mountains","#3D4300",521,14.6807692307693,69.7692307692308,0.20379580078125
113,"Bombus terrestris",46.7406216667,7.597445,"inat","Cool Temperate","Moist","Settlement","Mountains","Cool Temperate Moist",61,67,0,"Cool Temperate Moist Settlement on Mountains","#3D4300",575,13.9653846153847,89.4615384615385,0.347117749023438
113,"Bombus terrestris",46.4586723091,6.8705074733,"inat","Cool Temperate","Moist","Settlement","Mountains","Cool Temperate Moist",61,67,0,"Cool Temperate Moist Settlement on Mountains","#3D4300",451,14.6423076923077,87.4615384615385,0.224036694335938
113,"Bombus terrestris",46.7478444444,7.6473111111,"inat","Cool Temperate","Moist","Settlement","Mountains","Cool Temperate Moist",61,67,0,"Cool Temperate Moist Settlement on Mountains","#3D4300",589,14.0576923076923,87.4615384615385,0.56626015625
113,"Bombus terrestris",46.5343854374,6.6551598723,"inat","Cool Temperate","Moist","Settlement","Mountains","Cool Temperate Moist",61,67,0,"Cool Temperate Moist Settlement on Mountains","#3D4300",637,13.4192307692308,102.461538461538,0.109875317382813
113,"Bombus terrestris",47.53088,7.81248,"inat","Cool Temperate","Moist","Settlement","Mountains","Cool Temperate Moist",61,67,0,"Cool Temperate Moist Settlement on Mountains","#3D4300",343,15.3653846153846,73.2307692307692,0.148156665039062
113,"Bombus terrestris",47.3218783333,8.5500166667,"inat","Cool Temperate","Moist","Settlement","Mountains","Cool Temperate Moist",61,67,0,"Cool Temperate Moist Settlement on Mountains","#3D4300",413,15.2653846153846,73.9230769230769,0.295363500976562
113,"Bombus terrestris",46.0903027778,7.0620722222,"inat","Cool Temperate","Moist","Settlement","Mountains","Cool Temperate Moist",61,67,0,"Cool Temperate Moist Settlement on Mountains","#3D4300",504,14.1346153846154,87.5384615384615,0.50739951171875
113,"Bombus terrestris",46.5189029893,6.642303673,"inat","Cool Temperate","Moist","Settlement","Mountains","Cool Temperate Moist",61,67,0,"Cool Temperate Moist Settlement on Mountains","#3D4300",506,14.0346153846154,96.4615384615385,0.251413623046875
113,"Bombus terrestris",47.3364197334,8.436560221,"inat","Cool Temperate","Moist","Settlement","Mountains","Cool Temperate Moist",61,67,0,"Cool Temperate Moist Settlement on Mountains","#3D4300",545,14.4346153846154,80.6923076923077,0.156454968261719
113,"Bombus terrestris",47.38397,8.3307216667,"inat","Cool Temperate","Moist","Settlement","Mountains","Cool Temperate Moist",61,67,0,"Cool Temperate Moist Settlement on Mountains","#3D4300",419,15.0423076923077,68.0769230769231,0.107448034667969
113,"Bombus terrestris",47.268895,8.687855,"inat","Cool Temperate","Moist","Settlement","Mountains","Cool Temperate Moist",61,67,0,"Cool Temperate Moist Settlement on Mountains","#3D4300",533,14.2500000000001,88.4615384615385,0.260173803710938
113,"Bombus terrestris",46.5113399699,6.3110923022,"inat","Cool Temperate","Moist","Settlement","Mountains","Cool Temperate Moist",61,67,0,"Cool Temperate Moist Settlement on Mountains","#3D4300",722,12.95,115.076923076923,0.130843395996094
113,"Bombus terrestris",47.3938811433,7.858587382,"inat","Cool Temperate","Moist","Settlement","Mountains","Cool Temperate Moist",61,67,0,"Cool Temperate Moist Settlement on Mountains","#3D4300",566,13.6115384615385,82.8461538461538,0.2403599609375
113,"Bombus terrestris",47.1964034489,7.4086702947,"inat","Cool Temperate","Moist","Settlement","Mountains","Cool Temperate Moist",61,67,0,"Cool Temperate Moist Settlement on Mountains","#3D4300",475,14.55,81.8461538461538,0.191677124023438
113,"Bombus terrestris",47.5008817041,7.5905676931,"inat","Cool Temperate","Moist","Settlement","Mountains","Cool Temperate Moist",61,67,0,"Cool Temperate Moist Settlement on Mountains","#3D4300",316,15.3192307692308,60.3846153846154,0.153529187011719
113,"Bombus terrestris",46.9458133494,7.4027795345,"inat","Cool Temperate","Moist","Settlement","Mountains","Cool Temperate Moist",61,67,0,"Cool Temperate Moist Settlement on Mountains","#3D4300",552,14.3269230769231,71.2307692307692,0.191557983398437
113,"Bombus terrestris",46.294595,7.523525,"gbif","Cool Temperate","Moist","Settlement","Mountains","Cool Temperate Moist",61,67,0,"Cool Temperate Moist Settlement on Mountains","#3D4300",615,14.0192307692308,66.5384615384615,0.48605419921875
113,"Bombus terrestris",47.4450866667,9.1418111667,"inat","Cool Temperate","Moist","Settlement","Mountains","Cool Temperate Moist",61,67,0,"Cool Temperate Moist Settlement on Mountains","#3D4300",517,13.8038461538462,83.6923076923077,0.20345234375
113,"Bombus terrestris",46.7393731169,7.5980197847,"inat","Cool Temperate","Moist","Settlement","Mountains","Cool Temperate Moist",61,67,0,"Cool Temperate Moist Settlement on Mountains","#3D4300",571,13.9653846153847,89.4615384615385,0.347122216796875
113,"Bombus terrestris",47.2318909531,8.8895565355,"inat","Cool Temperate","Moist","Settlement","Mountains","Cool Temperate Moist",61,67,0,"Cool Temperate Moist Settlement on Mountains","#3D4300",419,14.8653846153846,102.692307692308,0.2468400390625
113,"Bombus terrestris",47.1567428546,7.2689303733,"inat","Cool Temperate","Moist","Settlement","Mountains","Cool Temperate Moist",61,67,0,"Cool Temperate Moist Settlement on Mountains","#3D4300",483,14.6115384615385,77.2307692307692,0.156101293945312
113,"Bombus terrestris",47.2688128575,8.6879347864,"inat","Cool Temperate","Moist","Settlement","Mountains","Cool Temperate Moist",61,67,0,"Cool Temperate Moist Settlement on Mountains","#3D4300",533,14.2500000000001,88.4615384615385,0.260173803710938
113,"Bombus terrestris",47.4897228593,7.6157821342,"inat","Cool Temperate","Moist","Settlement","Mountains","Cool Temperate Moist",61,67,0,"Cool Temperate Moist Settlement on Mountains","#3D4300",329,15.6038461538462,60.6153846153846,0.178199987792969
113,"Bombus terrestris",47.2450511952,8.4605260938,"inat","Cool Temperate","Moist","Settlement","Mountains","Cool Temperate Moist",61,67,0,"Cool Temperate Moist Settlement on Mountains","#3D4300",460,14.7884615384615,78.5384615384615,0.168290979003906
113,"Bombus terrestris",46.2037685528,6.1536063999,"inat","Cool Temperate","Moist","Settlement","Mountains","Cool Temperate Moist",61,67,0,"Cool Temperate Moist Settlement on Mountains","#3D4300",377,16.15,80.5384615384615,0.24209912109375
113,"Bombus terrestris",46.7393885917,7.5982642718,"inat","Cool Temperate","Moist","Settlement","Mountains","Cool Temperate Moist",61,67,0,"Cool Temperate Moist Settlement on Mountains","#3D4300",571,13.9653846153847,89.4615384615385,0.347122216796875
113,"Bombus terrestris",46.5186347961,6.6003727913,"inat","Cool Temperate","Moist","Settlement","Mountains","Cool Temperate Moist",61,67,0,"Cool Temperate Moist Settlement on Mountains","#3D4300",381,14.8346153846154,84.5384615384615,0.267753955078125
113,"Bombus terrestris",47.268755,8.6907366667,"inat","Cool Temperate","Moist","Settlement","Mountains","Cool Temperate Moist",61,67,0,"Cool Temperate Moist Settlement on Mountains","#3D4300",570,14.2500000000001,88.4615384615385,0.298861279296875
113,"Bombus terrestris",47.0873311116,8.2725539232,"inat","Cool Temperate","Moist","Settlement","Mountains","Cool Temperate Moist",61,67,0,"Cool Temperate Moist Settlement on Mountains","#3D4300",494,14.4115384615385,93.4615384615385,0.229118139648437
113,"Bombus terrestris",47.337978399,8.5209720209,"inat","Cool Temperate","Moist","Settlement","Mountains","Cool Temperate Moist",61,67,0,"Cool Temperate Moist Settlement on Mountains","#3D4300",441,15.0346153846154,77.9230769230769,0.245059301757812
113,"Bombus terrestris",47.3711583333,8.5336133333,"inat","Cool Temperate","Moist","Settlement","Mountains","Cool Temperate Moist",61,67,0,"Cool Temperate Moist Settlement on Mountains","#3D4300",417,15.2346153846154,68.1538461538462,0.27933759765625
113,"Bombus terrestris",47.4379833333,9.1371305,"inat","Cool Temperate","Moist","Settlement","Mountains","Cool Temperate Moist",61,67,0,"Cool Temperate Moist Settlement on Mountains","#3D4300",536,13.6807692307693,86.3076923076923,0.201990502929688
113,"Bombus terrestris",46.9523666667,7.4600783333,"inat","Cool Temperate","Moist","Settlement","Mountains","Cool Temperate Moist",61,67,0,"Cool Temperate Moist Settlement on Mountains","#3D4300",560,14.2807692307693,69.5384615384615,0.190101257324219
113,"Dactylorhiza sambucina",46.0808898575,7.1475734741,"inat","Cool Temperate","Moist","Settlement","Mountains","Cool Temperate Moist",61,67,0,"Cool Temperate Moist Settlement on Mountains","#3D4300",757,13.1346153846154,87.4615384615385,0.355384790039062
113,"Bombus terrestris",47.3659057617,8.5496072769,"inat","Cool Temperate","Moist","Settlement","Mountains","Cool Temperate Moist",61,67,0,"Cool Temperate Moist Settlement on Mountains","#3D4300",418,15.2961538461539,68.2307692307692,0.342696484375
113,"Bombus terrestris",46.9519,7.4610466667,"inat","Cool Temperate","Moist","Settlement","Mountains","Cool Temperate Moist",61,67,0,"Cool Temperate Moist Settlement on Mountains","#3D4300",560,14.2807692307693,69.5384615384615,0.19010322265625
113,"Bombus terrestris",47.4790491,7.6170412,"inat","Cool Temperate","Moist","Settlement","Mountains","Cool Temperate Moist",61,67,0,"Cool Temperate Moist Settlement on Mountains","#3D4300",336,15.2500000000001,61.8461538461538,0.17819892578125
113,"Bombus terrestris",46.9507815469,7.4222590774,"inat","Cool Temperate","Moist","Settlement","Mountains","Cool Temperate Moist",61,67,0,"Cool Temperate Moist Settlement on Mountains","#3D4300",556,14.3115384615385,70.6923076923077,0.237606005859375
113,"Bombus terrestris",46.9533666667,7.4453638889,"inat","Cool Temperate","Moist","Settlement","Mountains","Cool Temperate Moist",61,67,0,"Cool Temperate Moist Settlement on Mountains","#3D4300",530,14.4423076923077,69.3076923076923,0.225790942382812
113,"Bombus terrestris",47.2320134031,8.8896108046,"inat","Cool Temperate","Moist","Settlement","Mountains","Cool Temperate Moist",61,67,0,"Cool Temperate Moist Settlement on Mountains","#3D4300",419,14.8653846153846,102.692307692308,0.2468400390625
113,"Bombus terrestris",47.3619916667,8.048625,"inat","Cool Temperate","Moist","Settlement","Mountains","Cool Temperate Moist",61,67,0,"Cool Temperate Moist Settlement on Mountains","#3D4300",407,14.7730769230769,71.9230769230769,0.165075476074219
113,"Dactylorhiza sambucina",46.1252316,7.0819041001,"inat","Cool Temperate","Moist","Settlement","Mountains","Cool Temperate Moist",61,67,0,"Cool Temperate Moist Settlement on Mountains","#3D4300",534,12.9038461538462,76.6923076923077,0.201531811523437
113,"Bombus terrestris",47.2460092997,8.6443703997,"inat","Cool Temperate","Moist","Settlement","Mountains","Cool Temperate Moist",61,67,0,"Cool Temperate Moist Settlement on Mountains","#3D4300",423,14.9961538461539,83.6153846153846,0.267155810546875
113,"Dactylorhiza sambucina",46.125232,7.0819213799,"inat","Cool Temperate","Moist","Settlement","Mountains","Cool Temperate Moist",61,67,0,"Cool Temperate Moist Settlement on Mountains","#3D4300",534,12.9038461538462,76.6923076923077,0.201531811523437
113,"Bombus terrestris",46.97489,7.1954365,"inat","Cool Temperate","Moist","Settlement","Mountains","Cool Temperate Moist",61,67,0,"Cool Temperate Moist Settlement on Mountains","#3D4300",452,14.85,69.6923076923077,0.22819453125
113,"Bombus terrestris",46.4571595284,7.4429104105,"inat","Cool Temperate","Moist","Settlement","Mountains","Cool Temperate Moist",61,67,0,"Cool Temperate Moist Settlement on Mountains","#3D4300",1069,11.3192307692308,105.461538461538,0.729185986328125
113,"Bombus terrestris",46.5232120686,6.6409032533,"inat","Cool Temperate","Moist","Settlement","Mountains","Cool Temperate Moist",61,67,0,"Cool Temperate Moist Settlement on Mountains","#3D4300",540,14.2346153846154,93.9230769230769,0.196163488769531
113,"Bombus terrestris",47.35975,8.2671333333,"inat","Cool Temperate","Moist","Settlement","Mountains","Cool Temperate Moist",61,67,0,"Cool Temperate Moist Settlement on Mountains","#3D4300",408,14.8653846153846,69.9230769230769,0.179600415039062
113,"Bombus terrestris",47.34625,8.2853533333,"inat","Cool Temperate","Moist","Settlement","Mountains","Cool Temperate Moist",61,67,0,"Cool Temperate Moist Settlement on Mountains","#3D4300",428,14.9038461538462,70.2307692307692,0.155645715332031
113,"Bombus terrestris",47.3502713858,8.7097881362,"inat","Cool Temperate","Moist","Settlement","Mountains","Cool Temperate Moist",61,67,0,"Cool Temperate Moist Settlement on Mountains","#3D4300",457,14.8884615384616,73.0769230769231,0.219194360351563
113,"Bombus terrestris",47.469412,8.1631666,"inat","Cool Temperate","Moist","Settlement","Mountains","Cool Temperate Moist",61,67,0,"Cool Temperate Moist Settlement on Mountains","#3D4300",356,15.1346153846154,82.6923076923077,0.123938439941406
113,"Bombus terrestris",47.1788167736,8.5128261045,"inat","Cool Temperate","Moist","Settlement","Mountains","Cool Temperate Moist",61,67,0,"Cool Temperate Moist Settlement on Mountains","#3D4300",421,15.0115384615385,85.9230769230769,0.327165698242187
113,"Bombus terrestris",46.51966634,6.57298488,"inat","Cool Temperate","Moist","Settlement","Mountains","Cool Temperate Moist",61,67,0,"Cool Temperate Moist Settlement on Mountains","#3D4300",397,14.8961538461539,82.4615384615385,0.255759448242187
113,"Bombus terrestris",46.4670568753,6.8891063333,"inat","Cool Temperate","Moist","Settlement","Mountains","Cool Temperate Moist",61,67,0,"Cool Temperate Moist Settlement on Mountains","#3D4300",611,13.8115384615385,90.8461538461538,0.170959643554688
113,"Bombus terrestris",46.9842095997,6.8950262,"inat","Cool Temperate","Moist","Settlement","Mountains","Cool Temperate Moist",61,67,0,"Cool Temperate Moist Settlement on Mountains","#3D4300",517,14.15,83.5384615384615,0.249947216796875
113,"Bombus terrestris",47.469412,8.1631666,"inat","Cool Temperate","Moist","Settlement","Mountains","Cool Temperate Moist",61,67,0,"Cool Temperate Moist Settlement on Mountains","#3D4300",356,15.1346153846154,82.6923076923077,0.123938439941406
113,"Bombus terrestris",47.3211306784,8.5826788576,"inat","Cool Temperate","Moist","Settlement","Mountains","Cool Temperate Moist",61,67,0,"Cool Temperate Moist Settlement on Mountains","#3D4300",436,15.2115384615385,71.1538461538462,0.26597314453125
113,"Bombus terrestris",47.3587156318,8.5588072613,"inat","Cool Temperate","Moist","Settlement","Mountains","Cool Temperate Moist",61,67,0,"Cool Temperate Moist Settlement on Mountains","#3D4300",427,15.0576923076923,69.0769230769231,0.2868220703125
113,"Bombus terrestris",47.4915965896,7.8058976988,"inat","Cool Temperate","Moist","Settlement","Mountains","Cool Temperate Moist",61,67,0,"Cool Temperate Moist Settlement on Mountains","#3D4300",562,14.3961538461539,74.3846153846154,0.118984912109375
113,"Bombus terrestris",46.7340783333,7.66898,"inat","Cool Temperate","Moist","Settlement","Mountains","Cool Temperate Moist",61,67,0,"Cool Temperate Moist Settlement on Mountains","#3D4300",662,12.973076923077,93.5384615384615,0.4583630859375
113,"Bombus terrestris",46.5343769652,6.6552913005,"inat","Cool Temperate","Moist","Settlement","Mountains","Cool Temperate Moist",61,67,0,"Cool Temperate Moist Settlement on Mountains","#3D4300",637,13.4192307692308,102.461538461538,0.109875317382813
113,"Bombus terrestris",47.1522531,7.4039324,"inat","Cool Temperate","Moist","Settlement","Mountains","Cool Temperate Moist",61,67,0,"Cool Temperate Moist Settlement on Mountains","#3D4300",433,14.7653846153847,69.2307692307692,0.155001684570312
113,"Bombus terrestris",47.2688160426,8.6878824833,"inat","Cool Temperate","Moist","Settlement","Mountains","Cool Temperate Moist",61,67,0,"Cool Temperate Moist Settlement on Mountains","#3D4300",533,14.2500000000001,88.4615384615385,0.260173803710938
113,"Bombus terrestris",46.207505,6.142775,"inat","Cool Temperate","Moist","Settlement","Mountains","Cool Temperate Moist",61,67,0,"Cool Temperate Moist Settlement on Mountains","#3D4300",387,16.1115384615385,81.1538461538462,0.230046118164063
113,"Bombus terrestris",47.4790465686,7.6170410961,"inat","Cool Temperate","Moist","Settlement","Mountains","Cool Temperate Moist",61,67,0,"Cool Temperate Moist Settlement on Mountains","#3D4300",336,15.2500000000001,61.8461538461538,0.17819892578125
113,"Bombus terrestris",46.249355,7.3237616667,"inat","Cool Temperate","Moist","Settlement","Mountains","Cool Temperate Moist",61,67,0,"Cool Temperate Moist Settlement on Mountains","#3D4300",834,13.3961538461539,71.2307692307692,0.377812890625
113,"Bombus terrestris",47.2688116667,8.69198,"inat","Cool Temperate","Moist","Settlement","Mountains","Cool Temperate Moist",61,67,0,"Cool Temperate Moist Settlement on Mountains","#3D4300",570,13.9038461538462,90.3846153846154,0.298863061523438
113,"Bombus terrestris",47.088935,8.248634,"inat","Cool Temperate","Moist","Settlement","Mountains","Cool Temperate Moist",61,67,0,"Cool Temperate Moist Settlement on Mountains","#3D4300",522,14.2192307692308,93.3846153846154,0.190780004882812
113,"Bombus terrestris",47.351767631,7.9017626122,"inat","Cool Temperate","Moist","Settlement","Mountains","Cool Temperate Moist",61,67,0,"Cool Temperate Moist Settlement on Mountains","#3D4300",399,14.8576923076923,80.0769230769231,0.132089196777344
113,"Bombus terrestris",46.5344444444,6.6552777778,"inat","Cool Temperate","Moist","Settlement","Mountains","Cool Temperate Moist",61,67,0,"Cool Temperate Moist Settlement on Mountains","#3D4300",637,13.4192307692308,102.461538461538,0.109875317382813
113,"Bombus terrestris",47.3583965299,8.5622595996,"inat","Cool Temperate","Moist","Settlement","Mountains","Cool Temperate Moist",61,67,0,"Cool Temperate Moist Settlement on Mountains","#3D4300",446,15.0576923076923,69.0769230769231,0.294645825195313
113,"Bombus terrestris",46.3263682434,8.0031452692,"inat","Cool Temperate","Moist","Settlement","Mountains","Cool Temperate Moist",61,67,0,"Cool Temperate Moist Settlement on Mountains","#3D4300",683,12.9961538461539,89.3846153846154,0.672287890625
113,"Bombus terrestris",46.5330283333,6.648625,"inat","Cool Temperate","Moist","Settlement","Mountains","Cool Temperate Moist",61,67,0,"Cool Temperate Moist Settlement on Mountains","#3D4300",608,13.7576923076924,98.5384615384615,0.165425183105469
113,"Bombus terrestris",47.0260099722,9.514326,"inat","Cool Temperate","Moist","Settlement","Mountains","Cool Temperate Moist",61,67,0,"Cool Temperate Moist Settlement on Mountains","#3D4300",533,14.0653846153846,79.4615384615385,0.154296362304687
113,"Bombus terrestris",46.5307666667,6.6483133333,"inat","Cool Temperate","Moist","Settlement","Mountains","Cool Temperate Moist",61,67,0,"Cool Temperate Moist Settlement on Mountains","#3D4300",599,13.7576923076924,98.5384615384615,0.165426672363281
113,"Bombus terrestris",46.5343585137,6.6552886183,"inat","Cool Temperate","Moist","Settlement","Mountains","Cool Temperate Moist",61,67,0,"Cool Temperate Moist Settlement on Mountains","#3D4300",637,13.4192307692308,102.461538461538,0.109875317382813
113,"Bombus terrestris",47.3868662259,7.9520631508,"inat","Cool Temperate","Moist","Settlement","Mountains","Cool Temperate Moist",61,67,0,"Cool Temperate Moist Settlement on Mountains","#3D4300",471,14.4423076923077,87.5384615384615,0.189421215820312
113,"Bombus terrestris",46.5270548,6.6218661,"inat","Cool Temperate","Moist","Settlement","Mountains","Cool Temperate Moist",61,67,0,"Cool Temperate Moist Settlement on Mountains","#3D4300",530,14.1038461538462,90.8461538461538,0.183101245117188
113,"Bombus terrestris",46.6880377997,7.6858690997,"inat","Cool Temperate","Moist","Settlement","Mountains","Cool Temperate Moist",61,67,0,"Cool Temperate Moist Settlement on Mountains","#3D4300",576,14.0961538461539,87.7692307692308,0.515928759765625
113,"Bombus terrestris",47.4246587757,9.3767173961,"inat","Cool Temperate","Moist","Settlement","Mountains","Cool Temperate Moist",61,67,0,"Cool Temperate Moist Settlement on Mountains","#3D4300",670,12.4653846153847,99.1538461538462,0.330127368164063
113,"Bombus terrestris",47.3586401544,8.5599222608,"inat","Cool Temperate","Moist","Settlement","Mountains","Cool Temperate Moist",61,67,0,"Cool Temperate Moist Settlement on Mountains","#3D4300",435,15.0576923076923,69.0769230769231,0.286824975585938
113,"Bombus terrestris",47.1395743,7.3747968,"inat","Cool Temperate","Moist","Settlement","Mountains","Cool Temperate Moist",61,67,0,"Cool Temperate Moist Settlement on Mountains","#3D4300",427,14.6269230769231,68.9230769230769,0.213617602539063
113,"Bombus terrestris",47.3940441428,7.8585788536,"inat","Cool Temperate","Moist","Settlement","Mountains","Cool Temperate Moist",61,67,0,"Cool Temperate Moist Settlement on Mountains","#3D4300",566,13.6115384615385,82.8461538461538,0.2403599609375
113,"Bombus terrestris",47.3694534302,7.3456392288,"inat","Cool Temperate","Moist","Settlement","Mountains","Cool Temperate Moist",61,67,0,"Cool Temperate Moist Settlement on Mountains","#3D4300",464,14.5269230769231,70,0.190194091796875
113,"Bombus terrestris",46.5356587838,6.6596740178,"inat","Cool Temperate","Moist","Settlement","Mountains","Cool Temperate Moist",61,67,0,"Cool Temperate Moist Settlement on Mountains","#3D4300",661,13.2576923076924,104.846153846154,0.144492517089844
113,"Bombus terrestris",47.1653680664,8.1126341969,"inat","Cool Temperate","Moist","Settlement","Mountains","Cool Temperate Moist",61,67,0,"Cool Temperate Moist Settlement on Mountains","#3D4300",508,14.273076923077,82.2307692307692,0.23485595703125
113,"Bombus terrestris",47.5009365184,7.5907044858,"inat","Cool Temperate","Moist","Settlement","Mountains","Cool Temperate Moist",61,67,0,"Cool Temperate Moist Settlement on Mountains","#3D4300",316,15.3192307692308,60.3846153846154,0.153529187011719
113,"Bombus terrestris",47.3913416667,8.5358283333,"inat","Cool Temperate","Moist","Settlement","Mountains","Cool Temperate Moist",61,67,0,"Cool Temperate Moist Settlement on Mountains","#3D4300",446,15.1423076923077,67.4615384615385,0.22790869140625
113,"Bombus terrestris",46.5343854374,6.6551598723,"inat","Cool Temperate","Moist","Settlement","Mountains","Cool Temperate Moist",61,67,0,"Cool Temperate Moist Settlement on Mountains","#3D4300",637,13.4192307692308,102.461538461538,0.109875317382813
113,"Bombus terrestris",47.3382817199,8.5209800676,"inat","Cool Temperate","Moist","Settlement","Mountains","Cool Temperate Moist",61,67,0,"Cool Temperate Moist Settlement on Mountains","#3D4300",441,15.0346153846154,77.9230769230769,0.245059301757812
113,"Bombus terrestris",47.5341459419,7.5978390496,"inat","Cool Temperate","Moist","Settlement","Mountains","Cool Temperate Moist",61,67,0,"Cool Temperate Moist Settlement on Mountains","#3D4300",341,15.5653846153846,59.7692307692308,0.177908312988281
113,"Bombus terrestris",46.2096333333,6.1509111667,"inat","Cool Temperate","Moist","Settlement","Mountains","Cool Temperate Moist",61,67,0,"Cool Temperate Moist Settlement on Mountains","#3D4300",373,16.2038461538462,81.8461538461538,0.2418650390625
113,"Dactylorhiza sambucina",46.125258,7.082104,"inat","Cool Temperate","Moist","Settlement","Mountains","Cool Temperate Moist",61,67,0,"Cool Temperate Moist Settlement on Mountains","#3D4300",534,12.9038461538462,76.6923076923077,0.201531811523437
113,"Bombus terrestris",47.351326962,8.5240277275,"inat","Cool Temperate","Moist","Settlement","Mountains","Cool Temperate Moist",61,67,0,"Cool Temperate Moist Settlement on Mountains","#3D4300",424,15.1884615384616,73.1538461538462,0.3536328125
113,"Bombus terrestris",47.2724424928,8.3487276571,"inat","Cool Temperate","Moist","Settlement","Mountains","Cool Temperate Moist",61,67,0,"Cool Temperate Moist Settlement on Mountains","#3D4300",463,14.7653846153846,81.1538461538462,0.144841076660156
113,"Bombus terrestris",47.3932013779,8.0026138904,"inat","Cool Temperate","Moist","Settlement","Mountains","Cool Temperate Moist",61,67,0,"Cool Temperate Moist Settlement on Mountains","#3D4300",409,14.7807692307692,85.8461538461538,0.179578515625
113,"Bombus terrestris",47.52295,8.2153888833,"inat","Cool Temperate","Moist","Settlement","Mountains","Cool Temperate Moist",61,67,0,"Cool Temperate Moist Settlement on Mountains","#3D4300",388,14.9576923076924,79.0769230769231,0.121831164550781
113,"Bombus terrestris",47.438055,9.1376055,"inat","Cool Temperate","Moist","Settlement","Mountains","Cool Temperate Moist",61,67,0,"Cool Temperate Moist Settlement on Mountains","#3D4300",536,13.6807692307693,86.3076923076923,0.201990502929688
113,"Bombus terrestris",46.1930655997,6.1664067997,"inat","Cool Temperate","Moist","Settlement","Mountains","Cool Temperate Moist",61,67,0,"Cool Temperate Moist Settlement on Mountains","#3D4300",425,15.9423076923077,79,0.229805224609375
113,"Bombus terrestris",47.4937888883,7.6218583333,"inat","Cool Temperate","Moist","Settlement","Mountains","Cool Temperate Moist",61,67,0,"Cool Temperate Moist Settlement on Mountains","#3D4300",336,15.45,61,0.201608679199219
113,"Bombus terrestris",47.403755,8.0507611667,"inat","Cool Temperate","Moist","Settlement","Mountains","Cool Temperate Moist",61,67,0,"Cool Temperate Moist Settlement on Mountains","#3D4300",368,14.973076923077,81.2307692307692,0.155260424804687
113,"Bombus terrestris",47.514003564,8.7651311606,"inat","Cool Temperate","Moist","Settlement","Mountains","Cool Temperate Moist",61,67,0,"Cool Temperate Moist Settlement on Mountains","#3D4300",455,14.9192307692308,64.1538461538462,0.230214184570313
113,"Bombus terrestris",47.1395743,7.3747968,"inat","Cool Temperate","Moist","Settlement","Mountains","Cool Temperate Moist",61,67,0,"Cool Temperate Moist Settlement on Mountains","#3D4300",427,14.6269230769231,68.9230769230769,0.213617602539063
113,"Bombus terrestris",46.8200266,8.4069918,"inat","Cool Temperate","Moist","Settlement","Mountains","Cool Temperate Moist",61,67,0,"Cool Temperate Moist Settlement on Mountains","#3D4300",988,10.8653846153846,130.769230769231,0.94752841796875
113,"Bombus terrestris",46.5197972222,6.5740111111,"inat","Cool Temperate","Moist","Settlement","Mountains","Cool Temperate Moist",61,67,0,"Cool Temperate Moist Settlement on Mountains","#3D4300",397,14.8961538461539,82.4615384615385,0.255763403320312
113,"Bombus terrestris",46.7591388889,7.6337611111,"inat","Cool Temperate","Moist","Settlement","Mountains","Cool Temperate Moist",61,67,0,"Cool Temperate Moist Settlement on Mountains","#3D4300",580,13.5192307692308,89.1538461538462,0.452607763671875
113,"Bombus terrestris",47.3647235017,7.8931901624,"inat","Cool Temperate","Moist","Settlement","Mountains","Cool Temperate Moist",61,67,0,"Cool Temperate Moist Settlement on Mountains","#3D4300",433,14.5807692307692,84.3076923076923,0.190821435546875
113,"Bombus terrestris",47.4742531944,7.7412321944,"inat","Cool Temperate","Moist","Settlement","Mountains","Cool Temperate Moist",61,67,0,"Cool Temperate Moist Settlement on Mountains","#3D4300",332,15.3653846153846,64.4615384615385,0.167362866210937
113,"Bombus terrestris",46.1991833333,6.163125,"inat","Cool Temperate","Moist","Settlement","Mountains","Cool Temperate Moist",61,67,0,"Cool Temperate Moist Settlement on Mountains","#3D4300",407,15.9423076923077,79,0.212266870117188
113,"Bombus terrestris",47.469412,8.1631666,"inat","Cool Temperate","Moist","Settlement","Mountains","Cool Temperate Moist",61,67,0,"Cool Temperate Moist Settlement on Mountains","#3D4300",356,15.1346153846154,82.6923076923077,0.123938439941406
113,"Bombus terrestris",47.379854049,8.4850304201,"inat","Cool Temperate","Moist","Settlement","Mountains","Cool Temperate Moist",61,67,0,"Cool Temperate Moist Settlement on Mountains","#3D4300",418,15.2115384615385,70,0.240869189453125
113,"Bombus terrestris",47.3038103013,8.526157653,"inat","Cool Temperate","Moist","Settlement","Mountains","Cool Temperate Moist",61,67,0,"Cool Temperate Moist Settlement on Mountains","#3D4300",467,14.7653846153847,87.3846153846154,0.224625512695313
113,"Dactylorhiza sambucina",46.125232,7.08192407,"inat","Cool Temperate","Moist","Settlement","Mountains","Cool Temperate Moist",61,67,0,"Cool Temperate Moist Settlement on Mountains","#3D4300",534,12.9038461538462,76.6923076923077,0.201531811523437
113,"Bombus terrestris",46.518635,6.600373,"gbif","Cool Temperate","Moist","Settlement","Mountains","Cool Temperate Moist",61,67,0,"Cool Temperate Moist Settlement on Mountains","#3D4300",381,14.8346153846154,84.5384615384615,0.267753955078125
113,"Bombus terrestris",46.8124466667,7.2185166667,"inat","Cool Temperate","Moist","Settlement","Mountains","Cool Temperate Moist",61,67,0,"Cool Temperate Moist Settlement on Mountains","#3D4300",678,13.4961538461539,84.0769230769231,0.177330102539063
113,"Bombus terrestris",47.3761286294,8.4997517243,"inat","Cool Temperate","Moist","Settlement","Mountains","Cool Temperate Moist",61,67,0,"Cool Temperate Moist Settlement on Mountains","#3D4300",415,15.2576923076923,69.8461538461538,0.3058125
113,"Bombus terrestris",47.5204772949,7.6839199066,"inat","Cool Temperate","Moist","Settlement","Mountains","Cool Temperate Moist",61,67,0,"Cool Temperate Moist Settlement on Mountains","#3D4300",284,15.7192307692308,65.2307692307692,0.199935461425781
113,"Dactylorhiza sambucina",46.125232,7.0819217301,"inat","Cool Temperate","Moist","Settlement","Mountains","Cool Temperate Moist",61,67,0,"Cool Temperate Moist Settlement on Mountains","#3D4300",534,12.9038461538462,76.6923076923077,0.201531811523437
113,"Bombus terrestris",47.4316783333,9.1344583333,"inat","Cool Temperate","Moist","Settlement","Mountains","Cool Temperate Moist",61,67,0,"Cool Temperate Moist Settlement on Mountains","#3D4300",558,13.45,89.6923076923077,0.201673034667969
113,"Dactylorhiza sambucina",46.1252416,7.0819701999,"inat","Cool Temperate","Moist","Settlement","Mountains","Cool Temperate Moist",61,67,0,"Cool Temperate Moist Settlement on Mountains","#3D4300",534,12.9038461538462,76.6923076923077,0.201531811523437
113,"Bombus terrestris",46.5137133333,6.6226116667,"inat","Cool Temperate","Moist","Settlement","Mountains","Cool Temperate Moist",61,67,0,"Cool Temperate Moist Settlement on Mountains","#3D4300",409,14.9038461538462,87,0.239187133789063
113,"Bombus terrestris",47.29067,8.5580116667,"inat","Cool Temperate","Moist","Settlement","Mountains","Cool Temperate Moist",61,67,0,"Cool Temperate Moist Settlement on Mountains","#3D4300",495,14.4653846153847,87.5384615384615,0.277232739257812
113,"Bombus terrestris",47.493876644,7.6221672537,"inat","Cool Temperate","Moist","Settlement","Mountains","Cool Temperate Moist",61,67,0,"Cool Temperate Moist Settlement on Mountains","#3D4300",336,15.45,61,0.154432043457031
113,"Bombus terrestris",47.4790491,7.6170412,"inat","Cool Temperate","Moist","Settlement","Mountains","Cool Temperate Moist",61,67,0,"Cool Temperate Moist Settlement on Mountains","#3D4300",336,15.2500000000001,61.8461538461538,0.17819892578125
114,"Bombus terrestris",47.5564222222,8.7491611111,"inat","Cool Temperate","Moist","Grassland","Hills","Cool Temperate Moist",22,124,10,"Cool Temperate Moist Grassland on Hills","#167C0A",487,14.7961538461539,64.1538461538462,0.158792626953125
116,"Bombus terrestris",47.3839402,8.6310803,"inat","Cool Temperate","Moist","Cropland","Plains","Cool Temperate Moist",29,153,10,"Cool Temperate Moist Cropland on Plains","#1D990A",433,15.0961538461539,73.6923076923077,0.222052197265625
120,"Bombus terrestris",47.1675833333,9.4715966667,"inat","Cool Temperate","Moist","Settlement","Plains","Cool Temperate Moist",78,119,2,"Cool Temperate Moist Settlement on Plains","#4E7702",447,14.8038461538462,89.0769230769231,0.20175654296875
129,"Bombus terrestris",47.4642506,8.6415213,"inat","Cool Temperate","Moist","Settlement","Tablelands","Cool Temperate Moist",47,63,130,"Cool Temperate Moist Settlement on Tablelands","#2F3F82",583,14.3653846153846,74.9230769230769,0.146119079589844
161,"Bombus terrestris",46.3945072,6.9221073,"inat","Warm Temperate","Moist","Settlement","Plains","Warm Temperate Moist",163,170,28,"Warm Temperate Moist Settlement on Plains","#A3AA1C",373,15.55,79.5384615384615,0.285479150390625
161,"Bombus terrestris",47.566797,7.596312,"inat","Warm Temperate","Moist","Settlement","Plains","Warm Temperate Moist",163,170,28,"Warm Temperate Moist Settlement on Plains","#A3AA1C",261,15.8961538461539,58.8461538461538,0.2247794921875
161,"Bombus terrestris",47.56677,7.596504,"inat","Warm Temperate","Moist","Settlement","Plains","Warm Temperate Moist",163,170,28,"Warm Temperate Moist Settlement on Plains","#A3AA1C",261,15.8961538461539,58.8461538461538,0.2247794921875
166,"Bombus terrestris",46.1553105171,8.863820487,"inat","Warm Temperate","Moist","Forest","Plains","Warm Temperate Moist",45,158,6,"Warm Temperate Moist Forest on Plains","#2D9E06",193,17.2807692307693,102.538461538462,0.414233984375
169,"Bombus terrestris",47.5590517816,7.5820866695,"inat","Warm Temperate","Moist","Settlement","Hills","Warm Temperate Moist",136,158,52,"Warm Temperate Moist Settlement on Hills","#889E34",273,15.85,58.5384615384615,0.255509985351562
171,"Bombus terrestris",46.1641055,8.9459033333,"inat","Warm Temperate","Moist","Grassland","Mountains","Warm Temperate Moist",86,129,14,"Warm Temperate Moist Grassland on Mountains","#56810E",205,17.2961538461539,111.076923076923,0.141989331054688
171,"Bombus terrestris",46.2064430505,5.9935736063,"inat","Warm Temperate","Moist","Grassland","Mountains","Warm Temperate Moist",86,129,14,"Warm Temperate Moist Grassland on Mountains","#56810E",395,15.95,88.3846153846154,0.108476647949219
171,"Bombus terrestris",46.2342610186,9.113192637,"inat","Warm Temperate","Moist","Grassland","Mountains","Warm Temperate Moist",86,129,14,"Warm Temperate Moist Grassland on Mountains","#56810E",268,16.673076923077,93.9230769230769,0.323895727539062
171,"Bombus terrestris",46.1641695,8.945855,"inat","Warm Temperate","Moist","Grassland","Mountains","Warm Temperate Moist",86,129,14,"Warm Temperate Moist Grassland on Mountains","#56810E",205,17.2961538461539,111.076923076923,0.141989331054688
171,"Dactylorhiza sambucina",46.1810055093,8.7434572354,"inat","Warm Temperate","Moist","Grassland","Mountains","Warm Temperate Moist",86,129,14,"Warm Temperate Moist Grassland on Mountains","#56810E",219,16.9192307692308,107.384615384615,0.119966650390625
172,"Bombus terrestris",46.506711114,6.6269710287,"inat","Warm Temperate","Moist","Settlement","Mountains","Warm Temperate Moist",105,89,18,"Warm Temperate Moist Settlement on Mountains","#695912",386,15.0807692307692,88.1538461538462,0.330576025390625
172,"Bombus terrestris",47.5032849559,7.6148235132,"inat","Warm Temperate","Moist","Settlement","Mountains","Warm Temperate Moist",105,89,18,"Warm Temperate Moist Settlement on Mountains","#695912",283,15.7269230769231,60.0769230769231,0.178982385253906
172,"Bombus terrestris",46.4531856136,6.8582956884,"inat","Warm Temperate","Moist","Settlement","Mountains","Warm Temperate Moist",105,89,18,"Warm Temperate Moist Settlement on Mountains","#695912",382,15.1269230769231,85.1538461538462,0.304271435546875
172,"Bombus terrestris",47.5326004028,7.6131644249,"inat","Warm Temperate","Moist","Settlement","Mountains","Warm Temperate Moist",105,89,18,"Warm Temperate Moist Settlement on Mountains","#695912",269,15.7500000000001,59.7692307692308,0.201458227539063
172,"Bombus terrestris",46.1645361667,8.76852,"inat","Warm Temperate","Moist","Settlement","Mountains","Warm Temperate Moist",105,89,18,"Warm Temperate Moist Settlement on Mountains","#695912",233,16.9653846153847,103.307692307692,0.1922595703125
172,"Bombus terrestris",46.4631776101,6.8444557136,"inat","Warm Temperate","Moist","Settlement","Mountains","Warm Temperate Moist",105,89,18,"Warm Temperate Moist Settlement on Mountains","#695912",399,15.1269230769231,87.6923076923077,0.260724658203125
172,"Bombus terrestris",45.998885464,8.897549808,"inat","Warm Temperate","Moist","Settlement","Mountains","Warm Temperate Moist",105,89,18,"Warm Temperate Moist Settlement on Mountains","#695912",320,16.3884615384616,138.230769230769,0.217969287109375
172,"Bombus terrestris",46.21236333,9.04198883,"inat","Warm Temperate","Moist","Settlement","Mountains","Warm Temperate Moist",105,89,18,"Warm Temperate Moist Settlement on Mountains","#695912",251,16.7192307692308,105.230769230769,0.212442504882812
172,"Bombus terrestris",47.5306402,7.6166173,"inat","Warm Temperate","Moist","Settlement","Mountains","Warm Temperate Moist",105,89,18,"Warm Temperate Moist Settlement on Mountains","#695912",261,15.8423076923077,59.8461538461538,0.156036999511719
172,"Bombus terrestris",46.5067538047,6.6270102561,"inat","Warm Temperate","Moist","Settlement","Mountains","Warm Temperate Moist",105,89,18,"Warm Temperate Moist Settlement on Mountains","#695912",386,15.0807692307692,88.1538461538462,0.330576025390625
172,"Bombus terrestris",46.5143075271,6.4865295168,"inat","Warm Temperate","Moist","Settlement","Mountains","Warm Temperate Moist",105,89,18,"Warm Temperate Moist Settlement on Mountains","#695912",411,14.8269230769231,95.3846153846154,0.210444653320313
172,"Bombus terrestris",47.5306402,7.6166173,"inat","Warm Temperate","Moist","Settlement","Mountains","Warm Temperate Moist",105,89,18,"Warm Temperate Moist Settlement on Mountains","#695912",261,15.8423076923077,59.8461538461538,0.156036999511719
172,"Bombus terrestris",46.5066845766,6.6270129383,"inat","Warm Temperate","Moist","Settlement","Mountains","Warm Temperate Moist",105,89,18,"Warm Temperate Moist Settlement on Mountains","#695912",386,15.0807692307692,88.1538461538462,0.330576025390625
172,"Bombus terrestris",47.5306402,7.6166173,"inat","Warm Temperate","Moist","Settlement","Mountains","Warm Temperate Moist",105,89,18,"Warm Temperate Moist Settlement on Mountains","#695912",261,15.8423076923077,59.8461538461538,0.156036999511719
173,"Dactylorhiza sambucina",46.1801296407,8.7456140667,"inat","Warm Temperate","Moist","Cropland","Mountains","Warm Temperate Moist",100,150,37,"Warm Temperate Moist Cropland on Mountains","#649625",231,16.9192307692308,107.384615384615,0.141920007324219
173,"Bombus terrestris",46.2261780774,6.2276172795,"inat","Warm Temperate","Moist","Cropland","Mountains","Warm Temperate Moist",100,150,37,"Warm Temperate Moist Cropland on Mountains","#649625",441,15.7269230769231,87.9230769230769,0.152570190429688
173,"Bombus terrestris",46.1764574204,6.0263780574,"inat","Warm Temperate","Moist","Cropland","Mountains","Warm Temperate Moist",100,150,37,"Warm Temperate Moist Cropland on Mountains","#649625",415,16.0269230769231,83.1538461538462,0.154873950195312
173,"Bombus terrestris",46.2259888565,6.2263568042,"inat","Warm Temperate","Moist","Cropland","Mountains","Warm Temperate Moist",100,150,37,"Warm Temperate Moist Cropland on Mountains","#649625",441,15.7269230769231,87.9230769230769,0.135696179199219
173,"Bombus terrestris",46.2471305556,6.2314472222,"inat","Warm Temperate","Moist","Cropland","Mountains","Warm Temperate Moist",100,150,37,"Warm Temperate Moist Cropland on Mountains","#649625",439,15.7346153846154,89.2307692307692,0.173327014160156
173,"Bombus terrestris",46.4738995693,6.8010091089,"inat","Warm Temperate","Moist","Cropland","Mountains","Warm Temperate Moist",100,150,37,"Warm Temperate Moist Cropland on Mountains","#649625",438,15.05,91.0769230769231,0.330326513671875
176,"Bombus terrestris",46.1359055556,8.8184027778,"inat","Warm Temperate","Moist","Forest","Mountains","Warm Temperate Moist",49,105,3,"Warm Temperate Moist Forest on Mountains","#316903",256,16.7192307692308,105.692307692308,0.53081533203125
176,"Bombus terrestris",46.1739366667,8.7556416667,"inat","Warm Temperate","Moist","Forest","Mountains","Warm Temperate Moist",49,105,3,"Warm Temperate Moist Forest on Mountains","#316903",238,16.6961538461539,106.769230769231,0.185163000488281
176,"Bombus terrestris",46.1738183439,8.7557438014,"inat","Warm Temperate","Moist","Forest","Mountains","Warm Temperate Moist",49,105,3,"Warm Temperate Moist Forest on Mountains","#316903",238,16.6961538461539,106.769230769231,0.185163000488281
176,"Bombus terrestris",46.4098930358,6.9317760467,"inat","Warm Temperate","Moist","Forest","Mountains","Warm Temperate Moist",49,105,3,"Warm Temperate Moist Forest on Mountains","#316903",394,15.2423076923077,79.2307692307692,0.389758813476562
176,"Bombus terrestris",45.98187,8.91842,"inat","Warm Temperate","Moist","Forest","Mountains","Warm Temperate Moist",49,105,3,"Warm Temperate Moist Forest on Mountains","#316903",473,15.7653846153847,132.307692307692,0.212692114257813
