"eco_code","species","latitude","longitude","source","Temperatur","Moisture","Landcover","Landforms","Climate_Re","Red","Green","Blue","W_Ecosystm","color","elevation"
5,"Dactylorhiza sambucina",46.2443862686,7.1443609592,"inat","Polar","Moist","Sparsely or Non vegetated","Mountains","Polar Moist",156,150,138,"Polar Moist Sparsely or Non vegetated on Mountains","#9C968A",2567
5,"Bombus terrestris",46.4903908714,7.6205415311,"inat","Polar","Moist","Sparsely or Non vegetated","Mountains","Polar Moist",156,150,138,"Polar Moist Sparsely or Non vegetated on Mountains","#9C968A",2431
18,"Bombus terrestris",46.3326222222,7.4824138889,"inat","Polar","Moist","Grassland","Mountains","Polar Moist",191,167,132,"Polar Moist Grassland on Mountains","#BFA784",2134
18,"Dactylorhiza sambucina",46.34333,7.79584,"gbif","Polar","Moist","Grassland","Mountains","Polar Moist",191,167,132,"Polar Moist Grassland on Mountains","#BFA784",2178
29,"Dactylorhiza sambucina",46.3376805556,7.4756888889,"inat","Polar","Moist","Forest","Mountains","Polar Moist",107,103,74,"Polar Moist Forest on Mountains","#6B674A",2172
56,"Bombus terrestris",46.6407861111,10.3246361111,"inat","Boreal","Moist","Grassland","Mountains","Boreal Moist",1,107,0,"Boreal Moist Grassland on Mountains","#016B00",2197
96,"Dactylorhiza sambucina",46.1670561308,8.1098140852,"inat","Cool Temperate","Moist","Shrubland","Mountains","Cool Temperate Moist",35,83,0,"Cool Temperate Moist Shrubland on Mountains","#235300",1535
96,"Dactylorhiza sambucina",46.4871379584,8.6124034971,"inat","Cool Temperate","Moist","Shrubland","Mountains","Cool Temperate Moist",35,83,0,"Cool Temperate Moist Shrubland on Mountains","#235300",1764
96,"Dactylorhiza sambucina",46.1099179424,7.2034239935,"inat","Cool Temperate","Moist","Shrubland","Mountains","Cool Temperate Moist",35,83,0,"Cool Temperate Moist Shrubland on Mountains","#235300",2036
96,"Dactylorhiza sambucina",46.486786844,8.4718440961,"inat","Cool Temperate","Moist","Shrubland","Mountains","Cool Temperate Moist",35,83,0,"Cool Temperate Moist Shrubland on Mountains","#235300",1642
96,"Dactylorhiza sambucina",46.1099179424,7.2034239935,"inat","Cool Temperate","Moist","Shrubland","Mountains","Cool Temperate Moist",35,83,0,"Cool Temperate Moist Shrubland on Mountains","#235300",2036
96,"Dactylorhiza sambucina",46.4865908566,8.6149086803,"inat","Cool Temperate","Moist","Shrubland","Mountains","Cool Temperate Moist",35,83,0,"Cool Temperate Moist Shrubland on Mountains","#235300",1700
96,"Dactylorhiza sambucina",46.3512806316,8.0224105675,"inat","Cool Temperate","Moist","Shrubland","Mountains","Cool Temperate Moist",35,83,0,"Cool Temperate Moist Shrubland on Mountains","#235300",1333
96,"Dactylorhiza sambucina",46.351281,8.022411,"gbif","Cool Temperate","Moist","Shrubland","Mountains","Cool Temperate Moist",35,83,0,"Cool Temperate Moist Shrubland on Mountains","#235300",1333
96,"Dactylorhiza sambucina",46.2180796725,8.0358094226,"inat","Cool Temperate","Moist","Shrubland","Mountains","Cool Temperate Moist",35,83,0,"Cool Temperate Moist Shrubland on Mountains","#235300",1688
96,"Dactylorhiza sambucina",46.5376080436,8.5817062882,"inat","Cool Temperate","Moist","Shrubland","Mountains","Cool Temperate Moist",35,83,0,"Cool Temperate Moist Shrubland on Mountains","#235300",1644
96,"Dactylorhiza sambucina",46.1948166667,7.1404472222,"inat","Cool Temperate","Moist","Shrubland","Mountains","Cool Temperate Moist",35,83,0,"Cool Temperate Moist Shrubland on Mountains","#235300",1975
97,"Dactylorhiza sambucina",46.445175,8.8452333333,"inat","Cool Temperate","Moist","Forest","Mountains","Cool Temperate Moist",6,64,0,"Cool Temperate Moist Forest on Mountains","#064000",935
97,"Dactylorhiza sambucina",46.3702910537,8.2175218002,"inat","Cool Temperate","Moist","Forest","Mountains","Cool Temperate Moist",6,64,0,"Cool Temperate Moist Forest on Mountains","#064000",1602
97,"Dactylorhiza sambucina",46.11862,7.1476,"gbif","Cool Temperate","Moist","Forest","Mountains","Cool Temperate Moist",6,64,0,"Cool Temperate Moist Forest on Mountains","#064000",875
97,"Dactylorhiza sambucina",46.5938097691,6.3283698742,"inat","Cool Temperate","Moist","Forest","Mountains","Cool Temperate Moist",6,64,0,"Cool Temperate Moist Forest on Mountains","#064000",1459
97,"Dactylorhiza sambucina",46.4224721039,8.5215383176,"inat","Cool Temperate","Moist","Forest","Mountains","Cool Temperate Moist",6,64,0,"Cool Temperate Moist Forest on Mountains","#064000",1318
97,"Dactylorhiza sambucina",46.128156,7.148178,"gbif","Cool Temperate","Moist","Forest","Mountains","Cool Temperate Moist",6,64,0,"Cool Temperate Moist Forest on Mountains","#064000",602
97,"Dactylorhiza sambucina",46.20891,7.34147,"gbif","Cool Temperate","Moist","Forest","Mountains","Cool Temperate Moist",6,64,0,"Cool Temperate Moist Forest on Mountains","#064000",702
97,"Dactylorhiza sambucina",46.4831083333,6.1369583333,"inat","Cool Temperate","Moist","Forest","Mountains","Cool Temperate Moist",6,64,0,"Cool Temperate Moist Forest on Mountains","#064000",1364
97,"Dactylorhiza sambucina",46.33357,7.70578,"inat","Cool Temperate","Moist","Forest","Mountains","Cool Temperate Moist",6,64,0,"Cool Temperate Moist Forest on Mountains","#064000",1878
97,"Dactylorhiza sambucina",46.485,8.9477777778,"inat","Cool Temperate","Moist","Forest","Mountains","Cool Temperate Moist",6,64,0,"Cool Temperate Moist Forest on Mountains","#064000",816
97,"Dactylorhiza sambucina",46.3012529502,8.0424812453,"inat","Cool Temperate","Moist","Forest","Mountains","Cool Temperate Moist",6,64,0,"Cool Temperate Moist Forest on Mountains","#064000",1601
97,"Dactylorhiza sambucina",46.4729336799,6.1131573261,"inat","Cool Temperate","Moist","Forest","Mountains","Cool Temperate Moist",6,64,0,"Cool Temperate Moist Forest on Mountains","#064000",1382
97,"Dactylorhiza sambucina",46.359073,8.022139,"gbif","Cool Temperate","Moist","Forest","Mountains","Cool Temperate Moist",6,64,0,"Cool Temperate Moist Forest on Mountains","#064000",1617
97,"Dactylorhiza sambucina",46.3012529502,8.0424812453,"inat","Cool Temperate","Moist","Forest","Mountains","Cool Temperate Moist",6,64,0,"Cool Temperate Moist Forest on Mountains","#064000",1601
97,"Dactylorhiza sambucina",46.3590728457,8.0221389346,"inat","Cool Temperate","Moist","Forest","Mountains","Cool Temperate Moist",6,64,0,"Cool Temperate Moist Forest on Mountains","#064000",1617
97,"Dactylorhiza sambucina",46.134629,7.085629,"gbif","Cool Temperate","Moist","Forest","Mountains","Cool Temperate Moist",6,64,0,"Cool Temperate Moist Forest on Mountains","#064000",960
97,"Dactylorhiza sambucina",46.65162,8.71236,"gbif","Cool Temperate","Moist","Forest","Mountains","Cool Temperate Moist",6,64,0,"Cool Temperate Moist Forest on Mountains","#064000",1612
97,"Dactylorhiza sambucina",46.33752,8.64005,"gbif","Cool Temperate","Moist","Forest","Mountains","Cool Temperate Moist",6,64,0,"Cool Temperate Moist Forest on Mountains","#064000",1566
97,"Dactylorhiza sambucina",46.4702,8.83831,"gbif","Cool Temperate","Moist","Forest","Mountains","Cool Temperate Moist",6,64,0,"Cool Temperate Moist Forest on Mountains","#064000",1327
97,"Dactylorhiza sambucina",46.33752,8.64005,"gbif","Cool Temperate","Moist","Forest","Mountains","Cool Temperate Moist",6,64,0,"Cool Temperate Moist Forest on Mountains","#064000",1566
97,"Dactylorhiza sambucina",46.4467874744,6.1216963294,"inat","Cool Temperate","Moist","Forest","Mountains","Cool Temperate Moist",6,64,0,"Cool Temperate Moist Forest on Mountains","#064000",1209
97,"Dactylorhiza sambucina",46.20891,7.34147,"gbif","Cool Temperate","Moist","Forest","Mountains","Cool Temperate Moist",6,64,0,"Cool Temperate Moist Forest on Mountains","#064000",702
97,"Dactylorhiza sambucina",46.34221,8.05562,"gbif","Cool Temperate","Moist","Forest","Mountains","Cool Temperate Moist",6,64,0,"Cool Temperate Moist Forest on Mountains","#064000",1545
97,"Dactylorhiza sambucina",46.356482,8.020248,"gbif","Cool Temperate","Moist","Forest","Mountains","Cool Temperate Moist",6,64,0,"Cool Temperate Moist Forest on Mountains","#064000",1590
97,"Dactylorhiza sambucina",46.12847783,7.06481667,"inat","Cool Temperate","Moist","Forest","Mountains","Cool Temperate Moist",6,64,0,"Cool Temperate Moist Forest on Mountains","#064000",574
97,"Dactylorhiza sambucina",46.5893750031,6.272925,"inat","Cool Temperate","Moist","Forest","Mountains","Cool Temperate Moist",6,64,0,"Cool Temperate Moist Forest on Mountains","#064000",1351
97,"Dactylorhiza sambucina",46.3012529502,8.0424812453,"inat","Cool Temperate","Moist","Forest","Mountains","Cool Temperate Moist",6,64,0,"Cool Temperate Moist Forest on Mountains","#064000",1601
97,"Dactylorhiza sambucina",46.1130988804,7.2401401301,"inat","Cool Temperate","Moist","Forest","Mountains","Cool Temperate Moist",6,64,0,"Cool Temperate Moist Forest on Mountains","#064000",1952
97,"Dactylorhiza sambucina",46.3338866667,7.7044616667,"inat","Cool Temperate","Moist","Forest","Mountains","Cool Temperate Moist",6,64,0,"Cool Temperate Moist Forest on Mountains","#064000",1878
97,"Dactylorhiza sambucina",46.3567379306,8.6300495833,"inat","Cool Temperate","Moist","Forest","Mountains","Cool Temperate Moist",6,64,0,"Cool Temperate Moist Forest on Mountains","#064000",834
97,"Dactylorhiza sambucina",46.0095060235,7.1303032623,"inat","Cool Temperate","Moist","Forest","Mountains","Cool Temperate Moist",6,64,0,"Cool Temperate Moist Forest on Mountains","#064000",1092
97,"Dactylorhiza sambucina",46.33752,8.64005,"gbif","Cool Temperate","Moist","Forest","Mountains","Cool Temperate Moist",6,64,0,"Cool Temperate Moist Forest on Mountains","#064000",1566
97,"Dactylorhiza sambucina",46.433695,6.09549,"inat","Cool Temperate","Moist","Forest","Mountains","Cool Temperate Moist",6,64,0,"Cool Temperate Moist Forest on Mountains","#064000",1453
97,"Dactylorhiza sambucina",46.20891,7.34147,"gbif","Cool Temperate","Moist","Forest","Mountains","Cool Temperate Moist",6,64,0,"Cool Temperate Moist Forest on Mountains","#064000",702
97,"Dactylorhiza sambucina",46.3191745151,7.8470749687,"inat","Cool Temperate","Moist","Forest","Mountains","Cool Temperate Moist",6,64,0,"Cool Temperate Moist Forest on Mountains","#064000",1303
97,"Dactylorhiza sambucina",46.12794844,7.07261335,"inat","Cool Temperate","Moist","Forest","Mountains","Cool Temperate Moist",6,64,0,"Cool Temperate Moist Forest on Mountains","#064000",823
97,"Dactylorhiza sambucina",46.4015444444,8.6482583333,"inat","Cool Temperate","Moist","Forest","Mountains","Cool Temperate Moist",6,64,0,"Cool Temperate Moist Forest on Mountains","#064000",789
97,"Bombus terrestris",46.2106388889,7.2046666667,"inat","Cool Temperate","Moist","Forest","Mountains","Cool Temperate Moist",6,64,0,"Cool Temperate Moist Forest on Mountains","#064000",881
97,"Dactylorhiza sambucina",46.3660759741,8.1928299369,"inat","Cool Temperate","Moist","Forest","Mountains","Cool Temperate Moist",6,64,0,"Cool Temperate Moist Forest on Mountains","#064000",1488
97,"Dactylorhiza sambucina",46.0725047436,7.1488288584,"inat","Cool Temperate","Moist","Forest","Mountains","Cool Temperate Moist",6,64,0,"Cool Temperate Moist Forest on Mountains","#064000",848
97,"Dactylorhiza sambucina",46.1598833333,7.2654722222,"inat","Cool Temperate","Moist","Forest","Mountains","Cool Temperate Moist",6,64,0,"Cool Temperate Moist Forest on Mountains","#064000",1697
97,"Dactylorhiza sambucina",46.20891,7.34147,"gbif","Cool Temperate","Moist","Forest","Mountains","Cool Temperate Moist",6,64,0,"Cool Temperate Moist Forest on Mountains","#064000",702
97,"Dactylorhiza sambucina",46.55678268,6.24585366,"inat","Cool Temperate","Moist","Forest","Mountains","Cool Temperate Moist",6,64,0,"Cool Temperate Moist Forest on Mountains","#064000",1353
97,"Dactylorhiza sambucina",46.11862,7.1476,"gbif","Cool Temperate","Moist","Forest","Mountains","Cool Temperate Moist",6,64,0,"Cool Temperate Moist Forest on Mountains","#064000",875
97,"Dactylorhiza sambucina",46.4281624564,6.1187675223,"inat","Cool Temperate","Moist","Forest","Mountains","Cool Temperate Moist",6,64,0,"Cool Temperate Moist Forest on Mountains","#064000",1510
97,"Dactylorhiza sambucina",46.20891,7.34147,"gbif","Cool Temperate","Moist","Forest","Mountains","Cool Temperate Moist",6,64,0,"Cool Temperate Moist Forest on Mountains","#064000",702
97,"Dactylorhiza sambucina",46.34221,8.05562,"gbif","Cool Temperate","Moist","Forest","Mountains","Cool Temperate Moist",6,64,0,"Cool Temperate Moist Forest on Mountains","#064000",1545
97,"Dactylorhiza sambucina",46.3191707014,7.8480712418,"inat","Cool Temperate","Moist","Forest","Mountains","Cool Temperate Moist",6,64,0,"Cool Temperate Moist Forest on Mountains","#064000",1260
97,"Dactylorhiza sambucina",46.4476,8.843061,"gbif","Cool Temperate","Moist","Forest","Mountains","Cool Temperate Moist",6,64,0,"Cool Temperate Moist Forest on Mountains","#064000",952
97,"Dactylorhiza sambucina",46.092258,7.181545,"gbif","Cool Temperate","Moist","Forest","Mountains","Cool Temperate Moist",6,64,0,"Cool Temperate Moist Forest on Mountains","#064000",954
97,"Dactylorhiza sambucina",46.1247709428,7.072315737,"inat","Cool Temperate","Moist","Forest","Mountains","Cool Temperate Moist",6,64,0,"Cool Temperate Moist Forest on Mountains","#064000",677
97,"Dactylorhiza sambucina",46.34221,8.05562,"gbif","Cool Temperate","Moist","Forest","Mountains","Cool Temperate Moist",6,64,0,"Cool Temperate Moist Forest on Mountains","#064000",1545
97,"Dactylorhiza sambucina",46.1276568747,7.07639679,"inat","Cool Temperate","Moist","Forest","Mountains","Cool Temperate Moist",6,64,0,"Cool Temperate Moist Forest on Mountains","#064000",779
97,"Dactylorhiza sambucina",46.16319,7.01789,"gbif","Cool Temperate","Moist","Forest","Mountains","Cool Temperate Moist",6,64,0,"Cool Temperate Moist Forest on Mountains","#064000",786
97,"Dactylorhiza sambucina",46.1221861111,7.0715333333,"inat","Cool Temperate","Moist","Forest","Mountains","Cool Temperate Moist",6,64,0,"Cool Temperate Moist Forest on Mountains","#064000",543
97,"Dactylorhiza sambucina",46.383189,8.124525,"gbif","Cool Temperate","Moist","Forest","Mountains","Cool Temperate Moist",6,64,0,"Cool Temperate Moist Forest on Mountains","#064000",1175
97,"Dactylorhiza sambucina",46.34255,7.99068,"gbif","Cool Temperate","Moist","Forest","Mountains","Cool Temperate Moist",6,64,0,"Cool Temperate Moist Forest on Mountains","#064000",1140
97,"Dactylorhiza sambucina",46.34255,7.99068,"gbif","Cool Temperate","Moist","Forest","Mountains","Cool Temperate Moist",6,64,0,"Cool Temperate Moist Forest on Mountains","#064000",1140
97,"Dactylorhiza sambucina",46.34255,7.99068,"gbif","Cool Temperate","Moist","Forest","Mountains","Cool Temperate Moist",6,64,0,"Cool Temperate Moist Forest on Mountains","#064000",1140
97,"Dactylorhiza sambucina",46.34255,7.99068,"gbif","Cool Temperate","Moist","Forest","Mountains","Cool Temperate Moist",6,64,0,"Cool Temperate Moist Forest on Mountains","#064000",1140
97,"Bombus terrestris",46.7990944444,9.8153277778,"inat","Cool Temperate","Moist","Forest","Mountains","Cool Temperate Moist",6,64,0,"Cool Temperate Moist Forest on Mountains","#064000",1815
97,"Bombus terrestris",47.0031555556,6.9503027778,"inat","Cool Temperate","Moist","Forest","Mountains","Cool Temperate Moist",6,64,0,"Cool Temperate Moist Forest on Mountains","#064000",506
97,"Dactylorhiza sambucina",46.4732719449,6.1142035166,"inat","Cool Temperate","Moist","Forest","Mountains","Cool Temperate Moist",6,64,0,"Cool Temperate Moist Forest on Mountains","#064000",1382
97,"Dactylorhiza sambucina",46.4702,8.83831,"gbif","Cool Temperate","Moist","Forest","Mountains","Cool Temperate Moist",6,64,0,"Cool Temperate Moist Forest on Mountains","#064000",1327
97,"Dactylorhiza sambucina",46.252725,7.8339166667,"inat","Cool Temperate","Moist","Forest","Mountains","Cool Temperate Moist",6,64,0,"Cool Temperate Moist Forest on Mountains","#064000",2057
97,"Bombus terrestris",46.6847999199,7.7819399536,"inat","Cool Temperate","Moist","Forest","Mountains","Cool Temperate Moist",6,64,0,"Cool Temperate Moist Forest on Mountains","#064000",870
97,"Dactylorhiza sambucina",46.34255,7.99068,"gbif","Cool Temperate","Moist","Forest","Mountains","Cool Temperate Moist",6,64,0,"Cool Temperate Moist Forest on Mountains","#064000",1140
97,"Dactylorhiza sambucina",45.9120815066,7.1119816931,"inat","Cool Temperate","Moist","Forest","Mountains","Cool Temperate Moist",6,64,0,"Cool Temperate Moist Forest on Mountains","#064000",1797
97,"Dactylorhiza sambucina",46.34221,8.05562,"gbif","Cool Temperate","Moist","Forest","Mountains","Cool Temperate Moist",6,64,0,"Cool Temperate Moist Forest on Mountains","#064000",1545
97,"Dactylorhiza sambucina",46.1254956,7.06821373,"inat","Cool Temperate","Moist","Forest","Mountains","Cool Temperate Moist",6,64,0,"Cool Temperate Moist Forest on Mountains","#064000",509
97,"Dactylorhiza sambucina",46.4657663997,8.2224128,"inat","Cool Temperate","Moist","Forest","Mountains","Cool Temperate Moist",6,64,0,"Cool Temperate Moist Forest on Mountains","#064000",1573
97,"Dactylorhiza sambucina",46.3191666667,7.843055,"inat","Cool Temperate","Moist","Forest","Mountains","Cool Temperate Moist",6,64,0,"Cool Temperate Moist Forest on Mountains","#064000",1334
97,"Dactylorhiza sambucina",46.34255,7.99068,"gbif","Cool Temperate","Moist","Forest","Mountains","Cool Temperate Moist",6,64,0,"Cool Temperate Moist Forest on Mountains","#064000",1140
97,"Dactylorhiza sambucina",46.34255,7.99068,"gbif","Cool Temperate","Moist","Forest","Mountains","Cool Temperate Moist",6,64,0,"Cool Temperate Moist Forest on Mountains","#064000",1140
97,"Dactylorhiza sambucina",46.43179,8.12169,"gbif","Cool Temperate","Moist","Forest","Mountains","Cool Temperate Moist",6,64,0,"Cool Temperate Moist Forest on Mountains","#064000",2091
97,"Dactylorhiza sambucina",46.34221,8.05562,"gbif","Cool Temperate","Moist","Forest","Mountains","Cool Temperate Moist",6,64,0,"Cool Temperate Moist Forest on Mountains","#064000",1545
97,"Dactylorhiza sambucina",46.07346,7.08321,"gbif","Cool Temperate","Moist","Forest","Mountains","Cool Temperate Moist",6,64,0,"Cool Temperate Moist Forest on Mountains","#064000",861
97,"Dactylorhiza sambucina",46.20891,7.34147,"gbif","Cool Temperate","Moist","Forest","Mountains","Cool Temperate Moist",6,64,0,"Cool Temperate Moist Forest on Mountains","#064000",702
97,"Dactylorhiza sambucina",46.110903,7.112619,"gbif","Cool Temperate","Moist","Forest","Mountains","Cool Temperate Moist",6,64,0,"Cool Temperate Moist Forest on Mountains","#064000",452
97,"Dactylorhiza sambucina",46.009506,7.130303,"gbif","Cool Temperate","Moist","Forest","Mountains","Cool Temperate Moist",6,64,0,"Cool Temperate Moist Forest on Mountains","#064000",1092
97,"Dactylorhiza sambucina",46.3321916731,7.6669783333,"inat","Cool Temperate","Moist","Forest","Mountains","Cool Temperate Moist",6,64,0,"Cool Temperate Moist Forest on Mountains","#064000",1703
97,"Bombus terrestris",46.4326381716,6.1328040635,"inat","Cool Temperate","Moist","Forest","Mountains","Cool Temperate Moist",6,64,0,"Cool Temperate Moist Forest on Mountains","#064000",1409
97,"Dactylorhiza sambucina",46.060681,7.061662,"gbif","Cool Temperate","Moist","Forest","Mountains","Cool Temperate Moist",6,64,0,"Cool Temperate Moist Forest on Mountains","#064000",1562
97,"Dactylorhiza sambucina",46.3273,7.6621416667,"inat","Cool Temperate","Moist","Forest","Mountains","Cool Temperate Moist",6,64,0,"Cool Temperate Moist Forest on Mountains","#064000",1487
97,"Dactylorhiza sambucina",46.091222,7.180191,"gbif","Cool Temperate","Moist","Forest","Mountains","Cool Temperate Moist",6,64,0,"Cool Temperate Moist Forest on Mountains","#064000",925
97,"Dactylorhiza sambucina",46.12332103,7.07042984,"inat","Cool Temperate","Moist","Forest","Mountains","Cool Temperate Moist",6,64,0,"Cool Temperate Moist Forest on Mountains","#064000",517
97,"Dactylorhiza sambucina",46.3285452,7.6709617,"inat","Cool Temperate","Moist","Forest","Mountains","Cool Temperate Moist",6,64,0,"Cool Temperate Moist Forest on Mountains","#064000",1421
97,"Dactylorhiza sambucina",46.3285452,7.6709617,"inat","Cool Temperate","Moist","Forest","Mountains","Cool Temperate Moist",6,64,0,"Cool Temperate Moist Forest on Mountains","#064000",1421
97,"Dactylorhiza sambucina",46.436475,6.0964,"inat","Cool Temperate","Moist","Forest","Mountains","Cool Temperate Moist",6,64,0,"Cool Temperate Moist Forest on Mountains","#064000",1414
97,"Dactylorhiza sambucina",46.43138,8.18674,"gbif","Cool Temperate","Moist","Forest","Mountains","Cool Temperate Moist",6,64,0,"Cool Temperate Moist Forest on Mountains","#064000",1246
97,"Bombus terrestris",46.2104916667,7.20485,"inat","Cool Temperate","Moist","Forest","Mountains","Cool Temperate Moist",6,64,0,"Cool Temperate Moist Forest on Mountains","#064000",846
97,"Dactylorhiza sambucina",46.4363699,6.0984049,"inat","Cool Temperate","Moist","Forest","Mountains","Cool Temperate Moist",6,64,0,"Cool Temperate Moist Forest on Mountains","#064000",1416
97,"Dactylorhiza sambucina",46.3932263686,8.5416638099,"inat","Cool Temperate","Moist","Forest","Mountains","Cool Temperate Moist",6,64,0,"Cool Temperate Moist Forest on Mountains","#064000",791
97,"Bombus terrestris",47.3820333333,9.1860366667,"inat","Cool Temperate","Moist","Forest","Mountains","Cool Temperate Moist",6,64,0,"Cool Temperate Moist Forest on Mountains","#064000",873
97,"Dactylorhiza sambucina",46.4145175948,8.524993178,"inat","Cool Temperate","Moist","Forest","Mountains","Cool Temperate Moist",6,64,0,"Cool Temperate Moist Forest on Mountains","#064000",1072
97,"Dactylorhiza sambucina",46.44727,6.1216528333,"inat","Cool Temperate","Moist","Forest","Mountains","Cool Temperate Moist",6,64,0,"Cool Temperate Moist Forest on Mountains","#064000",1195
97,"Dactylorhiza sambucina",46.3025882997,9.1263497,"inat","Cool Temperate","Moist","Forest","Mountains","Cool Temperate Moist",6,64,0,"Cool Temperate Moist Forest on Mountains","#064000",1402
97,"Dactylorhiza sambucina",46.356482193,8.0202478383,"inat","Cool Temperate","Moist","Forest","Mountains","Cool Temperate Moist",6,64,0,"Cool Temperate Moist Forest on Mountains","#064000",1590
97,"Dactylorhiza sambucina",46.1281555,7.1481778333,"inat","Cool Temperate","Moist","Forest","Mountains","Cool Temperate Moist",6,64,0,"Cool Temperate Moist Forest on Mountains","#064000",602
97,"Dactylorhiza sambucina",46.4465083333,6.0902805,"inat","Cool Temperate","Moist","Forest","Mountains","Cool Temperate Moist",6,64,0,"Cool Temperate Moist Forest on Mountains","#064000",1241
97,"Bombus terrestris",47.3347596565,7.1371700774,"inat","Cool Temperate","Moist","Forest","Mountains","Cool Temperate Moist",6,64,0,"Cool Temperate Moist Forest on Mountains","#064000",473
97,"Dactylorhiza sambucina",46.0922583333,7.181545,"inat","Cool Temperate","Moist","Forest","Mountains","Cool Temperate Moist",6,64,0,"Cool Temperate Moist Forest on Mountains","#064000",954
97,"Bombus terrestris",46.3278767382,7.0291534827,"inat","Cool Temperate","Moist","Forest","Mountains","Cool Temperate Moist",6,64,0,"Cool Temperate Moist Forest on Mountains","#064000",973
97,"Dactylorhiza sambucina",46.53,8.8469444444,"inat","Cool Temperate","Moist","Forest","Mountains","Cool Temperate Moist",6,64,0,"Cool Temperate Moist Forest on Mountains","#064000",1638
97,"Dactylorhiza sambucina",46.32598,7.8709883333,"inat","Cool Temperate","Moist","Forest","Mountains","Cool Temperate Moist",6,64,0,"Cool Temperate Moist Forest on Mountains","#064000",1552
97,"Dactylorhiza sambucina",46.143399803,7.0593831036,"inat","Cool Temperate","Moist","Forest","Mountains","Cool Temperate Moist",6,64,0,"Cool Temperate Moist Forest on Mountains","#064000",1109
97,"Dactylorhiza sambucina",46.3012529502,8.0424812453,"inat","Cool Temperate","Moist","Forest","Mountains","Cool Temperate Moist",6,64,0,"Cool Temperate Moist Forest on Mountains","#064000",1601
97,"Dactylorhiza sambucina",46.3566657,8.6300611,"inat","Cool Temperate","Moist","Forest","Mountains","Cool Temperate Moist",6,64,0,"Cool Temperate Moist Forest on Mountains","#064000",834
97,"Dactylorhiza sambucina",46.2268866667,7.43222,"inat","Cool Temperate","Moist","Forest","Mountains","Cool Temperate Moist",6,64,0,"Cool Temperate Moist Forest on Mountains","#064000",1400
97,"Dactylorhiza sambucina",46.3012529502,8.0424812453,"inat","Cool Temperate","Moist","Forest","Mountains","Cool Temperate Moist",6,64,0,"Cool Temperate Moist Forest on Mountains","#064000",1601
97,"Dactylorhiza sambucina",46.0606809322,7.0616618706,"inat","Cool Temperate","Moist","Forest","Mountains","Cool Temperate Moist",6,64,0,"Cool Temperate Moist Forest on Mountains","#064000",1562
97,"Dactylorhiza sambucina",46.1285722217,7.0426666667,"inat","Cool Temperate","Moist","Forest","Mountains","Cool Temperate Moist",6,64,0,"Cool Temperate Moist Forest on Mountains","#064000",526
97,"Dactylorhiza sambucina",46.072505,7.148829,"gbif","Cool Temperate","Moist","Forest","Mountains","Cool Temperate Moist",6,64,0,"Cool Temperate Moist Forest on Mountains","#064000",848
97,"Dactylorhiza sambucina",46.1286599636,7.077239011,"inat","Cool Temperate","Moist","Forest","Mountains","Cool Temperate Moist",6,64,0,"Cool Temperate Moist Forest on Mountains","#064000",935
97,"Dactylorhiza sambucina",46.460545,6.1103055,"inat","Cool Temperate","Moist","Forest","Mountains","Cool Temperate Moist",6,64,0,"Cool Temperate Moist Forest on Mountains","#064000",1297
97,"Dactylorhiza sambucina",46.51515,8.73185,"inat","Cool Temperate","Moist","Forest","Mountains","Cool Temperate Moist",6,64,0,"Cool Temperate Moist Forest on Mountains","#064000",1537
97,"Dactylorhiza sambucina",46.20891,7.34147,"gbif","Cool Temperate","Moist","Forest","Mountains","Cool Temperate Moist",6,64,0,"Cool Temperate Moist Forest on Mountains","#064000",702
97,"Dactylorhiza sambucina",46.34052,7.6541283333,"inat","Cool Temperate","Moist","Forest","Mountains","Cool Temperate Moist",6,64,0,"Cool Temperate Moist Forest on Mountains","#064000",1817
97,"Bombus terrestris",47.3817837442,8.0298759788,"inat","Cool Temperate","Moist","Forest","Mountains","Cool Temperate Moist",6,64,0,"Cool Temperate Moist Forest on Mountains","#064000",396
97,"Dactylorhiza sambucina",46.4314116667,8.65948,"inat","Cool Temperate","Moist","Forest","Mountains","Cool Temperate Moist",6,64,0,"Cool Temperate Moist Forest on Mountains","#064000",1187
97,"Dactylorhiza sambucina",46.40012,8.64938,"inat","Cool Temperate","Moist","Forest","Mountains","Cool Temperate Moist",6,64,0,"Cool Temperate Moist Forest on Mountains","#064000",791
97,"Dactylorhiza sambucina",46.0293936389,7.0881131667,"inat","Cool Temperate","Moist","Forest","Mountains","Cool Temperate Moist",6,64,0,"Cool Temperate Moist Forest on Mountains","#064000",1705
97,"Dactylorhiza sambucina",46.195225,8.1135805556,"inat","Cool Temperate","Moist","Forest","Mountains","Cool Temperate Moist",6,64,0,"Cool Temperate Moist Forest on Mountains","#064000",1152
97,"Dactylorhiza sambucina",46.1346291422,7.0856291056,"inat","Cool Temperate","Moist","Forest","Mountains","Cool Temperate Moist",6,64,0,"Cool Temperate Moist Forest on Mountains","#064000",960
97,"Dactylorhiza sambucina",46.1225971667,7.0706555,"inat","Cool Temperate","Moist","Forest","Mountains","Cool Temperate Moist",6,64,0,"Cool Temperate Moist Forest on Mountains","#064000",517
97,"Dactylorhiza sambucina",46.3674926758,8.2215242386,"inat","Cool Temperate","Moist","Forest","Mountains","Cool Temperate Moist",6,64,0,"Cool Temperate Moist Forest on Mountains","#064000",1660
97,"Dactylorhiza sambucina",46.3338134997,7.7049877997,"inat","Cool Temperate","Moist","Forest","Mountains","Cool Temperate Moist",6,64,0,"Cool Temperate Moist Forest on Mountains","#064000",1878
97,"Dactylorhiza sambucina",46.43138,8.18674,"gbif","Cool Temperate","Moist","Forest","Mountains","Cool Temperate Moist",6,64,0,"Cool Temperate Moist Forest on Mountains","#064000",1246
97,"Dactylorhiza sambucina",46.3010363988,8.0420557581,"inat","Cool Temperate","Moist","Forest","Mountains","Cool Temperate Moist",6,64,0,"Cool Temperate Moist Forest on Mountains","#064000",1601
97,"Dactylorhiza sambucina",46.131108,7.085338,"inat","Cool Temperate","Moist","Forest","Mountains","Cool Temperate Moist",6,64,0,"Cool Temperate Moist Forest on Mountains","#064000",818
97,"Dactylorhiza sambucina",46.4363784,6.0983853997,"inat","Cool Temperate","Moist","Forest","Mountains","Cool Temperate Moist",6,64,0,"Cool Temperate Moist Forest on Mountains","#064000",1416
97,"Dactylorhiza sambucina",46.4191421269,6.0755745694,"inat","Cool Temperate","Moist","Forest","Mountains","Cool Temperate Moist",6,64,0,"Cool Temperate Moist Forest on Mountains","#064000",1340
97,"Dactylorhiza sambucina",46.4294821,6.1248794,"inat","Cool Temperate","Moist","Forest","Mountains","Cool Temperate Moist",6,64,0,"Cool Temperate Moist Forest on Mountains","#064000",1502
97,"Dactylorhiza sambucina",46.3932847116,8.5416411903,"inat","Cool Temperate","Moist","Forest","Mountains","Cool Temperate Moist",6,64,0,"Cool Temperate Moist Forest on Mountains","#064000",791
97,"Dactylorhiza sambucina",46.4611565904,6.11278884,"inat","Cool Temperate","Moist","Forest","Mountains","Cool Temperate Moist",6,64,0,"Cool Temperate Moist Forest on Mountains","#064000",1289
97,"Dactylorhiza sambucina",46.447205,6.1216778333,"inat","Cool Temperate","Moist","Forest","Mountains","Cool Temperate Moist",6,64,0,"Cool Temperate Moist Forest on Mountains","#064000",1209
97,"Dactylorhiza sambucina",46.0125456676,7.1423226485,"inat","Cool Temperate","Moist","Forest","Mountains","Cool Temperate Moist",6,64,0,"Cool Temperate Moist Forest on Mountains","#064000",1384
97,"Dactylorhiza sambucina",46.3703553379,8.2164513599,"inat","Cool Temperate","Moist","Forest","Mountains","Cool Temperate Moist",6,64,0,"Cool Temperate Moist Forest on Mountains","#064000",1602
97,"Dactylorhiza sambucina",46.3474967512,7.9819975593,"inat","Cool Temperate","Moist","Forest","Mountains","Cool Temperate Moist",6,64,0,"Cool Temperate Moist Forest on Mountains","#064000",1129
97,"Dactylorhiza sambucina",46.4472831879,6.1218214711,"inat","Cool Temperate","Moist","Forest","Mountains","Cool Temperate Moist",6,64,0,"Cool Temperate Moist Forest on Mountains","#064000",1195
97,"Dactylorhiza sambucina",46.1226416667,7.0706611111,"inat","Cool Temperate","Moist","Forest","Mountains","Cool Temperate Moist",6,64,0,"Cool Temperate Moist Forest on Mountains","#064000",517
97,"Dactylorhiza sambucina",46.1226166667,7.0706111667,"inat","Cool Temperate","Moist","Forest","Mountains","Cool Temperate Moist",6,64,0,"Cool Temperate Moist Forest on Mountains","#064000",517
97,"Dactylorhiza sambucina",46.4733754066,6.1141651659,"inat","Cool Temperate","Moist","Forest","Mountains","Cool Temperate Moist",6,64,0,"Cool Temperate Moist Forest on Mountains","#064000",1382
97,"Bombus terrestris",47.3994111111,9.3481388889,"inat","Cool Temperate","Moist","Forest","Mountains","Cool Temperate Moist",6,64,0,"Cool Temperate Moist Forest on Mountains","#064000",718
97,"Dactylorhiza sambucina",46.546455,7.1930916667,"inat","Cool Temperate","Moist","Forest","Mountains","Cool Temperate Moist",6,64,0,"Cool Temperate Moist Forest on Mountains","#064000",1445
97,"Dactylorhiza sambucina",46.54643,7.1931133333,"inat","Cool Temperate","Moist","Forest","Mountains","Cool Temperate Moist",6,64,0,"Cool Temperate Moist Forest on Mountains","#064000",1445
97,"Dactylorhiza sambucina",46.12713296,7.0747903,"inat","Cool Temperate","Moist","Forest","Mountains","Cool Temperate Moist",6,64,0,"Cool Temperate Moist Forest on Mountains","#064000",843
97,"Dactylorhiza sambucina",46.5894037997,6.2728527997,"inat","Cool Temperate","Moist","Forest","Mountains","Cool Temperate Moist",6,64,0,"Cool Temperate Moist Forest on Mountains","#064000",1351
97,"Dactylorhiza sambucina",46.1389592321,7.0761072636,"inat","Cool Temperate","Moist","Forest","Mountains","Cool Temperate Moist",6,64,0,"Cool Temperate Moist Forest on Mountains","#064000",1553
97,"Dactylorhiza sambucina",46.12707864,7.07473435,"inat","Cool Temperate","Moist","Forest","Mountains","Cool Temperate Moist",6,64,0,"Cool Temperate Moist Forest on Mountains","#064000",843
97,"Dactylorhiza sambucina",46.1599166667,7.2653833333,"inat","Cool Temperate","Moist","Forest","Mountains","Cool Temperate Moist",6,64,0,"Cool Temperate Moist Forest on Mountains","#064000",1697
97,"Dactylorhiza sambucina",46.12706711,7.07470288,"inat","Cool Temperate","Moist","Forest","Mountains","Cool Temperate Moist",6,64,0,"Cool Temperate Moist Forest on Mountains","#064000",843
97,"Dactylorhiza sambucina",46.34255,7.99068,"gbif","Cool Temperate","Moist","Forest","Mountains","Cool Temperate Moist",6,64,0,"Cool Temperate Moist Forest on Mountains","#064000",1140
97,"Dactylorhiza sambucina",46.0912223217,7.1801911588,"inat","Cool Temperate","Moist","Forest","Mountains","Cool Temperate Moist",6,64,0,"Cool Temperate Moist Forest on Mountains","#064000",925
97,"Dactylorhiza sambucina",46.3309747791,7.6659678509,"inat","Cool Temperate","Moist","Forest","Mountains","Cool Temperate Moist",6,64,0,"Cool Temperate Moist Forest on Mountains","#064000",1597
97,"Dactylorhiza sambucina",46.4633685673,6.1139207253,"inat","Cool Temperate","Moist","Forest","Mountains","Cool Temperate Moist",6,64,0,"Cool Temperate Moist Forest on Mountains","#064000",1306
97,"Dactylorhiza sambucina",46.12722302,7.07361401,"inat","Cool Temperate","Moist","Forest","Mountains","Cool Temperate Moist",6,64,0,"Cool Temperate Moist Forest on Mountains","#064000",823
97,"Dactylorhiza sambucina",46.1898583333,7.1531055556,"inat","Cool Temperate","Moist","Forest","Mountains","Cool Temperate Moist",6,64,0,"Cool Temperate Moist Forest on Mountains","#064000",1760
97,"Dactylorhiza sambucina",46.12806542,7.07241083,"inat","Cool Temperate","Moist","Forest","Mountains","Cool Temperate Moist",6,64,0,"Cool Temperate Moist Forest on Mountains","#064000",823
97,"Bombus terrestris",46.4636111111,8.9416666667,"inat","Cool Temperate","Moist","Forest","Mountains","Cool Temperate Moist",6,64,0,"Cool Temperate Moist Forest on Mountains","#064000",576
97,"Dactylorhiza sambucina",46.1281115799,7.07242029,"inat","Cool Temperate","Moist","Forest","Mountains","Cool Temperate Moist",6,64,0,"Cool Temperate Moist Forest on Mountains","#064000",823
97,"Bombus terrestris",46.1337780924,7.0879773796,"inat","Cool Temperate","Moist","Forest","Mountains","Cool Temperate Moist",6,64,0,"Cool Temperate Moist Forest on Mountains","#064000",885
97,"Dactylorhiza sambucina",46.4468890988,8.9359975642,"inat","Cool Temperate","Moist","Forest","Mountains","Cool Temperate Moist",6,64,0,"Cool Temperate Moist Forest on Mountains","#064000",678
97,"Dactylorhiza sambucina",46.3274954109,7.6631543908,"inat","Cool Temperate","Moist","Forest","Mountains","Cool Temperate Moist",6,64,0,"Cool Temperate Moist Forest on Mountains","#064000",1487
97,"Bombus terrestris",46.0599,7.54695,"inat","Cool Temperate","Moist","Forest","Mountains","Cool Temperate Moist",6,64,0,"Cool Temperate Moist Forest on Mountains","#064000",1852
97,"Dactylorhiza sambucina",46.3831888889,8.124525,"inat","Cool Temperate","Moist","Forest","Mountains","Cool Temperate Moist",6,64,0,"Cool Temperate Moist Forest on Mountains","#064000",1175
97,"Dactylorhiza sambucina",46.12841781,7.06467085,"inat","Cool Temperate","Moist","Forest","Mountains","Cool Temperate Moist",6,64,0,"Cool Temperate Moist Forest on Mountains","#064000",574
97,"Dactylorhiza sambucina",46.3567341997,8.6299705,"inat","Cool Temperate","Moist","Forest","Mountains","Cool Temperate Moist",6,64,0,"Cool Temperate Moist Forest on Mountains","#064000",834
97,"Dactylorhiza sambucina",46.43015,6.1275528333,"inat","Cool Temperate","Moist","Forest","Mountains","Cool Temperate Moist",6,64,0,"Cool Temperate Moist Forest on Mountains","#064000",1478
97,"Dactylorhiza sambucina",46.3273229371,7.6622795686,"inat","Cool Temperate","Moist","Forest","Mountains","Cool Temperate Moist",6,64,0,"Cool Temperate Moist Forest on Mountains","#064000",1487
97,"Dactylorhiza sambucina",46.56425,6.2685416667,"inat","Cool Temperate","Moist","Forest","Mountains","Cool Temperate Moist",6,64,0,"Cool Temperate Moist Forest on Mountains","#064000",1489
97,"Dactylorhiza sambucina",45.9638461099,7.1240396165,"inat","Cool Temperate","Moist","Forest","Mountains","Cool Temperate Moist",6,64,0,"Cool Temperate Moist Forest on Mountains","#064000",1671
97,"Dactylorhiza sambucina",46.4322222222,8.66305,"inat","Cool Temperate","Moist","Forest","Mountains","Cool Temperate Moist",6,64,0,"Cool Temperate Moist Forest on Mountains","#064000",1156
97,"Dactylorhiza sambucina",46.13715091,7.0662272501,"inat","Cool Temperate","Moist","Forest","Mountains","Cool Temperate Moist",6,64,0,"Cool Temperate Moist Forest on Mountains","#064000",951
97,"Dactylorhiza sambucina",46.4702,8.83831,"gbif","Cool Temperate","Moist","Forest","Mountains","Cool Temperate Moist",6,64,0,"Cool Temperate Moist Forest on Mountains","#064000",1327
97,"Dactylorhiza sambucina",46.3513888889,7.5519444444,"inat","Cool Temperate","Moist","Forest","Mountains","Cool Temperate Moist",6,64,0,"Cool Temperate Moist Forest on Mountains","#064000",2108
97,"Dactylorhiza sambucina",46.3792533875,8.0415697098,"inat","Cool Temperate","Moist","Forest","Mountains","Cool Temperate Moist",6,64,0,"Cool Temperate Moist Forest on Mountains","#064000",1848
97,"Dactylorhiza sambucina",46.1284435,7.06467161,"inat","Cool Temperate","Moist","Forest","Mountains","Cool Temperate Moist",6,64,0,"Cool Temperate Moist Forest on Mountains","#064000",574
97,"Dactylorhiza sambucina",46.12843469,7.0646781401,"inat","Cool Temperate","Moist","Forest","Mountains","Cool Temperate Moist",6,64,0,"Cool Temperate Moist Forest on Mountains","#064000",574
97,"Dactylorhiza sambucina",46.12841224,7.06468659,"inat","Cool Temperate","Moist","Forest","Mountains","Cool Temperate Moist",6,64,0,"Cool Temperate Moist Forest on Mountains","#064000",574
97,"Dactylorhiza sambucina",46.4308366667,6.1251883333,"inat","Cool Temperate","Moist","Forest","Mountains","Cool Temperate Moist",6,64,0,"Cool Temperate Moist Forest on Mountains","#064000",1488
97,"Dactylorhiza sambucina",46.4016031031,8.6481549963,"inat","Cool Temperate","Moist","Forest","Mountains","Cool Temperate Moist",6,64,0,"Cool Temperate Moist Forest on Mountains","#064000",789
97,"Dactylorhiza sambucina",46.13048575,7.08363825,"inat","Cool Temperate","Moist","Forest","Mountains","Cool Temperate Moist",6,64,0,"Cool Temperate Moist Forest on Mountains","#064000",683
97,"Dactylorhiza sambucina",46.1268387,7.06681773,"inat","Cool Temperate","Moist","Forest","Mountains","Cool Temperate Moist",6,64,0,"Cool Temperate Moist Forest on Mountains","#064000",575
97,"Dactylorhiza sambucina",46.12686234,7.06680709,"inat","Cool Temperate","Moist","Forest","Mountains","Cool Temperate Moist",6,64,0,"Cool Temperate Moist Forest on Mountains","#064000",575
97,"Dactylorhiza sambucina",46.1268357401,7.06682238,"inat","Cool Temperate","Moist","Forest","Mountains","Cool Temperate Moist",6,64,0,"Cool Temperate Moist Forest on Mountains","#064000",575
97,"Dactylorhiza sambucina",45.9130369812,7.1109517249,"inat","Cool Temperate","Moist","Forest","Mountains","Cool Temperate Moist",6,64,0,"Cool Temperate Moist Forest on Mountains","#064000",1797
97,"Dactylorhiza sambucina",45.912290518,7.1118529471,"inat","Cool Temperate","Moist","Forest","Mountains","Cool Temperate Moist",6,64,0,"Cool Temperate Moist Forest on Mountains","#064000",1797
97,"Dactylorhiza sambucina",46.1222120701,7.0719453972,"inat","Cool Temperate","Moist","Forest","Mountains","Cool Temperate Moist",6,64,0,"Cool Temperate Moist Forest on Mountains","#064000",543
97,"Dactylorhiza sambucina",46.5263837973,8.6631401628,"inat","Cool Temperate","Moist","Forest","Mountains","Cool Temperate Moist",6,64,0,"Cool Temperate Moist Forest on Mountains","#064000",1815
97,"Dactylorhiza sambucina",46.12549572,7.06820287,"inat","Cool Temperate","Moist","Forest","Mountains","Cool Temperate Moist",6,64,0,"Cool Temperate Moist Forest on Mountains","#064000",509
97,"Dactylorhiza sambucina",46.34255,7.99068,"gbif","Cool Temperate","Moist","Forest","Mountains","Cool Temperate Moist",6,64,0,"Cool Temperate Moist Forest on Mountains","#064000",1140
97,"Dactylorhiza sambucina",46.3012529502,8.0424812453,"inat","Cool Temperate","Moist","Forest","Mountains","Cool Temperate Moist",6,64,0,"Cool Temperate Moist Forest on Mountains","#064000",1601
97,"Dactylorhiza sambucina",46.3373336333,7.6697537945,"inat","Cool Temperate","Moist","Forest","Mountains","Cool Temperate Moist",6,64,0,"Cool Temperate Moist Forest on Mountains","#064000",1882
97,"Dactylorhiza sambucina",46.1109025714,7.1126190745,"inat","Cool Temperate","Moist","Forest","Mountains","Cool Temperate Moist",6,64,0,"Cool Temperate Moist Forest on Mountains","#064000",452
97,"Dactylorhiza sambucina",46.3309747791,7.6659678509,"inat","Cool Temperate","Moist","Forest","Mountains","Cool Temperate Moist",6,64,0,"Cool Temperate Moist Forest on Mountains","#064000",1597
97,"Dactylorhiza sambucina",46.3309747791,7.6659678509,"inat","Cool Temperate","Moist","Forest","Mountains","Cool Temperate Moist",6,64,0,"Cool Temperate Moist Forest on Mountains","#064000",1597
97,"Dactylorhiza sambucina",46.3260407155,7.6643799832,"inat","Cool Temperate","Moist","Forest","Mountains","Cool Temperate Moist",6,64,0,"Cool Temperate Moist Forest on Mountains","#064000",1356
97,"Dactylorhiza sambucina",46.32909,7.6646780997,"inat","Cool Temperate","Moist","Forest","Mountains","Cool Temperate Moist",6,64,0,"Cool Temperate Moist Forest on Mountains","#064000",1597
97,"Dactylorhiza sambucina",46.3413481997,7.6536664997,"inat","Cool Temperate","Moist","Forest","Mountains","Cool Temperate Moist",6,64,0,"Cool Temperate Moist Forest on Mountains","#064000",1878
97,"Dactylorhiza sambucina",46.3376300028,7.671945,"inat","Cool Temperate","Moist","Forest","Mountains","Cool Temperate Moist",6,64,0,"Cool Temperate Moist Forest on Mountains","#064000",1882
97,"Dactylorhiza sambucina",46.12337481,7.07038997,"inat","Cool Temperate","Moist","Forest","Mountains","Cool Temperate Moist",6,64,0,"Cool Temperate Moist Forest on Mountains","#064000",604
97,"Dactylorhiza sambucina",46.3319283431,7.6673833333,"inat","Cool Temperate","Moist","Forest","Mountains","Cool Temperate Moist",6,64,0,"Cool Temperate Moist Forest on Mountains","#064000",1686
97,"Dactylorhiza sambucina",46.1295295154,7.0219113294,"inat","Cool Temperate","Moist","Forest","Mountains","Cool Temperate Moist",6,64,0,"Cool Temperate Moist Forest on Mountains","#064000",1034
97,"Dactylorhiza sambucina",46.3674277778,7.0266444444,"inat","Cool Temperate","Moist","Forest","Mountains","Cool Temperate Moist",6,64,0,"Cool Temperate Moist Forest on Mountains","#064000",1579
97,"Dactylorhiza sambucina",46.4302177429,6.1116876602,"inat","Cool Temperate","Moist","Forest","Mountains","Cool Temperate Moist",6,64,0,"Cool Temperate Moist Forest on Mountains","#064000",1460
97,"Bombus terrestris",46.0599,7.54695,"inat","Cool Temperate","Moist","Forest","Mountains","Cool Temperate Moist",6,64,0,"Cool Temperate Moist Forest on Mountains","#064000",1852
97,"Dactylorhiza sambucina",46.3568959685,8.020303748,"inat","Cool Temperate","Moist","Forest","Mountains","Cool Temperate Moist",6,64,0,"Cool Temperate Moist Forest on Mountains","#064000",1590
97,"Dactylorhiza sambucina",46.327325,7.6630416667,"inat","Cool Temperate","Moist","Forest","Mountains","Cool Temperate Moist",6,64,0,"Cool Temperate Moist Forest on Mountains","#064000",1487
97,"Dactylorhiza sambucina",46.128675,7.042480555,"inat","Cool Temperate","Moist","Forest","Mountains","Cool Temperate Moist",6,64,0,"Cool Temperate Moist Forest on Mountains","#064000",526
97,"Dactylorhiza sambucina",46.1232752701,7.07047069,"inat","Cool Temperate","Moist","Forest","Mountains","Cool Temperate Moist",6,64,0,"Cool Temperate Moist Forest on Mountains","#064000",517
97,"Dactylorhiza sambucina",46.579267,6.323634,"inat","Cool Temperate","Moist","Forest","Mountains","Cool Temperate Moist",6,64,0,"Cool Temperate Moist Forest on Mountains","#064000",1398
97,"Dactylorhiza sambucina",46.1290393771,7.0438243074,"inat","Cool Temperate","Moist","Forest","Mountains","Cool Temperate Moist",6,64,0,"Cool Temperate Moist Forest on Mountains","#064000",526
97,"Dactylorhiza sambucina",46.12278798,7.07062723,"inat","Cool Temperate","Moist","Forest","Mountains","Cool Temperate Moist",6,64,0,"Cool Temperate Moist Forest on Mountains","#064000",517
97,"Dactylorhiza sambucina",46.3314632977,9.1177051887,"inat","Cool Temperate","Moist","Forest","Mountains","Cool Temperate Moist",6,64,0,"Cool Temperate Moist Forest on Mountains","#064000",1007
97,"Dactylorhiza sambucina",46.3314234791,9.1177709028,"inat","Cool Temperate","Moist","Forest","Mountains","Cool Temperate Moist",6,64,0,"Cool Temperate Moist Forest on Mountains","#064000",1007
97,"Dactylorhiza sambucina",46.13717218,7.06621901,"inat","Cool Temperate","Moist","Forest","Mountains","Cool Temperate Moist",6,64,0,"Cool Temperate Moist Forest on Mountains","#064000",951
97,"Dactylorhiza sambucina",46.13717804,7.06620757,"inat","Cool Temperate","Moist","Forest","Mountains","Cool Temperate Moist",6,64,0,"Cool Temperate Moist Forest on Mountains","#064000",951
97,"Dactylorhiza sambucina",46.4858333333,8.9483333333,"inat","Cool Temperate","Moist","Forest","Mountains","Cool Temperate Moist",6,64,0,"Cool Temperate Moist Forest on Mountains","#064000",816
97,"Dactylorhiza sambucina",46.4465666667,6.0900666667,"inat","Cool Temperate","Moist","Forest","Mountains","Cool Temperate Moist",6,64,0,"Cool Temperate Moist Forest on Mountains","#064000",1241
97,"Dactylorhiza sambucina",46.4681637242,7.664222833,"inat","Cool Temperate","Moist","Forest","Mountains","Cool Temperate Moist",6,64,0,"Cool Temperate Moist Forest on Mountains","#064000",1402
97,"Bombus terrestris",46.21171,7.20349,"inat","Cool Temperate","Moist","Forest","Mountains","Cool Temperate Moist",6,64,0,"Cool Temperate Moist Forest on Mountains","#064000",881
97,"Dactylorhiza sambucina",46.12840412,7.06469107,"inat","Cool Temperate","Moist","Forest","Mountains","Cool Temperate Moist",6,64,0,"Cool Temperate Moist Forest on Mountains","#064000",574
97,"Dactylorhiza sambucina",46.12838932,7.06470758,"inat","Cool Temperate","Moist","Forest","Mountains","Cool Temperate Moist",6,64,0,"Cool Temperate Moist Forest on Mountains","#064000",574
97,"Dactylorhiza sambucina",46.1227955761,7.0706240459,"inat","Cool Temperate","Moist","Forest","Mountains","Cool Temperate Moist",6,64,0,"Cool Temperate Moist Forest on Mountains","#064000",517
97,"Dactylorhiza sambucina",46.12218205,7.0718702,"inat","Cool Temperate","Moist","Forest","Mountains","Cool Temperate Moist",6,64,0,"Cool Temperate Moist Forest on Mountains","#064000",543
97,"Bombus terrestris",46.94952,7.86955333,"inat","Cool Temperate","Moist","Forest","Mountains","Cool Temperate Moist",6,64,0,"Cool Temperate Moist Forest on Mountains","#064000",1017
97,"Dactylorhiza sambucina",46.1346291422,7.0856291056,"inat","Cool Temperate","Moist","Forest","Mountains","Cool Temperate Moist",6,64,0,"Cool Temperate Moist Forest on Mountains","#064000",960
97,"Dactylorhiza sambucina",46.447095,6.121725,"inat","Cool Temperate","Moist","Forest","Mountains","Cool Temperate Moist",6,64,0,"Cool Temperate Moist Forest on Mountains","#064000",1209
97,"Dactylorhiza sambucina",46.12712578,7.07478699,"inat","Cool Temperate","Moist","Forest","Mountains","Cool Temperate Moist",6,64,0,"Cool Temperate Moist Forest on Mountains","#064000",843
97,"Bombus terrestris",46.3113382611,7.4248078465,"inat","Cool Temperate","Moist","Forest","Mountains","Cool Temperate Moist",6,64,0,"Cool Temperate Moist Forest on Mountains","#064000",1453
97,"Dactylorhiza sambucina",46.4090373724,8.1296778984,"inat","Cool Temperate","Moist","Forest","Mountains","Cool Temperate Moist",6,64,0,"Cool Temperate Moist Forest on Mountains","#064000",1249
97,"Dactylorhiza sambucina",46.1270685,7.07470539,"inat","Cool Temperate","Moist","Forest","Mountains","Cool Temperate Moist",6,64,0,"Cool Temperate Moist Forest on Mountains","#064000",843
97,"Bombus terrestris",47.4858009,8.6007289,"inat","Cool Temperate","Moist","Forest","Mountains","Cool Temperate Moist",6,64,0,"Cool Temperate Moist Forest on Mountains","#064000",493
97,"Dactylorhiza sambucina",46.5490284394,7.1958665524,"inat","Cool Temperate","Moist","Forest","Mountains","Cool Temperate Moist",6,64,0,"Cool Temperate Moist Forest on Mountains","#064000",1436
97,"Dactylorhiza sambucina",46.5490284394,7.1958665524,"inat","Cool Temperate","Moist","Forest","Mountains","Cool Temperate Moist",6,64,0,"Cool Temperate Moist Forest on Mountains","#064000",1436
97,"Dactylorhiza sambucina",46.3307536214,8.0577247623,"inat","Cool Temperate","Moist","Forest","Mountains","Cool Temperate Moist",6,64,0,"Cool Temperate Moist Forest on Mountains","#064000",1889
97,"Dactylorhiza sambucina",46.5153833333,8.7328666667,"inat","Cool Temperate","Moist","Forest","Mountains","Cool Temperate Moist",6,64,0,"Cool Temperate Moist Forest on Mountains","#064000",1537
97,"Bombus terrestris",46.3914313954,6.9464730844,"inat","Cool Temperate","Moist","Forest","Mountains","Cool Temperate Moist",6,64,0,"Cool Temperate Moist Forest on Mountains","#064000",813
97,"Dactylorhiza sambucina",46.5151777778,8.731875,"inat","Cool Temperate","Moist","Forest","Mountains","Cool Temperate Moist",6,64,0,"Cool Temperate Moist Forest on Mountains","#064000",1537
97,"Dactylorhiza sambucina",46.2815527667,7.2176722167,"inat","Cool Temperate","Moist","Forest","Mountains","Cool Temperate Moist",6,64,0,"Cool Temperate Moist Forest on Mountains","#064000",1436
97,"Dactylorhiza sambucina",46.4311068412,6.1274504119,"inat","Cool Temperate","Moist","Forest","Mountains","Cool Temperate Moist",6,64,0,"Cool Temperate Moist Forest on Mountains","#064000",1478
97,"Dactylorhiza sambucina",46.12337355,7.07039282,"inat","Cool Temperate","Moist","Forest","Mountains","Cool Temperate Moist",6,64,0,"Cool Temperate Moist Forest on Mountains","#064000",604
97,"Dactylorhiza sambucina",46.3676753088,7.0266580567,"inat","Cool Temperate","Moist","Forest","Mountains","Cool Temperate Moist",6,64,0,"Cool Temperate Moist Forest on Mountains","#064000",1579
97,"Dactylorhiza sambucina",46.12333495,7.07042844,"inat","Cool Temperate","Moist","Forest","Mountains","Cool Temperate Moist",6,64,0,"Cool Temperate Moist Forest on Mountains","#064000",517
97,"Bombus terrestris",46.9306861111,7.4679027778,"inat","Cool Temperate","Moist","Forest","Mountains","Cool Temperate Moist",6,64,0,"Cool Temperate Moist Forest on Mountains","#064000",530
97,"Bombus terrestris",47.5060299962,7.8053194763,"inat","Cool Temperate","Moist","Forest","Mountains","Cool Temperate Moist",6,64,0,"Cool Temperate Moist Forest on Mountains","#064000",410
97,"Dactylorhiza sambucina",46.1305471667,7.9244533333,"inat","Cool Temperate","Moist","Forest","Mountains","Cool Temperate Moist",6,64,0,"Cool Temperate Moist Forest on Mountains","#064000",1881
97,"Dactylorhiza sambucina",46.5473667223,7.1933801472,"inat","Cool Temperate","Moist","Forest","Mountains","Cool Temperate Moist",6,64,0,"Cool Temperate Moist Forest on Mountains","#064000",1445
97,"Dactylorhiza sambucina",46.3674926758,8.2213459015,"inat","Cool Temperate","Moist","Forest","Mountains","Cool Temperate Moist",6,64,0,"Cool Temperate Moist Forest on Mountains","#064000",1660
97,"Bombus terrestris",47.3782283333,8.5814633333,"inat","Cool Temperate","Moist","Forest","Mountains","Cool Temperate Moist",6,64,0,"Cool Temperate Moist Forest on Mountains","#064000",621
97,"Dactylorhiza sambucina",46.4296384853,6.1224492038,"inat","Cool Temperate","Moist","Forest","Mountains","Cool Temperate Moist",6,64,0,"Cool Temperate Moist Forest on Mountains","#064000",1520
97,"Dactylorhiza sambucina",46.43247,6.09688883,"inat","Cool Temperate","Moist","Forest","Mountains","Cool Temperate Moist",6,64,0,"Cool Temperate Moist Forest on Mountains","#064000",1453
97,"Dactylorhiza sambucina",46.4442208537,6.0975167723,"inat","Cool Temperate","Moist","Forest","Mountains","Cool Temperate Moist",6,64,0,"Cool Temperate Moist Forest on Mountains","#064000",1294
97,"Dactylorhiza sambucina",46.4296609,6.1175703997,"inat","Cool Temperate","Moist","Forest","Mountains","Cool Temperate Moist",6,64,0,"Cool Temperate Moist Forest on Mountains","#064000",1510
97,"Dactylorhiza sambucina",46.37027,8.21698,"inat","Cool Temperate","Moist","Forest","Mountains","Cool Temperate Moist",6,64,0,"Cool Temperate Moist Forest on Mountains","#064000",1602
97,"Dactylorhiza sambucina",46.4474736064,8.9361186326,"inat","Cool Temperate","Moist","Forest","Mountains","Cool Temperate Moist",6,64,0,"Cool Temperate Moist Forest on Mountains","#064000",645
97,"Bombus terrestris",47.406211853,9.4784355164,"inat","Cool Temperate","Moist","Forest","Mountains","Cool Temperate Moist",6,64,0,"Cool Temperate Moist Forest on Mountains","#064000",857
97,"Dactylorhiza sambucina",46.13717859,7.06619491,"inat","Cool Temperate","Moist","Forest","Mountains","Cool Temperate Moist",6,64,0,"Cool Temperate Moist Forest on Mountains","#064000",951
97,"Dactylorhiza sambucina",46.4467547978,6.1214630242,"inat","Cool Temperate","Moist","Forest","Mountains","Cool Temperate Moist",6,64,0,"Cool Temperate Moist Forest on Mountains","#064000",1209
97,"Dactylorhiza sambucina",46.33039538,7.66582309,"inat","Cool Temperate","Moist","Forest","Mountains","Cool Temperate Moist",6,64,0,"Cool Temperate Moist Forest on Mountains","#064000",1597
97,"Bombus terrestris",47.4666905372,7.9107937219,"inat","Cool Temperate","Moist","Forest","Mountains","Cool Temperate Moist",6,64,0,"Cool Temperate Moist Forest on Mountains","#064000",573
97,"Dactylorhiza sambucina",46.332845,7.6848466667,"inat","Cool Temperate","Moist","Forest","Mountains","Cool Temperate Moist",6,64,0,"Cool Temperate Moist Forest on Mountains","#064000",1402
97,"Bombus terrestris",46.3482442603,8.0127709812,"inat","Cool Temperate","Moist","Forest","Mountains","Cool Temperate Moist",6,64,0,"Cool Temperate Moist Forest on Mountains","#064000",1359
97,"Dactylorhiza sambucina",46.32902833,7.69953333,"inat","Cool Temperate","Moist","Forest","Mountains","Cool Temperate Moist",6,64,0,"Cool Temperate Moist Forest on Mountains","#064000",1676
97,"Dactylorhiza sambucina",46.08384573,7.01425727,"inat","Cool Temperate","Moist","Forest","Mountains","Cool Temperate Moist",6,64,0,"Cool Temperate Moist Forest on Mountains","#064000",1857
97,"Bombus terrestris",46.2104527778,7.2054166667,"inat","Cool Temperate","Moist","Forest","Mountains","Cool Temperate Moist",6,64,0,"Cool Temperate Moist Forest on Mountains","#064000",846
97,"Dactylorhiza sambucina",46.3852869626,8.1389193663,"inat","Cool Temperate","Moist","Forest","Mountains","Cool Temperate Moist",6,64,0,"Cool Temperate Moist Forest on Mountains","#064000",1265
97,"Bombus terrestris",47.227524462,7.9485517951,"inat","Cool Temperate","Moist","Forest","Mountains","Cool Temperate Moist",6,64,0,"Cool Temperate Moist Forest on Mountains","#064000",524
97,"Dactylorhiza sambucina",46.12549611,7.06819572,"inat","Cool Temperate","Moist","Forest","Mountains","Cool Temperate Moist",6,64,0,"Cool Temperate Moist Forest on Mountains","#064000",509
97,"Dactylorhiza sambucina",46.12549579,7.06820144,"inat","Cool Temperate","Moist","Forest","Mountains","Cool Temperate Moist",6,64,0,"Cool Temperate Moist Forest on Mountains","#064000",509
97,"Bombus terrestris",46.4334135744,6.9619571418,"inat","Cool Temperate","Moist","Forest","Mountains","Cool Temperate Moist",6,64,0,"Cool Temperate Moist Forest on Mountains","#064000",1325
97,"Dactylorhiza sambucina",46.12332707,7.07042844,"inat","Cool Temperate","Moist","Forest","Mountains","Cool Temperate Moist",6,64,0,"Cool Temperate Moist Forest on Mountains","#064000",517
97,"Dactylorhiza sambucina",46.3395520641,7.9869449307,"inat","Cool Temperate","Moist","Forest","Mountains","Cool Temperate Moist",6,64,0,"Cool Temperate Moist Forest on Mountains","#064000",1051
97,"Dactylorhiza sambucina",46.3378090195,7.9858396881,"inat","Cool Temperate","Moist","Forest","Mountains","Cool Temperate Moist",6,64,0,"Cool Temperate Moist Forest on Mountains","#064000",1007
97,"Bombus terrestris",46.8947366667,7.5265283333,"inat","Cool Temperate","Moist","Forest","Mountains","Cool Temperate Moist",6,64,0,"Cool Temperate Moist Forest on Mountains","#064000",517
97,"Dactylorhiza sambucina",46.3191567874,7.8471082449,"inat","Cool Temperate","Moist","Forest","Mountains","Cool Temperate Moist",6,64,0,"Cool Temperate Moist Forest on Mountains","#064000",1303
97,"Dactylorhiza sambucina",46.1221808055,7.0719262864,"inat","Cool Temperate","Moist","Forest","Mountains","Cool Temperate Moist",6,64,0,"Cool Temperate Moist Forest on Mountains","#064000",543
97,"Dactylorhiza sambucina",46.445175,8.845233,"gbif","Cool Temperate","Moist","Forest","Mountains","Cool Temperate Moist",6,64,0,"Cool Temperate Moist Forest on Mountains","#064000",935
97,"Dactylorhiza sambucina",46.1280541,7.07241831,"inat","Cool Temperate","Moist","Forest","Mountains","Cool Temperate Moist",6,64,0,"Cool Temperate Moist Forest on Mountains","#064000",823
97,"Dactylorhiza sambucina",46.2236202024,8.017184101,"inat","Cool Temperate","Moist","Forest","Mountains","Cool Temperate Moist",6,64,0,"Cool Temperate Moist Forest on Mountains","#064000",1824
97,"Dactylorhiza sambucina",46.12808804,7.07241087,"inat","Cool Temperate","Moist","Forest","Mountains","Cool Temperate Moist",6,64,0,"Cool Temperate Moist Forest on Mountains","#064000",823
97,"Bombus terrestris",47.3355813,8.5073095997,"inat","Cool Temperate","Moist","Forest","Mountains","Cool Temperate Moist",6,64,0,"Cool Temperate Moist Forest on Mountains","#064000",670
97,"Dactylorhiza sambucina",46.12337294,7.07039386,"inat","Cool Temperate","Moist","Forest","Mountains","Cool Temperate Moist",6,64,0,"Cool Temperate Moist Forest on Mountains","#064000",604
97,"Dactylorhiza sambucina",46.367575,8.2214273,"inat","Cool Temperate","Moist","Forest","Mountains","Cool Temperate Moist",6,64,0,"Cool Temperate Moist Forest on Mountains","#064000",1660
97,"Dactylorhiza sambucina",46.1284677599,7.06464104,"inat","Cool Temperate","Moist","Forest","Mountains","Cool Temperate Moist",6,64,0,"Cool Temperate Moist Forest on Mountains","#064000",574
97,"Dactylorhiza sambucina",46.1222111667,7.0718695,"inat","Cool Temperate","Moist","Forest","Mountains","Cool Temperate Moist",6,64,0,"Cool Temperate Moist Forest on Mountains","#064000",543
97,"Dactylorhiza sambucina",46.1617083639,7.9229090556,"inat","Cool Temperate","Moist","Forest","Mountains","Cool Temperate Moist",6,64,0,"Cool Temperate Moist Forest on Mountains","#064000",1505
97,"Dactylorhiza sambucina",46.2068137,7.0132252,"inat","Cool Temperate","Moist","Forest","Mountains","Cool Temperate Moist",6,64,0,"Cool Temperate Moist Forest on Mountains","#064000",407
97,"Dactylorhiza sambucina",46.3191707014,7.8480712418,"inat","Cool Temperate","Moist","Forest","Mountains","Cool Temperate Moist",6,64,0,"Cool Temperate Moist Forest on Mountains","#064000",1260
97,"Dactylorhiza sambucina",46.43013,6.1274471667,"inat","Cool Temperate","Moist","Forest","Mountains","Cool Temperate Moist",6,64,0,"Cool Temperate Moist Forest on Mountains","#064000",1478
97,"Dactylorhiza sambucina",46.5151333333,8.7318805556,"inat","Cool Temperate","Moist","Forest","Mountains","Cool Temperate Moist",6,64,0,"Cool Temperate Moist Forest on Mountains","#064000",1537
97,"Bombus terrestris",47.3685613997,8.7190879997,"inat","Cool Temperate","Moist","Forest","Mountains","Cool Temperate Moist",6,64,0,"Cool Temperate Moist Forest on Mountains","#064000",492
97,"Dactylorhiza sambucina",46.13713524,7.06625751,"inat","Cool Temperate","Moist","Forest","Mountains","Cool Temperate Moist",6,64,0,"Cool Temperate Moist Forest on Mountains","#064000",951
97,"Dactylorhiza sambucina",46.122375,7.0709777778,"inat","Cool Temperate","Moist","Forest","Mountains","Cool Temperate Moist",6,64,0,"Cool Temperate Moist Forest on Mountains","#064000",517
97,"Bombus terrestris",46.9997444444,6.9398833333,"inat","Cool Temperate","Moist","Forest","Mountains","Cool Temperate Moist",6,64,0,"Cool Temperate Moist Forest on Mountains","#064000",533
97,"Dactylorhiza sambucina",46.1660314149,7.1386922523,"inat","Cool Temperate","Moist","Forest","Mountains","Cool Temperate Moist",6,64,0,"Cool Temperate Moist Forest on Mountains","#064000",1328
97,"Dactylorhiza sambucina",46.130454,7.0836015,"inat","Cool Temperate","Moist","Forest","Mountains","Cool Temperate Moist",6,64,0,"Cool Temperate Moist Forest on Mountains","#064000",751
97,"Bombus terrestris",46.9445020556,8.4263596944,"inat","Cool Temperate","Moist","Forest","Mountains","Cool Temperate Moist",6,64,0,"Cool Temperate Moist Forest on Mountains","#064000",1696
97,"Dactylorhiza sambucina",46.13718098,7.06617991,"inat","Cool Temperate","Moist","Forest","Mountains","Cool Temperate Moist",6,64,0,"Cool Temperate Moist Forest on Mountains","#064000",951
97,"Dactylorhiza sambucina",46.13721913,7.06613188,"inat","Cool Temperate","Moist","Forest","Mountains","Cool Temperate Moist",6,64,0,"Cool Temperate Moist Forest on Mountains","#064000",951
97,"Dactylorhiza sambucina",46.3703181222,8.2164159883,"inat","Cool Temperate","Moist","Forest","Mountains","Cool Temperate Moist",6,64,0,"Cool Temperate Moist Forest on Mountains","#064000",1602
97,"Dactylorhiza sambucina",46.3511981134,8.647204175,"inat","Cool Temperate","Moist","Forest","Mountains","Cool Temperate Moist",6,64,0,"Cool Temperate Moist Forest on Mountains","#064000",996
97,"Dactylorhiza sambucina",46.0783405538,7.1211544075,"inat","Cool Temperate","Moist","Forest","Mountains","Cool Temperate Moist",6,64,0,"Cool Temperate Moist Forest on Mountains","#064000",769
97,"Dactylorhiza sambucina",46.3283902966,7.6694481344,"inat","Cool Temperate","Moist","Forest","Mountains","Cool Temperate Moist",6,64,0,"Cool Temperate Moist Forest on Mountains","#064000",1454
97,"Dactylorhiza sambucina",46.12546275,7.06825205,"inat","Cool Temperate","Moist","Forest","Mountains","Cool Temperate Moist",6,64,0,"Cool Temperate Moist Forest on Mountains","#064000",509
97,"Dactylorhiza sambucina",46.3012529502,8.0424812453,"inat","Cool Temperate","Moist","Forest","Mountains","Cool Temperate Moist",6,64,0,"Cool Temperate Moist Forest on Mountains","#064000",1601
97,"Dactylorhiza sambucina",46.4476,8.8430611111,"inat","Cool Temperate","Moist","Forest","Mountains","Cool Temperate Moist",6,64,0,"Cool Temperate Moist Forest on Mountains","#064000",952
97,"Dactylorhiza sambucina",46.12682196,7.06683213,"inat","Cool Temperate","Moist","Forest","Mountains","Cool Temperate Moist",6,64,0,"Cool Temperate Moist Forest on Mountains","#064000",575
97,"Bombus terrestris",45.8966674805,8.9422473907,"inat","Cool Temperate","Moist","Forest","Mountains","Cool Temperate Moist",6,64,0,"Cool Temperate Moist Forest on Mountains","#064000",606
97,"Dactylorhiza sambucina",46.12712905,7.07478865,"inat","Cool Temperate","Moist","Forest","Mountains","Cool Temperate Moist",6,64,0,"Cool Temperate Moist Forest on Mountains","#064000",843
97,"Dactylorhiza sambucina",46.131726,7.08654622,"inat","Cool Temperate","Moist","Forest","Mountains","Cool Temperate Moist",6,64,0,"Cool Temperate Moist Forest on Mountains","#064000",752
97,"Dactylorhiza sambucina",46.12229343,7.07026722,"inat","Cool Temperate","Moist","Forest","Mountains","Cool Temperate Moist",6,64,0,"Cool Temperate Moist Forest on Mountains","#064000",517
97,"Bombus terrestris",46.0599,7.54695,"inat","Cool Temperate","Moist","Forest","Mountains","Cool Temperate Moist",6,64,0,"Cool Temperate Moist Forest on Mountains","#064000",1852
97,"Dactylorhiza sambucina",46.3281076,7.67009159,"inat","Cool Temperate","Moist","Forest","Mountains","Cool Temperate Moist",6,64,0,"Cool Temperate Moist Forest on Mountains","#064000",1421
97,"Dactylorhiza sambucina",46.1226888333,7.0706805,"inat","Cool Temperate","Moist","Forest","Mountains","Cool Temperate Moist",6,64,0,"Cool Temperate Moist Forest on Mountains","#064000",517
97,"Dactylorhiza sambucina",46.325,7.4652777778,"inat","Cool Temperate","Moist","Forest","Mountains","Cool Temperate Moist",6,64,0,"Cool Temperate Moist Forest on Mountains","#064000",2036
97,"Dactylorhiza sambucina",46.12713614,7.07405311,"inat","Cool Temperate","Moist","Forest","Mountains","Cool Temperate Moist",6,64,0,"Cool Temperate Moist Forest on Mountains","#064000",843
97,"Bombus terrestris",46.9490934444,7.8691221587,"inat","Cool Temperate","Moist","Forest","Mountains","Cool Temperate Moist",6,64,0,"Cool Temperate Moist Forest on Mountains","#064000",1039
97,"Bombus terrestris",46.4629847581,8.9409258217,"inat","Cool Temperate","Moist","Forest","Mountains","Cool Temperate Moist",6,64,0,"Cool Temperate Moist Forest on Mountains","#064000",576
97,"Dactylorhiza sambucina",46.12321885,7.07165695,"inat","Cool Temperate","Moist","Forest","Mountains","Cool Temperate Moist",6,64,0,"Cool Temperate Moist Forest on Mountains","#064000",543
97,"Dactylorhiza sambucina",46.3361183333,7.6705066667,"inat","Cool Temperate","Moist","Forest","Mountains","Cool Temperate Moist",6,64,0,"Cool Temperate Moist Forest on Mountains","#064000",1882
97,"Dactylorhiza sambucina",46.447205,6.1216945,"inat","Cool Temperate","Moist","Forest","Mountains","Cool Temperate Moist",6,64,0,"Cool Temperate Moist Forest on Mountains","#064000",1209
97,"Dactylorhiza sambucina",46.13111269,7.08535129,"inat","Cool Temperate","Moist","Forest","Mountains","Cool Temperate Moist",6,64,0,"Cool Temperate Moist Forest on Mountains","#064000",818
97,"Bombus terrestris",46.506405,6.6359366667,"inat","Cool Temperate","Moist","Forest","Mountains","Cool Temperate Moist",6,64,0,"Cool Temperate Moist Forest on Mountains","#064000",373
97,"Dactylorhiza sambucina",46.13716155,7.06622313,"inat","Cool Temperate","Moist","Forest","Mountains","Cool Temperate Moist",6,64,0,"Cool Temperate Moist Forest on Mountains","#064000",951
97,"Dactylorhiza sambucina",46.3327062244,7.68699646,"inat","Cool Temperate","Moist","Forest","Mountains","Cool Temperate Moist",6,64,0,"Cool Temperate Moist Forest on Mountains","#064000",1480
97,"Dactylorhiza sambucina",46.12332275,7.07042944,"inat","Cool Temperate","Moist","Forest","Mountains","Cool Temperate Moist",6,64,0,"Cool Temperate Moist Forest on Mountains","#064000",517
97,"Dactylorhiza sambucina",46.4772789865,6.0973367204,"inat","Cool Temperate","Moist","Forest","Mountains","Cool Temperate Moist",6,64,0,"Cool Temperate Moist Forest on Mountains","#064000",1273
97,"Dactylorhiza sambucina",46.12706518,7.07469885,"inat","Cool Temperate","Moist","Forest","Mountains","Cool Temperate Moist",6,64,0,"Cool Temperate Moist Forest on Mountains","#064000",843
97,"Dactylorhiza sambucina",46.3192857011,7.8481772728,"inat","Cool Temperate","Moist","Forest","Mountains","Cool Temperate Moist",6,64,0,"Cool Temperate Moist Forest on Mountains","#064000",1260
97,"Dactylorhiza sambucina",46.12721728,7.07371289,"inat","Cool Temperate","Moist","Forest","Mountains","Cool Temperate Moist",6,64,0,"Cool Temperate Moist Forest on Mountains","#064000",823
97,"Dactylorhiza sambucina",46.4471134458,6.1209763795,"inat","Cool Temperate","Moist","Forest","Mountains","Cool Temperate Moist",6,64,0,"Cool Temperate Moist Forest on Mountains","#064000",1209
97,"Dactylorhiza sambucina",46.1311120199,7.08534947,"inat","Cool Temperate","Moist","Forest","Mountains","Cool Temperate Moist",6,64,0,"Cool Temperate Moist Forest on Mountains","#064000",818
97,"Dactylorhiza sambucina",46.3352344151,7.6708819613,"inat","Cool Temperate","Moist","Forest","Mountains","Cool Temperate Moist",6,64,0,"Cool Temperate Moist Forest on Mountains","#064000",1771
97,"Dactylorhiza sambucina",46.12338522,7.07036919,"inat","Cool Temperate","Moist","Forest","Mountains","Cool Temperate Moist",6,64,0,"Cool Temperate Moist Forest on Mountains","#064000",604
97,"Dactylorhiza sambucina",46.1255043101,7.06815725,"inat","Cool Temperate","Moist","Forest","Mountains","Cool Temperate Moist",6,64,0,"Cool Temperate Moist Forest on Mountains","#064000",509
97,"Bombus terrestris",46.9544434827,7.407763917,"inat","Cool Temperate","Moist","Forest","Mountains","Cool Temperate Moist",6,64,0,"Cool Temperate Moist Forest on Mountains","#064000",557
97,"Dactylorhiza sambucina",46.1251386004,7.0729818195,"inat","Cool Temperate","Moist","Forest","Mountains","Cool Temperate Moist",6,64,0,"Cool Temperate Moist Forest on Mountains","#064000",677
97,"Bombus terrestris",47.131275,8.9943583333,"inat","Cool Temperate","Moist","Forest","Mountains","Cool Temperate Moist",6,64,0,"Cool Temperate Moist Forest on Mountains","#064000",1489
97,"Bombus terrestris",46.4633333333,8.9413888889,"inat","Cool Temperate","Moist","Forest","Mountains","Cool Temperate Moist",6,64,0,"Cool Temperate Moist Forest on Mountains","#064000",576
97,"Bombus terrestris",46.4421727847,7.4691135809,"inat","Cool Temperate","Moist","Forest","Mountains","Cool Temperate Moist",6,64,0,"Cool Temperate Moist Forest on Mountains","#064000",1412
97,"Dactylorhiza sambucina",46.1312201801,7.07091358,"inat","Cool Temperate","Moist","Forest","Mountains","Cool Temperate Moist",6,64,0,"Cool Temperate Moist Forest on Mountains","#064000",971
97,"Bombus terrestris",47.2722303947,8.3532917691,"inat","Cool Temperate","Moist","Forest","Mountains","Cool Temperate Moist",6,64,0,"Cool Temperate Moist Forest on Mountains","#064000",483
97,"Dactylorhiza sambucina",46.1221971667,7.0719111667,"inat","Cool Temperate","Moist","Forest","Mountains","Cool Temperate Moist",6,64,0,"Cool Temperate Moist Forest on Mountains","#064000",543
97,"Bombus terrestris",46.1541412795,8.6375570726,"inat","Cool Temperate","Moist","Forest","Mountains","Cool Temperate Moist",6,64,0,"Cool Temperate Moist Forest on Mountains","#064000",673
97,"Bombus terrestris",46.4629568136,8.9408192039,"inat","Cool Temperate","Moist","Forest","Mountains","Cool Temperate Moist",6,64,0,"Cool Temperate Moist Forest on Mountains","#064000",576
97,"Dactylorhiza sambucina",46.12527142,7.06856171,"inat","Cool Temperate","Moist","Forest","Mountains","Cool Temperate Moist",6,64,0,"Cool Temperate Moist Forest on Mountains","#064000",509
97,"Dactylorhiza sambucina",46.13475563,7.06684392,"inat","Cool Temperate","Moist","Forest","Mountains","Cool Temperate Moist",6,64,0,"Cool Temperate Moist Forest on Mountains","#064000",956
97,"Bombus terrestris",47.0369928931,6.8344672153,"inat","Cool Temperate","Moist","Forest","Mountains","Cool Temperate Moist",6,64,0,"Cool Temperate Moist Forest on Mountains","#064000",1368
97,"Dactylorhiza sambucina",46.1311109,7.08534643,"inat","Cool Temperate","Moist","Forest","Mountains","Cool Temperate Moist",6,64,0,"Cool Temperate Moist Forest on Mountains","#064000",818
97,"Dactylorhiza sambucina",46.1434142199,7.0593673457,"inat","Cool Temperate","Moist","Forest","Mountains","Cool Temperate Moist",6,64,0,"Cool Temperate Moist Forest on Mountains","#064000",1109
97,"Bombus terrestris",46.8476533333,10.41253,"inat","Cool Temperate","Moist","Forest","Mountains","Cool Temperate Moist",6,64,0,"Cool Temperate Moist Forest on Mountains","#064000",1314
97,"Dactylorhiza sambucina",46.13121824,7.07091574,"inat","Cool Temperate","Moist","Forest","Mountains","Cool Temperate Moist",6,64,0,"Cool Temperate Moist Forest on Mountains","#064000",971
97,"Dactylorhiza sambucina",46.1312167899,7.07091736,"inat","Cool Temperate","Moist","Forest","Mountains","Cool Temperate Moist",6,64,0,"Cool Temperate Moist Forest on Mountains","#064000",971
97,"Dactylorhiza sambucina",46.12332448,7.07042904,"inat","Cool Temperate","Moist","Forest","Mountains","Cool Temperate Moist",6,64,0,"Cool Temperate Moist Forest on Mountains","#064000",517
97,"Dactylorhiza sambucina",46.13121388,7.0709206,"inat","Cool Temperate","Moist","Forest","Mountains","Cool Temperate Moist",6,64,0,"Cool Temperate Moist Forest on Mountains","#064000",971
97,"Dactylorhiza sambucina",46.12548232,7.06823029,"inat","Cool Temperate","Moist","Forest","Mountains","Cool Temperate Moist",6,64,0,"Cool Temperate Moist Forest on Mountains","#064000",509
97,"Dactylorhiza sambucina",46.12546419,7.06824242,"inat","Cool Temperate","Moist","Forest","Mountains","Cool Temperate Moist",6,64,0,"Cool Temperate Moist Forest on Mountains","#064000",509
97,"Bombus terrestris",46.5380598653,6.6387948766,"inat","Cool Temperate","Moist","Forest","Mountains","Cool Temperate Moist",6,64,0,"Cool Temperate Moist Forest on Mountains","#064000",669
97,"Dactylorhiza sambucina",46.429725,6.1168388333,"inat","Cool Temperate","Moist","Forest","Mountains","Cool Temperate Moist",6,64,0,"Cool Temperate Moist Forest on Mountains","#064000",1494
97,"Bombus terrestris",47.2451787,8.5080623,"inat","Cool Temperate","Moist","Forest","Mountains","Cool Temperate Moist",6,64,0,"Cool Temperate Moist Forest on Mountains","#064000",594
97,"Dactylorhiza sambucina",46.12321216,7.07049271,"inat","Cool Temperate","Moist","Forest","Mountains","Cool Temperate Moist",6,64,0,"Cool Temperate Moist Forest on Mountains","#064000",517
97,"Bombus terrestris",47.39793,8.5513083333,"inat","Cool Temperate","Moist","Forest","Mountains","Cool Temperate Moist",6,64,0,"Cool Temperate Moist Forest on Mountains","#064000",494
97,"Dactylorhiza sambucina",46.1232078,7.07048858,"inat","Cool Temperate","Moist","Forest","Mountains","Cool Temperate Moist",6,64,0,"Cool Temperate Moist Forest on Mountains","#064000",517
97,"Dactylorhiza sambucina",46.131106,7.085332,"inat","Cool Temperate","Moist","Forest","Mountains","Cool Temperate Moist",6,64,0,"Cool Temperate Moist Forest on Mountains","#064000",818
97,"Bombus terrestris",47.0289919975,8.3097088389,"inat","Cool Temperate","Moist","Forest","Mountains","Cool Temperate Moist",6,64,0,"Cool Temperate Moist Forest on Mountains","#064000",466
97,"Dactylorhiza sambucina",46.130454,7.0836015,"inat","Cool Temperate","Moist","Forest","Mountains","Cool Temperate Moist",6,64,0,"Cool Temperate Moist Forest on Mountains","#064000",751
97,"Dactylorhiza sambucina",46.13048575,7.08363825,"inat","Cool Temperate","Moist","Forest","Mountains","Cool Temperate Moist",6,64,0,"Cool Temperate Moist Forest on Mountains","#064000",683
97,"Bombus terrestris",46.3482358231,8.012759194,"inat","Cool Temperate","Moist","Forest","Mountains","Cool Temperate Moist",6,64,0,"Cool Temperate Moist Forest on Mountains","#064000",1359
97,"Dactylorhiza sambucina",46.1312252601,7.07091677,"inat","Cool Temperate","Moist","Forest","Mountains","Cool Temperate Moist",6,64,0,"Cool Temperate Moist Forest on Mountains","#064000",971
97,"Dactylorhiza sambucina",46.1312333899,7.07091937,"inat","Cool Temperate","Moist","Forest","Mountains","Cool Temperate Moist",6,64,0,"Cool Temperate Moist Forest on Mountains","#064000",971
97,"Dactylorhiza sambucina",46.3293106352,7.7218158471,"inat","Cool Temperate","Moist","Forest","Mountains","Cool Temperate Moist",6,64,0,"Cool Temperate Moist Forest on Mountains","#064000",1606
97,"Dactylorhiza sambucina",46.13122643,7.07091807,"inat","Cool Temperate","Moist","Forest","Mountains","Cool Temperate Moist",6,64,0,"Cool Temperate Moist Forest on Mountains","#064000",971
97,"Dactylorhiza sambucina",46.12331412,7.07043145,"inat","Cool Temperate","Moist","Forest","Mountains","Cool Temperate Moist",6,64,0,"Cool Temperate Moist Forest on Mountains","#064000",517
97,"Dactylorhiza sambucina",46.4357192983,6.1170325333,"inat","Cool Temperate","Moist","Forest","Mountains","Cool Temperate Moist",6,64,0,"Cool Temperate Moist Forest on Mountains","#064000",1369
97,"Dactylorhiza sambucina",46.3033352025,9.1242484909,"inat","Cool Temperate","Moist","Forest","Mountains","Cool Temperate Moist",6,64,0,"Cool Temperate Moist Forest on Mountains","#064000",1336
97,"Dactylorhiza sambucina",46.12549547,7.0682209,"inat","Cool Temperate","Moist","Forest","Mountains","Cool Temperate Moist",6,64,0,"Cool Temperate Moist Forest on Mountains","#064000",509
97,"Dactylorhiza sambucina",46.1312276,7.07091937,"inat","Cool Temperate","Moist","Forest","Mountains","Cool Temperate Moist",6,64,0,"Cool Temperate Moist Forest on Mountains","#064000",971
97,"Dactylorhiza sambucina",46.13123117,7.07091937,"inat","Cool Temperate","Moist","Forest","Mountains","Cool Temperate Moist",6,64,0,"Cool Temperate Moist Forest on Mountains","#064000",971
97,"Dactylorhiza sambucina",46.12331844,7.07043044,"inat","Cool Temperate","Moist","Forest","Mountains","Cool Temperate Moist",6,64,0,"Cool Temperate Moist Forest on Mountains","#064000",517
97,"Dactylorhiza sambucina",46.1226278333,7.0706305,"inat","Cool Temperate","Moist","Forest","Mountains","Cool Temperate Moist",6,64,0,"Cool Temperate Moist Forest on Mountains","#064000",517
97,"Dactylorhiza sambucina",46.12549342,7.06822683,"inat","Cool Temperate","Moist","Forest","Mountains","Cool Temperate Moist",6,64,0,"Cool Temperate Moist Forest on Mountains","#064000",509
97,"Bombus terrestris",47.2351383333,8.8590883333,"inat","Cool Temperate","Moist","Forest","Mountains","Cool Temperate Moist",6,64,0,"Cool Temperate Moist Forest on Mountains","#064000",467
97,"Dactylorhiza sambucina",46.12331584,7.07043105,"inat","Cool Temperate","Moist","Forest","Mountains","Cool Temperate Moist",6,64,0,"Cool Temperate Moist Forest on Mountains","#064000",517
101,"Bombus terrestris",46.5770430782,6.6409560766,"inat","Cool Temperate","Moist","Forest","Tablelands","Cool Temperate Moist",71,89,181,"Cool Temperate Moist Forest on Tablelands","#4759B5",722
101,"Bombus terrestris",46.5886888889,6.7067111111,"inat","Cool Temperate","Moist","Forest","Tablelands","Cool Temperate Moist",71,89,181,"Cool Temperate Moist Forest on Tablelands","#4759B5",906
102,"Bombus terrestris",46.5434565589,6.6762914108,"inat","Cool Temperate","Moist","Cropland","Tablelands","Cool Temperate Moist",99,97,160,"Cool Temperate Moist Cropland on Tablelands","#6361A0",760
103,"Dactylorhiza sambucina",46.1291202,7.0827388001,"inat","Cool Temperate","Moist","Cropland","Mountains","Cool Temperate Moist",33,102,5,"Cool Temperate Moist Cropland on Mountains","#216605",751
103,"Dactylorhiza sambucina",46.12659554,7.0817613699,"inat","Cool Temperate","Moist","Cropland","Mountains","Cool Temperate Moist",33,102,5,"Cool Temperate Moist Cropland on Mountains","#216605",630
103,"Dactylorhiza sambucina",46.1260811601,7.0811737699,"inat","Cool Temperate","Moist","Cropland","Mountains","Cool Temperate Moist",33,102,5,"Cool Temperate Moist Cropland on Mountains","#216605",630
103,"Dactylorhiza sambucina",46.1260883099,7.08122804,"inat","Cool Temperate","Moist","Cropland","Mountains","Cool Temperate Moist",33,102,5,"Cool Temperate Moist Cropland on Mountains","#216605",630
103,"Dactylorhiza sambucina",46.0183082443,7.0314562192,"inat","Cool Temperate","Moist","Cropland","Mountains","Cool Temperate Moist",33,102,5,"Cool Temperate Moist Cropland on Mountains","#216605",2246
103,"Dactylorhiza sambucina",46.11843,7.08292,"gbif","Cool Temperate","Moist","Cropland","Mountains","Cool Temperate Moist",33,102,5,"Cool Temperate Moist Cropland on Mountains","#216605",451
103,"Dactylorhiza sambucina",46.12608672,7.08121598,"inat","Cool Temperate","Moist","Cropland","Mountains","Cool Temperate Moist",33,102,5,"Cool Temperate Moist Cropland on Mountains","#216605",630
103,"Dactylorhiza sambucina",46.11843,7.08292,"gbif","Cool Temperate","Moist","Cropland","Mountains","Cool Temperate Moist",33,102,5,"Cool Temperate Moist Cropland on Mountains","#216605",451
103,"Dactylorhiza sambucina",46.1251075205,7.0811862583,"inat","Cool Temperate","Moist","Cropland","Mountains","Cool Temperate Moist",33,102,5,"Cool Temperate Moist Cropland on Mountains","#216605",534
103,"Dactylorhiza sambucina",46.11843,7.08292,"gbif","Cool Temperate","Moist","Cropland","Mountains","Cool Temperate Moist",33,102,5,"Cool Temperate Moist Cropland on Mountains","#216605",451
103,"Dactylorhiza sambucina",46.1284773,7.085328,"inat","Cool Temperate","Moist","Cropland","Mountains","Cool Temperate Moist",33,102,5,"Cool Temperate Moist Cropland on Mountains","#216605",683
103,"Dactylorhiza sambucina",46.12498814,7.07961989,"inat","Cool Temperate","Moist","Cropland","Mountains","Cool Temperate Moist",33,102,5,"Cool Temperate Moist Cropland on Mountains","#216605",570
103,"Dactylorhiza sambucina",46.12920861,7.08512246,"inat","Cool Temperate","Moist","Cropland","Mountains","Cool Temperate Moist",33,102,5,"Cool Temperate Moist Cropland on Mountains","#216605",683
103,"Dactylorhiza sambucina",46.1260936001,7.0812657999,"inat","Cool Temperate","Moist","Cropland","Mountains","Cool Temperate Moist",33,102,5,"Cool Temperate Moist Cropland on Mountains","#216605",630
103,"Dactylorhiza sambucina",46.1251440654,7.0799496989,"inat","Cool Temperate","Moist","Cropland","Mountains","Cool Temperate Moist",33,102,5,"Cool Temperate Moist Cropland on Mountains","#216605",570
103,"Dactylorhiza sambucina",46.1254881799,7.0796780943,"inat","Cool Temperate","Moist","Cropland","Mountains","Cool Temperate Moist",33,102,5,"Cool Temperate Moist Cropland on Mountains","#216605",570
103,"Dactylorhiza sambucina",46.11843,7.08292,"gbif","Cool Temperate","Moist","Cropland","Mountains","Cool Temperate Moist",33,102,5,"Cool Temperate Moist Cropland on Mountains","#216605",451
103,"Dactylorhiza sambucina",46.12498809,7.07962082,"inat","Cool Temperate","Moist","Cropland","Mountains","Cool Temperate Moist",33,102,5,"Cool Temperate Moist Cropland on Mountains","#216605",570
103,"Dactylorhiza sambucina",46.12920963,7.08506723,"inat","Cool Temperate","Moist","Cropland","Mountains","Cool Temperate Moist",33,102,5,"Cool Temperate Moist Cropland on Mountains","#216605",683
103,"Dactylorhiza sambucina",46.1283383,7.0850989,"inat","Cool Temperate","Moist","Cropland","Mountains","Cool Temperate Moist",33,102,5,"Cool Temperate Moist Cropland on Mountains","#216605",683
103,"Dactylorhiza sambucina",46.125,7.0797222222,"inat","Cool Temperate","Moist","Cropland","Mountains","Cool Temperate Moist",33,102,5,"Cool Temperate Moist Cropland on Mountains","#216605",570
103,"Dactylorhiza sambucina",46.13007628,7.08288492,"inat","Cool Temperate","Moist","Cropland","Mountains","Cool Temperate Moist",33,102,5,"Cool Temperate Moist Cropland on Mountains","#216605",751
103,"Dactylorhiza sambucina",46.11843,7.08292,"gbif","Cool Temperate","Moist","Cropland","Mountains","Cool Temperate Moist",33,102,5,"Cool Temperate Moist Cropland on Mountains","#216605",451
103,"Dactylorhiza sambucina",46.125186,7.081631,"gbif","Cool Temperate","Moist","Cropland","Mountains","Cool Temperate Moist",33,102,5,"Cool Temperate Moist Cropland on Mountains","#216605",534
103,"Dactylorhiza sambucina",46.1277750489,7.0648264537,"inat","Cool Temperate","Moist","Cropland","Mountains","Cool Temperate Moist",33,102,5,"Cool Temperate Moist Cropland on Mountains","#216605",480
103,"Dactylorhiza sambucina",46.1250855,7.080343,"inat","Cool Temperate","Moist","Cropland","Mountains","Cool Temperate Moist",33,102,5,"Cool Temperate Moist Cropland on Mountains","#216605",570
103,"Dactylorhiza sambucina",46.12635701,7.0816417,"inat","Cool Temperate","Moist","Cropland","Mountains","Cool Temperate Moist",33,102,5,"Cool Temperate Moist Cropland on Mountains","#216605",630
103,"Dactylorhiza sambucina",46.13001984,7.08277408,"inat","Cool Temperate","Moist","Cropland","Mountains","Cool Temperate Moist",33,102,5,"Cool Temperate Moist Cropland on Mountains","#216605",751
103,"Dactylorhiza sambucina",46.11843,7.08292,"gbif","Cool Temperate","Moist","Cropland","Mountains","Cool Temperate Moist",33,102,5,"Cool Temperate Moist Cropland on Mountains","#216605",451
103,"Dactylorhiza sambucina",46.1283862799,7.08524469,"inat","Cool Temperate","Moist","Cropland","Mountains","Cool Temperate Moist",33,102,5,"Cool Temperate Moist Cropland on Mountains","#216605",683
103,"Dactylorhiza sambucina",46.12519595,7.0816424033,"inat","Cool Temperate","Moist","Cropland","Mountains","Cool Temperate Moist",33,102,5,"Cool Temperate Moist Cropland on Mountains","#216605",534
103,"Dactylorhiza sambucina",46.1283809701,7.08523985,"inat","Cool Temperate","Moist","Cropland","Mountains","Cool Temperate Moist",33,102,5,"Cool Temperate Moist Cropland on Mountains","#216605",683
103,"Dactylorhiza sambucina",46.12607,7.0811933333,"inat","Cool Temperate","Moist","Cropland","Mountains","Cool Temperate Moist",33,102,5,"Cool Temperate Moist Cropland on Mountains","#216605",630
103,"Dactylorhiza sambucina",46.018308,7.031456,"gbif","Cool Temperate","Moist","Cropland","Mountains","Cool Temperate Moist",33,102,5,"Cool Temperate Moist Cropland on Mountains","#216605",2246
103,"Dactylorhiza sambucina",46.1299295999,7.0822333999,"inat","Cool Temperate","Moist","Cropland","Mountains","Cool Temperate Moist",33,102,5,"Cool Temperate Moist Cropland on Mountains","#216605",751
103,"Dactylorhiza sambucina",46.11843,7.08292,"gbif","Cool Temperate","Moist","Cropland","Mountains","Cool Temperate Moist",33,102,5,"Cool Temperate Moist Cropland on Mountains","#216605",451
103,"Dactylorhiza sambucina",46.12659197,7.08175651,"inat","Cool Temperate","Moist","Cropland","Mountains","Cool Temperate Moist",33,102,5,"Cool Temperate Moist Cropland on Mountains","#216605",630
103,"Dactylorhiza sambucina",46.11843,7.08292,"gbif","Cool Temperate","Moist","Cropland","Mountains","Cool Temperate Moist",33,102,5,"Cool Temperate Moist Cropland on Mountains","#216605",451
103,"Dactylorhiza sambucina",46.1304086899,7.08353897,"inat","Cool Temperate","Moist","Cropland","Mountains","Cool Temperate Moist",33,102,5,"Cool Temperate Moist Cropland on Mountains","#216605",751
103,"Dactylorhiza sambucina",46.12849456,7.08534256,"inat","Cool Temperate","Moist","Cropland","Mountains","Cool Temperate Moist",33,102,5,"Cool Temperate Moist Cropland on Mountains","#216605",683
103,"Dactylorhiza sambucina",46.1258657,7.07990125,"inat","Cool Temperate","Moist","Cropland","Mountains","Cool Temperate Moist",33,102,5,"Cool Temperate Moist Cropland on Mountains","#216605",696
103,"Dactylorhiza sambucina",46.11821,7.01824,"gbif","Cool Temperate","Moist","Cropland","Mountains","Cool Temperate Moist",33,102,5,"Cool Temperate Moist Cropland on Mountains","#216605",954
103,"Dactylorhiza sambucina",46.12498891,7.07960418,"inat","Cool Temperate","Moist","Cropland","Mountains","Cool Temperate Moist",33,102,5,"Cool Temperate Moist Cropland on Mountains","#216605",570
103,"Dactylorhiza sambucina",46.12838333,7.085242,"inat","Cool Temperate","Moist","Cropland","Mountains","Cool Temperate Moist",33,102,5,"Cool Temperate Moist Cropland on Mountains","#216605",683
103,"Dactylorhiza sambucina",46.1258861667,7.0797138333,"inat","Cool Temperate","Moist","Cropland","Mountains","Cool Temperate Moist",33,102,5,"Cool Temperate Moist Cropland on Mountains","#216605",696
103,"Dactylorhiza sambucina",46.1260870799,7.08121872,"inat","Cool Temperate","Moist","Cropland","Mountains","Cool Temperate Moist",33,102,5,"Cool Temperate Moist Cropland on Mountains","#216605",630
103,"Dactylorhiza sambucina",46.12606357,7.08110051,"inat","Cool Temperate","Moist","Cropland","Mountains","Cool Temperate Moist",33,102,5,"Cool Temperate Moist Cropland on Mountains","#216605",696
103,"Dactylorhiza sambucina",46.12608477,7.08120118,"inat","Cool Temperate","Moist","Cropland","Mountains","Cool Temperate Moist",33,102,5,"Cool Temperate Moist Cropland on Mountains","#216605",630
103,"Dactylorhiza sambucina",46.12668274,7.0819618799,"inat","Cool Temperate","Moist","Cropland","Mountains","Cool Temperate Moist",33,102,5,"Cool Temperate Moist Cropland on Mountains","#216605",630
103,"Dactylorhiza sambucina",46.12522632,7.0817843199,"inat","Cool Temperate","Moist","Cropland","Mountains","Cool Temperate Moist",33,102,5,"Cool Temperate Moist Cropland on Mountains","#216605",534
103,"Dactylorhiza sambucina",46.11843,7.08292,"gbif","Cool Temperate","Moist","Cropland","Mountains","Cool Temperate Moist",33,102,5,"Cool Temperate Moist Cropland on Mountains","#216605",451
103,"Dactylorhiza sambucina",46.11843,7.08292,"gbif","Cool Temperate","Moist","Cropland","Mountains","Cool Temperate Moist",33,102,5,"Cool Temperate Moist Cropland on Mountains","#216605",451
103,"Dactylorhiza sambucina",46.12846033,7.0853095,"inat","Cool Temperate","Moist","Cropland","Mountains","Cool Temperate Moist",33,102,5,"Cool Temperate Moist Cropland on Mountains","#216605",683
103,"Dactylorhiza sambucina",46.1300188801,7.0827705599,"inat","Cool Temperate","Moist","Cropland","Mountains","Cool Temperate Moist",33,102,5,"Cool Temperate Moist Cropland on Mountains","#216605",751
103,"Dactylorhiza sambucina",46.129934,7.08212133,"inat","Cool Temperate","Moist","Cropland","Mountains","Cool Temperate Moist",33,102,5,"Cool Temperate Moist Cropland on Mountains","#216605",751
103,"Dactylorhiza sambucina",46.11843,7.08292,"gbif","Cool Temperate","Moist","Cropland","Mountains","Cool Temperate Moist",33,102,5,"Cool Temperate Moist Cropland on Mountains","#216605",451
103,"Dactylorhiza sambucina",46.12498882,7.07960603,"inat","Cool Temperate","Moist","Cropland","Mountains","Cool Temperate Moist",33,102,5,"Cool Temperate Moist Cropland on Mountains","#216605",570
103,"Dactylorhiza sambucina",46.12498855,7.0796115799,"inat","Cool Temperate","Moist","Cropland","Mountains","Cool Temperate Moist",33,102,5,"Cool Temperate Moist Cropland on Mountains","#216605",570
103,"Dactylorhiza sambucina",46.1249882699,7.07961712,"inat","Cool Temperate","Moist","Cropland","Mountains","Cool Temperate Moist",33,102,5,"Cool Temperate Moist Cropland on Mountains","#216605",570
103,"Dactylorhiza sambucina",46.13007554,7.08288426,"inat","Cool Temperate","Moist","Cropland","Mountains","Cool Temperate Moist",33,102,5,"Cool Temperate Moist Cropland on Mountains","#216605",751
103,"Dactylorhiza sambucina",46.11843,7.08292,"gbif","Cool Temperate","Moist","Cropland","Mountains","Cool Temperate Moist",33,102,5,"Cool Temperate Moist Cropland on Mountains","#216605",451
103,"Dactylorhiza sambucina",46.129226,7.08512988,"inat","Cool Temperate","Moist","Cropland","Mountains","Cool Temperate Moist",33,102,5,"Cool Temperate Moist Cropland on Mountains","#216605",683
103,"Dactylorhiza sambucina",46.1283385,7.0851015,"inat","Cool Temperate","Moist","Cropland","Mountains","Cool Temperate Moist",33,102,5,"Cool Temperate Moist Cropland on Mountains","#216605",683
103,"Dactylorhiza sambucina",46.1251075205,7.0811862583,"inat","Cool Temperate","Moist","Cropland","Mountains","Cool Temperate Moist",33,102,5,"Cool Temperate Moist Cropland on Mountains","#216605",534
103,"Dactylorhiza sambucina",46.417225,7.783745,"inat","Cool Temperate","Moist","Cropland","Mountains","Cool Temperate Moist",33,102,5,"Cool Temperate Moist Cropland on Mountains","#216605",1995
103,"Dactylorhiza sambucina",46.1291969999,7.08504822,"inat","Cool Temperate","Moist","Cropland","Mountains","Cool Temperate Moist",33,102,5,"Cool Temperate Moist Cropland on Mountains","#216605",683
103,"Dactylorhiza sambucina",46.12608224,7.08118199,"inat","Cool Temperate","Moist","Cropland","Mountains","Cool Temperate Moist",33,102,5,"Cool Temperate Moist Cropland on Mountains","#216605",630
103,"Dactylorhiza sambucina",46.12851145,7.08535485,"inat","Cool Temperate","Moist","Cropland","Mountains","Cool Temperate Moist",33,102,5,"Cool Temperate Moist Cropland on Mountains","#216605",683
103,"Dactylorhiza sambucina",46.126025,7.080825,"gbif","Cool Temperate","Moist","Cropland","Mountains","Cool Temperate Moist",33,102,5,"Cool Temperate Moist Cropland on Mountains","#216605",696
103,"Dactylorhiza sambucina",46.12632807,7.08162749,"inat","Cool Temperate","Moist","Cropland","Mountains","Cool Temperate Moist",33,102,5,"Cool Temperate Moist Cropland on Mountains","#216605",630
103,"Dactylorhiza sambucina",46.1286510101,7.08548418,"inat","Cool Temperate","Moist","Cropland","Mountains","Cool Temperate Moist",33,102,5,"Cool Temperate Moist Cropland on Mountains","#216605",683
103,"Dactylorhiza sambucina",46.129122,7.0825909999,"inat","Cool Temperate","Moist","Cropland","Mountains","Cool Temperate Moist",33,102,5,"Cool Temperate Moist Cropland on Mountains","#216605",751
103,"Dactylorhiza sambucina",46.1299308001,7.0822202,"inat","Cool Temperate","Moist","Cropland","Mountains","Cool Temperate Moist",33,102,5,"Cool Temperate Moist Cropland on Mountains","#216605",751
103,"Dactylorhiza sambucina",46.1292524901,7.08518019,"inat","Cool Temperate","Moist","Cropland","Mountains","Cool Temperate Moist",33,102,5,"Cool Temperate Moist Cropland on Mountains","#216605",683
103,"Dactylorhiza sambucina",46.11843,7.08292,"gbif","Cool Temperate","Moist","Cropland","Mountains","Cool Temperate Moist",33,102,5,"Cool Temperate Moist Cropland on Mountains","#216605",451
103,"Dactylorhiza sambucina",46.1300760699,7.08288473,"inat","Cool Temperate","Moist","Cropland","Mountains","Cool Temperate Moist",33,102,5,"Cool Temperate Moist Cropland on Mountains","#216605",751
103,"Dactylorhiza sambucina",46.12608593,7.08120995,"inat","Cool Temperate","Moist","Cropland","Mountains","Cool Temperate Moist",33,102,5,"Cool Temperate Moist Cropland on Mountains","#216605",630
103,"Dactylorhiza sambucina",46.11843,7.08292,"gbif","Cool Temperate","Moist","Cropland","Mountains","Cool Temperate Moist",33,102,5,"Cool Temperate Moist Cropland on Mountains","#216605",451
103,"Dactylorhiza sambucina",46.12608152,7.08117651,"inat","Cool Temperate","Moist","Cropland","Mountains","Cool Temperate Moist",33,102,5,"Cool Temperate Moist Cropland on Mountains","#216605",630
103,"Dactylorhiza sambucina",46.12608137,7.08117542,"inat","Cool Temperate","Moist","Cropland","Mountains","Cool Temperate Moist",33,102,5,"Cool Temperate Moist Cropland on Mountains","#216605",630
103,"Dactylorhiza sambucina",46.12919583,7.08259519,"inat","Cool Temperate","Moist","Cropland","Mountains","Cool Temperate Moist",33,102,5,"Cool Temperate Moist Cropland on Mountains","#216605",751
103,"Dactylorhiza sambucina",46.12601367,7.0809387401,"inat","Cool Temperate","Moist","Cropland","Mountains","Cool Temperate Moist",33,102,5,"Cool Temperate Moist Cropland on Mountains","#216605",696
103,"Dactylorhiza sambucina",46.1283963099,7.08525385,"inat","Cool Temperate","Moist","Cropland","Mountains","Cool Temperate Moist",33,102,5,"Cool Temperate Moist Cropland on Mountains","#216605",683
103,"Dactylorhiza sambucina",46.1283874599,7.08524577,"inat","Cool Temperate","Moist","Cropland","Mountains","Cool Temperate Moist",33,102,5,"Cool Temperate Moist Cropland on Mountains","#216605",683
103,"Dactylorhiza sambucina",46.1263819299,7.0816887401,"inat","Cool Temperate","Moist","Cropland","Mountains","Cool Temperate Moist",33,102,5,"Cool Temperate Moist Cropland on Mountains","#216605",630
103,"Dactylorhiza sambucina",46.11843,7.08292,"gbif","Cool Temperate","Moist","Cropland","Mountains","Cool Temperate Moist",33,102,5,"Cool Temperate Moist Cropland on Mountains","#216605",451
103,"Dactylorhiza sambucina",46.12623417,7.08152783,"inat","Cool Temperate","Moist","Cropland","Mountains","Cool Temperate Moist",33,102,5,"Cool Temperate Moist Cropland on Mountains","#216605",630
103,"Dactylorhiza sambucina",46.1264174,7.08171107,"inat","Cool Temperate","Moist","Cropland","Mountains","Cool Temperate Moist",33,102,5,"Cool Temperate Moist Cropland on Mountains","#216605",630
103,"Dactylorhiza sambucina",46.1274939025,7.0833322208,"inat","Cool Temperate","Moist","Cropland","Mountains","Cool Temperate Moist",33,102,5,"Cool Temperate Moist Cropland on Mountains","#216605",630
103,"Dactylorhiza sambucina",46.12606318,7.08109908,"inat","Cool Temperate","Moist","Cropland","Mountains","Cool Temperate Moist",33,102,5,"Cool Temperate Moist Cropland on Mountains","#216605",696
103,"Dactylorhiza sambucina",46.12695327,7.0825575501,"inat","Cool Temperate","Moist","Cropland","Mountains","Cool Temperate Moist",33,102,5,"Cool Temperate Moist Cropland on Mountains","#216605",630
103,"Dactylorhiza sambucina",46.126924,7.082536,"inat","Cool Temperate","Moist","Cropland","Mountains","Cool Temperate Moist",33,102,5,"Cool Temperate Moist Cropland on Mountains","#216605",630
103,"Dactylorhiza sambucina",46.1260517799,7.08105744,"inat","Cool Temperate","Moist","Cropland","Mountains","Cool Temperate Moist",33,102,5,"Cool Temperate Moist Cropland on Mountains","#216605",696
103,"Dactylorhiza sambucina",46.12848856,7.08533465,"inat","Cool Temperate","Moist","Cropland","Mountains","Cool Temperate Moist",33,102,5,"Cool Temperate Moist Cropland on Mountains","#216605",683
103,"Dactylorhiza sambucina",46.12605051,7.08105281,"inat","Cool Temperate","Moist","Cropland","Mountains","Cool Temperate Moist",33,102,5,"Cool Temperate Moist Cropland on Mountains","#216605",696
103,"Dactylorhiza sambucina",46.12851896,7.08536085,"inat","Cool Temperate","Moist","Cropland","Mountains","Cool Temperate Moist",33,102,5,"Cool Temperate Moist Cropland on Mountains","#216605",683
103,"Dactylorhiza sambucina",46.12608875,7.08123133,"inat","Cool Temperate","Moist","Cropland","Mountains","Cool Temperate Moist",33,102,5,"Cool Temperate Moist Cropland on Mountains","#216605",630
103,"Dactylorhiza sambucina",46.126025,7.080825,"inat","Cool Temperate","Moist","Cropland","Mountains","Cool Temperate Moist",33,102,5,"Cool Temperate Moist Cropland on Mountains","#216605",696
103,"Dactylorhiza sambucina",46.12641091,7.08170459,"inat","Cool Temperate","Moist","Cropland","Mountains","Cool Temperate Moist",33,102,5,"Cool Temperate Moist Cropland on Mountains","#216605",630
103,"Dactylorhiza sambucina",46.1264141599,7.0817078299,"inat","Cool Temperate","Moist","Cropland","Mountains","Cool Temperate Moist",33,102,5,"Cool Temperate Moist Cropland on Mountains","#216605",630
103,"Dactylorhiza sambucina",46.12602562,7.0807890701,"inat","Cool Temperate","Moist","Cropland","Mountains","Cool Temperate Moist",33,102,5,"Cool Temperate Moist Cropland on Mountains","#216605",696
103,"Dactylorhiza sambucina",46.13001984,7.08277408,"inat","Cool Temperate","Moist","Cropland","Mountains","Cool Temperate Moist",33,102,5,"Cool Temperate Moist Cropland on Mountains","#216605",751
103,"Dactylorhiza sambucina",46.1254272461,7.0796403885,"inat","Cool Temperate","Moist","Cropland","Mountains","Cool Temperate Moist",33,102,5,"Cool Temperate Moist Cropland on Mountains","#216605",570
103,"Dactylorhiza sambucina",46.1257816667,7.0797766667,"inat","Cool Temperate","Moist","Cropland","Mountains","Cool Temperate Moist",33,102,5,"Cool Temperate Moist Cropland on Mountains","#216605",570
103,"Dactylorhiza sambucina",46.1260841899,7.0811967999,"inat","Cool Temperate","Moist","Cropland","Mountains","Cool Temperate Moist",33,102,5,"Cool Temperate Moist Cropland on Mountains","#216605",630
103,"Dactylorhiza sambucina",46.1251856,7.0816306997,"inat","Cool Temperate","Moist","Cropland","Mountains","Cool Temperate Moist",33,102,5,"Cool Temperate Moist Cropland on Mountains","#216605",534
103,"Dactylorhiza sambucina",46.1304073799,7.08353794,"inat","Cool Temperate","Moist","Cropland","Mountains","Cool Temperate Moist",33,102,5,"Cool Temperate Moist Cropland on Mountains","#216605",751
103,"Dactylorhiza sambucina",46.1291877,7.08503888,"inat","Cool Temperate","Moist","Cropland","Mountains","Cool Temperate Moist",33,102,5,"Cool Temperate Moist Cropland on Mountains","#216605",683
103,"Bombus terrestris",47.5986377269,9.0350956003,"inat","Cool Temperate","Moist","Cropland","Mountains","Cool Temperate Moist",33,102,5,"Cool Temperate Moist Cropland on Mountains","#216605",433
103,"Dactylorhiza sambucina",46.12635629,7.0816413399,"inat","Cool Temperate","Moist","Cropland","Mountains","Cool Temperate Moist",33,102,5,"Cool Temperate Moist Cropland on Mountains","#216605",630
103,"Dactylorhiza sambucina",46.1291817699,7.08502392,"inat","Cool Temperate","Moist","Cropland","Mountains","Cool Temperate Moist",33,102,5,"Cool Temperate Moist Cropland on Mountains","#216605",683
103,"Dactylorhiza sambucina",46.12602805,7.0808104299,"inat","Cool Temperate","Moist","Cropland","Mountains","Cool Temperate Moist",33,102,5,"Cool Temperate Moist Cropland on Mountains","#216605",696
103,"Dactylorhiza sambucina",46.12602601,7.0807924899,"inat","Cool Temperate","Moist","Cropland","Mountains","Cool Temperate Moist",33,102,5,"Cool Temperate Moist Cropland on Mountains","#216605",696
103,"Dactylorhiza sambucina",46.1263213,7.0816230001,"inat","Cool Temperate","Moist","Cropland","Mountains","Cool Temperate Moist",33,102,5,"Cool Temperate Moist Cropland on Mountains","#216605",630
103,"Dactylorhiza sambucina",46.1291307001,7.08492301,"inat","Cool Temperate","Moist","Cropland","Mountains","Cool Temperate Moist",33,102,5,"Cool Temperate Moist Cropland on Mountains","#216605",683
103,"Dactylorhiza sambucina",46.12575676,7.0796892699,"inat","Cool Temperate","Moist","Cropland","Mountains","Cool Temperate Moist",33,102,5,"Cool Temperate Moist Cropland on Mountains","#216605",570
103,"Dactylorhiza sambucina",46.1257565101,7.07968853,"inat","Cool Temperate","Moist","Cropland","Mountains","Cool Temperate Moist",33,102,5,"Cool Temperate Moist Cropland on Mountains","#216605",570
103,"Dactylorhiza sambucina",46.12850989,7.08535189,"inat","Cool Temperate","Moist","Cropland","Mountains","Cool Temperate Moist",33,102,5,"Cool Temperate Moist Cropland on Mountains","#216605",683
103,"Dactylorhiza sambucina",46.11843,7.08292,"gbif","Cool Temperate","Moist","Cropland","Mountains","Cool Temperate Moist",33,102,5,"Cool Temperate Moist Cropland on Mountains","#216605",451
103,"Dactylorhiza sambucina",46.1285022201,7.08534722,"inat","Cool Temperate","Moist","Cropland","Mountains","Cool Temperate Moist",33,102,5,"Cool Temperate Moist Cropland on Mountains","#216605",683
103,"Dactylorhiza sambucina",46.1298883901,7.08192552,"inat","Cool Temperate","Moist","Cropland","Mountains","Cool Temperate Moist",33,102,5,"Cool Temperate Moist Cropland on Mountains","#216605",751
103,"Dactylorhiza sambucina",46.1290895499,7.0822286501,"inat","Cool Temperate","Moist","Cropland","Mountains","Cool Temperate Moist",33,102,5,"Cool Temperate Moist Cropland on Mountains","#216605",751
103,"Dactylorhiza sambucina",46.12993,7.082074,"inat","Cool Temperate","Moist","Cropland","Mountains","Cool Temperate Moist",33,102,5,"Cool Temperate Moist Cropland on Mountains","#216605",751
103,"Dactylorhiza sambucina",46.12606971,7.08112293,"inat","Cool Temperate","Moist","Cropland","Mountains","Cool Temperate Moist",33,102,5,"Cool Temperate Moist Cropland on Mountains","#216605",696
103,"Dactylorhiza sambucina",46.13976317,7.05136159,"inat","Cool Temperate","Moist","Cropland","Mountains","Cool Temperate Moist",33,102,5,"Cool Temperate Moist Cropland on Mountains","#216605",482
103,"Dactylorhiza sambucina",46.11843,7.08292,"gbif","Cool Temperate","Moist","Cropland","Mountains","Cool Temperate Moist",33,102,5,"Cool Temperate Moist Cropland on Mountains","#216605",451
103,"Dactylorhiza sambucina",46.126066,7.0811094099,"inat","Cool Temperate","Moist","Cropland","Mountains","Cool Temperate Moist",33,102,5,"Cool Temperate Moist Cropland on Mountains","#216605",696
103,"Dactylorhiza sambucina",46.12992689,7.0820615601,"inat","Cool Temperate","Moist","Cropland","Mountains","Cool Temperate Moist",33,102,5,"Cool Temperate Moist Cropland on Mountains","#216605",751
103,"Dactylorhiza sambucina",46.13978164,7.05111039,"inat","Cool Temperate","Moist","Cropland","Mountains","Cool Temperate Moist",33,102,5,"Cool Temperate Moist Cropland on Mountains","#216605",482
103,"Dactylorhiza sambucina",46.1250735,7.080298,"inat","Cool Temperate","Moist","Cropland","Mountains","Cool Temperate Moist",33,102,5,"Cool Temperate Moist Cropland on Mountains","#216605",570
103,"Dactylorhiza sambucina",46.12606201,7.08109481,"inat","Cool Temperate","Moist","Cropland","Mountains","Cool Temperate Moist",33,102,5,"Cool Temperate Moist Cropland on Mountains","#216605",696
103,"Dactylorhiza sambucina",46.12844339,7.08529442,"inat","Cool Temperate","Moist","Cropland","Mountains","Cool Temperate Moist",33,102,5,"Cool Temperate Moist Cropland on Mountains","#216605",683
103,"Dactylorhiza sambucina",46.12998089,7.08263644,"inat","Cool Temperate","Moist","Cropland","Mountains","Cool Temperate Moist",33,102,5,"Cool Temperate Moist Cropland on Mountains","#216605",751
103,"Dactylorhiza sambucina",46.13001852,7.0827692402,"inat","Cool Temperate","Moist","Cropland","Mountains","Cool Temperate Moist",33,102,5,"Cool Temperate Moist Cropland on Mountains","#216605",751
103,"Dactylorhiza sambucina",46.31948,7.6739333333,"inat","Cool Temperate","Moist","Cropland","Mountains","Cool Temperate Moist",33,102,5,"Cool Temperate Moist Cropland on Mountains","#216605",1209
103,"Dactylorhiza sambucina",46.1250861999,7.080344,"inat","Cool Temperate","Moist","Cropland","Mountains","Cool Temperate Moist",33,102,5,"Cool Temperate Moist Cropland on Mountains","#216605",570
103,"Dactylorhiza sambucina",46.12608896,7.0812329799,"inat","Cool Temperate","Moist","Cropland","Mountains","Cool Temperate Moist",33,102,5,"Cool Temperate Moist Cropland on Mountains","#216605",630
103,"Dactylorhiza sambucina",46.1286472801,7.08546705,"inat","Cool Temperate","Moist","Cropland","Mountains","Cool Temperate Moist",33,102,5,"Cool Temperate Moist Cropland on Mountains","#216605",683
103,"Dactylorhiza sambucina",46.1300321999,7.082802,"inat","Cool Temperate","Moist","Cropland","Mountains","Cool Temperate Moist",33,102,5,"Cool Temperate Moist Cropland on Mountains","#216605",751
103,"Dactylorhiza sambucina",46.1250885,7.0803495999,"inat","Cool Temperate","Moist","Cropland","Mountains","Cool Temperate Moist",33,102,5,"Cool Temperate Moist Cropland on Mountains","#216605",570
103,"Dactylorhiza sambucina",46.125094,7.08041289,"inat","Cool Temperate","Moist","Cropland","Mountains","Cool Temperate Moist",33,102,5,"Cool Temperate Moist Cropland on Mountains","#216605",570
103,"Dactylorhiza sambucina",46.1266721667,7.0819,"inat","Cool Temperate","Moist","Cropland","Mountains","Cool Temperate Moist",33,102,5,"Cool Temperate Moist Cropland on Mountains","#216605",630
103,"Dactylorhiza sambucina",46.13007575,7.08288445,"inat","Cool Temperate","Moist","Cropland","Mountains","Cool Temperate Moist",33,102,5,"Cool Temperate Moist Cropland on Mountains","#216605",751
103,"Dactylorhiza sambucina",46.12522636,7.0817833599,"inat","Cool Temperate","Moist","Cropland","Mountains","Cool Temperate Moist",33,102,5,"Cool Temperate Moist Cropland on Mountains","#216605",534
103,"Bombus terrestris",47.3233416667,8.5938783333,"inat","Cool Temperate","Moist","Cropland","Mountains","Cool Temperate Moist",33,102,5,"Cool Temperate Moist Cropland on Mountains","#216605",519
103,"Dactylorhiza sambucina",46.1300766,7.0828852,"inat","Cool Temperate","Moist","Cropland","Mountains","Cool Temperate Moist",33,102,5,"Cool Temperate Moist Cropland on Mountains","#216605",751
103,"Dactylorhiza sambucina",46.12636353,7.0816448901,"inat","Cool Temperate","Moist","Cropland","Mountains","Cool Temperate Moist",33,102,5,"Cool Temperate Moist Cropland on Mountains","#216605",630
103,"Dactylorhiza sambucina",46.1260823899,7.08118309,"inat","Cool Temperate","Moist","Cropland","Mountains","Cool Temperate Moist",33,102,5,"Cool Temperate Moist Cropland on Mountains","#216605",630
103,"Bombus terrestris",46.8449396791,6.6822477872,"inat","Cool Temperate","Moist","Cropland","Mountains","Cool Temperate Moist",33,102,5,"Cool Temperate Moist Cropland on Mountains","#216605",520
103,"Dactylorhiza sambucina",46.13040956,7.08353966,"inat","Cool Temperate","Moist","Cropland","Mountains","Cool Temperate Moist",33,102,5,"Cool Temperate Moist Cropland on Mountains","#216605",751
103,"Dactylorhiza sambucina",46.1304130001,7.0835466,"inat","Cool Temperate","Moist","Cropland","Mountains","Cool Temperate Moist",33,102,5,"Cool Temperate Moist Cropland on Mountains","#216605",751
103,"Dactylorhiza sambucina",46.1263248099,7.08162589,"inat","Cool Temperate","Moist","Cropland","Mountains","Cool Temperate Moist",33,102,5,"Cool Temperate Moist Cropland on Mountains","#216605",630
103,"Bombus terrestris",46.8619216667,7.1283445,"inat","Cool Temperate","Moist","Cropland","Mountains","Cool Temperate Moist",33,102,5,"Cool Temperate Moist Cropland on Mountains","#216605",587
103,"Bombus terrestris",47.3807,8.6276166667,"inat","Cool Temperate","Moist","Cropland","Mountains","Cool Temperate Moist",33,102,5,"Cool Temperate Moist Cropland on Mountains","#216605",437
103,"Dactylorhiza sambucina",46.12499,7.079582,"inat","Cool Temperate","Moist","Cropland","Mountains","Cool Temperate Moist",33,102,5,"Cool Temperate Moist Cropland on Mountains","#216605",570
103,"Dactylorhiza sambucina",46.12601638,7.08062487,"inat","Cool Temperate","Moist","Cropland","Mountains","Cool Temperate Moist",33,102,5,"Cool Temperate Moist Cropland on Mountains","#216605",696
103,"Dactylorhiza sambucina",46.12498991,7.07958385,"inat","Cool Temperate","Moist","Cropland","Mountains","Cool Temperate Moist",33,102,5,"Cool Temperate Moist Cropland on Mountains","#216605",570
103,"Dactylorhiza sambucina",46.12498982,7.0795857,"inat","Cool Temperate","Moist","Cropland","Mountains","Cool Temperate Moist",33,102,5,"Cool Temperate Moist Cropland on Mountains","#216605",570
103,"Dactylorhiza sambucina",46.12584572,7.0798580099,"inat","Cool Temperate","Moist","Cropland","Mountains","Cool Temperate Moist",33,102,5,"Cool Temperate Moist Cropland on Mountains","#216605",696
103,"Dactylorhiza sambucina",46.1291880901,7.0826238,"inat","Cool Temperate","Moist","Cropland","Mountains","Cool Temperate Moist",33,102,5,"Cool Temperate Moist Cropland on Mountains","#216605",751
103,"Dactylorhiza sambucina",46.12585771,7.07988395,"inat","Cool Temperate","Moist","Cropland","Mountains","Cool Temperate Moist",33,102,5,"Cool Temperate Moist Cropland on Mountains","#216605",696
103,"Dactylorhiza sambucina",46.12920924,7.08512425,"inat","Cool Temperate","Moist","Cropland","Mountains","Cool Temperate Moist",33,102,5,"Cool Temperate Moist Cropland on Mountains","#216605",683
103,"Dactylorhiza sambucina",46.12920893,7.08512336,"inat","Cool Temperate","Moist","Cropland","Mountains","Cool Temperate Moist",33,102,5,"Cool Temperate Moist Cropland on Mountains","#216605",683
103,"Dactylorhiza sambucina",46.124989,7.07960233,"inat","Cool Temperate","Moist","Cropland","Mountains","Cool Temperate Moist",33,102,5,"Cool Temperate Moist Cropland on Mountains","#216605",570
103,"Dactylorhiza sambucina",46.12613685,7.08136548,"inat","Cool Temperate","Moist","Cropland","Mountains","Cool Temperate Moist",33,102,5,"Cool Temperate Moist Cropland on Mountains","#216605",630
103,"Dactylorhiza sambucina",46.12920799,7.08512067,"inat","Cool Temperate","Moist","Cropland","Mountains","Cool Temperate Moist",33,102,5,"Cool Temperate Moist Cropland on Mountains","#216605",683
103,"Dactylorhiza sambucina",46.11843,7.08292,"gbif","Cool Temperate","Moist","Cropland","Mountains","Cool Temperate Moist",33,102,5,"Cool Temperate Moist Cropland on Mountains","#216605",451
103,"Dactylorhiza sambucina",46.13970674,7.05125299,"inat","Cool Temperate","Moist","Cropland","Mountains","Cool Temperate Moist",33,102,5,"Cool Temperate Moist Cropland on Mountains","#216605",482
103,"Dactylorhiza sambucina",46.11843,7.08292,"gbif","Cool Temperate","Moist","Cropland","Mountains","Cool Temperate Moist",33,102,5,"Cool Temperate Moist Cropland on Mountains","#216605",451
103,"Dactylorhiza sambucina",46.11843,7.08292,"gbif","Cool Temperate","Moist","Cropland","Mountains","Cool Temperate Moist",33,102,5,"Cool Temperate Moist Cropland on Mountains","#216605",451
103,"Dactylorhiza sambucina",46.12693951,7.08258958,"inat","Cool Temperate","Moist","Cropland","Mountains","Cool Temperate Moist",33,102,5,"Cool Temperate Moist Cropland on Mountains","#216605",630
103,"Dactylorhiza sambucina",46.12606162,7.08109339,"inat","Cool Temperate","Moist","Cropland","Mountains","Cool Temperate Moist",33,102,5,"Cool Temperate Moist Cropland on Mountains","#216605",696
103,"Dactylorhiza sambucina",46.1291075699,7.08487443,"inat","Cool Temperate","Moist","Cropland","Mountains","Cool Temperate Moist",33,102,5,"Cool Temperate Moist Cropland on Mountains","#216605",683
103,"Dactylorhiza sambucina",46.1291064301,7.08485957,"inat","Cool Temperate","Moist","Cropland","Mountains","Cool Temperate Moist",33,102,5,"Cool Temperate Moist Cropland on Mountains","#216605",683
103,"Dactylorhiza sambucina",46.12912244,7.08278006,"inat","Cool Temperate","Moist","Cropland","Mountains","Cool Temperate Moist",33,102,5,"Cool Temperate Moist Cropland on Mountains","#216605",751
103,"Dactylorhiza sambucina",46.129123,7.082778,"inat","Cool Temperate","Moist","Cropland","Mountains","Cool Temperate Moist",33,102,5,"Cool Temperate Moist Cropland on Mountains","#216605",751
103,"Dactylorhiza sambucina",46.1291217999,7.0827612001,"inat","Cool Temperate","Moist","Cropland","Mountains","Cool Temperate Moist",33,102,5,"Cool Temperate Moist Cropland on Mountains","#216605",751
103,"Dactylorhiza sambucina",46.1250883,7.080347,"inat","Cool Temperate","Moist","Cropland","Mountains","Cool Temperate Moist",33,102,5,"Cool Temperate Moist Cropland on Mountains","#216605",570
103,"Dactylorhiza sambucina",46.1291213299,7.0826201101,"inat","Cool Temperate","Moist","Cropland","Mountains","Cool Temperate Moist",33,102,5,"Cool Temperate Moist Cropland on Mountains","#216605",751
103,"Dactylorhiza sambucina",46.12998089,7.08263644,"inat","Cool Temperate","Moist","Cropland","Mountains","Cool Temperate Moist",33,102,5,"Cool Temperate Moist Cropland on Mountains","#216605",751
103,"Dactylorhiza sambucina",46.12608766,7.0812231099,"inat","Cool Temperate","Moist","Cropland","Mountains","Cool Temperate Moist",33,102,5,"Cool Temperate Moist Cropland on Mountains","#216605",630
103,"Dactylorhiza sambucina",46.16375,7.21209,"gbif","Cool Temperate","Moist","Cropland","Mountains","Cool Temperate Moist",33,102,5,"Cool Temperate Moist Cropland on Mountains","#216605",465
103,"Dactylorhiza sambucina",46.11843,7.08292,"gbif","Cool Temperate","Moist","Cropland","Mountains","Cool Temperate Moist",33,102,5,"Cool Temperate Moist Cropland on Mountains","#216605",451
103,"Dactylorhiza sambucina",46.1260235,7.0807154999,"inat","Cool Temperate","Moist","Cropland","Mountains","Cool Temperate Moist",33,102,5,"Cool Temperate Moist Cropland on Mountains","#216605",696
103,"Dactylorhiza sambucina",46.11843,7.08292,"gbif","Cool Temperate","Moist","Cropland","Mountains","Cool Temperate Moist",33,102,5,"Cool Temperate Moist Cropland on Mountains","#216605",451
103,"Dactylorhiza sambucina",46.1249583333,7.0797,"inat","Cool Temperate","Moist","Cropland","Mountains","Cool Temperate Moist",33,102,5,"Cool Temperate Moist Cropland on Mountains","#216605",570
103,"Dactylorhiza sambucina",46.12919952,7.08505003,"inat","Cool Temperate","Moist","Cropland","Mountains","Cool Temperate Moist",33,102,5,"Cool Temperate Moist Cropland on Mountains","#216605",683
103,"Dactylorhiza sambucina",46.1304021301,7.08353381,"inat","Cool Temperate","Moist","Cropland","Mountains","Cool Temperate Moist",33,102,5,"Cool Temperate Moist Cropland on Mountains","#216605",751
103,"Dactylorhiza sambucina",46.11843,7.08292,"gbif","Cool Temperate","Moist","Cropland","Mountains","Cool Temperate Moist",33,102,5,"Cool Temperate Moist Cropland on Mountains","#216605",451
103,"Dactylorhiza sambucina",46.1253822735,7.079553986,"inat","Cool Temperate","Moist","Cropland","Mountains","Cool Temperate Moist",33,102,5,"Cool Temperate Moist Cropland on Mountains","#216605",570
103,"Dactylorhiza sambucina",46.1291823899,7.08502787,"inat","Cool Temperate","Moist","Cropland","Mountains","Cool Temperate Moist",33,102,5,"Cool Temperate Moist Cropland on Mountains","#216605",683
103,"Dactylorhiza sambucina",46.1629666667,7.1405666667,"inat","Cool Temperate","Moist","Cropland","Mountains","Cool Temperate Moist",33,102,5,"Cool Temperate Moist Cropland on Mountains","#216605",1193
103,"Dactylorhiza sambucina",46.1281952355,7.0837150188,"inat","Cool Temperate","Moist","Cropland","Mountains","Cool Temperate Moist",33,102,5,"Cool Temperate Moist Cropland on Mountains","#216605",566
103,"Dactylorhiza sambucina",46.12632409,7.0816255301,"inat","Cool Temperate","Moist","Cropland","Mountains","Cool Temperate Moist",33,102,5,"Cool Temperate Moist Cropland on Mountains","#216605",630
103,"Dactylorhiza sambucina",46.12913246,7.08491648,"inat","Cool Temperate","Moist","Cropland","Mountains","Cool Temperate Moist",33,102,5,"Cool Temperate Moist Cropland on Mountains","#216605",683
103,"Dactylorhiza sambucina",46.11843,7.08292,"gbif","Cool Temperate","Moist","Cropland","Mountains","Cool Temperate Moist",33,102,5,"Cool Temperate Moist Cropland on Mountains","#216605",451
103,"Dactylorhiza sambucina",46.12612395,7.08133745,"inat","Cool Temperate","Moist","Cropland","Mountains","Cool Temperate Moist",33,102,5,"Cool Temperate Moist Cropland on Mountains","#216605",630
103,"Dactylorhiza sambucina",46.11843,7.08292,"gbif","Cool Temperate","Moist","Cropland","Mountains","Cool Temperate Moist",33,102,5,"Cool Temperate Moist Cropland on Mountains","#216605",451
103,"Dactylorhiza sambucina",46.1249225,7.0780948001,"inat","Cool Temperate","Moist","Cropland","Mountains","Cool Temperate Moist",33,102,5,"Cool Temperate Moist Cropland on Mountains","#216605",625
103,"Dactylorhiza sambucina",46.12498941,7.07959402,"inat","Cool Temperate","Moist","Cropland","Mountains","Cool Temperate Moist",33,102,5,"Cool Temperate Moist Cropland on Mountains","#216605",570
103,"Dactylorhiza sambucina",46.11843,7.08292,"gbif","Cool Temperate","Moist","Cropland","Mountains","Cool Temperate Moist",33,102,5,"Cool Temperate Moist Cropland on Mountains","#216605",451
103,"Dactylorhiza sambucina",46.46933667,6.10692783,"inat","Cool Temperate","Moist","Cropland","Mountains","Cool Temperate Moist",33,102,5,"Cool Temperate Moist Cropland on Mountains","#216605",1299
103,"Dactylorhiza sambucina",46.442905,6.09114167,"inat","Cool Temperate","Moist","Cropland","Mountains","Cool Temperate Moist",33,102,5,"Cool Temperate Moist Cropland on Mountains","#216605",1249
103,"Dactylorhiza sambucina",46.12498932,7.07959586,"inat","Cool Temperate","Moist","Cropland","Mountains","Cool Temperate Moist",33,102,5,"Cool Temperate Moist Cropland on Mountains","#216605",570
103,"Dactylorhiza sambucina",46.12607,7.081124,"inat","Cool Temperate","Moist","Cropland","Mountains","Cool Temperate Moist",33,102,5,"Cool Temperate Moist Cropland on Mountains","#216605",696
103,"Dactylorhiza sambucina",46.12606737,7.0811143901,"inat","Cool Temperate","Moist","Cropland","Mountains","Cool Temperate Moist",33,102,5,"Cool Temperate Moist Cropland on Mountains","#216605",696
103,"Dactylorhiza sambucina",46.12920642,7.08511619,"inat","Cool Temperate","Moist","Cropland","Mountains","Cool Temperate Moist",33,102,5,"Cool Temperate Moist Cropland on Mountains","#216605",683
103,"Dactylorhiza sambucina",46.12920684,7.08511739,"inat","Cool Temperate","Moist","Cropland","Mountains","Cool Temperate Moist",33,102,5,"Cool Temperate Moist Cropland on Mountains","#216605",683
103,"Dactylorhiza sambucina",46.12992822,7.08206689,"inat","Cool Temperate","Moist","Cropland","Mountains","Cool Temperate Moist",33,102,5,"Cool Temperate Moist Cropland on Mountains","#216605",751
103,"Dactylorhiza sambucina",46.468625,6.1057555,"inat","Cool Temperate","Moist","Cropland","Mountains","Cool Temperate Moist",33,102,5,"Cool Temperate Moist Cropland on Mountains","#216605",1299
103,"Dactylorhiza sambucina",46.12993,7.082074,"inat","Cool Temperate","Moist","Cropland","Mountains","Cool Temperate Moist",33,102,5,"Cool Temperate Moist Cropland on Mountains","#216605",751
103,"Dactylorhiza sambucina",46.12998244,7.0826382201,"inat","Cool Temperate","Moist","Cropland","Mountains","Cool Temperate Moist",33,102,5,"Cool Temperate Moist Cropland on Mountains","#216605",751
103,"Dactylorhiza sambucina",46.12993541,7.08215359,"inat","Cool Temperate","Moist","Cropland","Mountains","Cool Temperate Moist",33,102,5,"Cool Temperate Moist Cropland on Mountains","#216605",751
103,"Dactylorhiza sambucina",46.12993424,7.08217076,"inat","Cool Temperate","Moist","Cropland","Mountains","Cool Temperate Moist",33,102,5,"Cool Temperate Moist Cropland on Mountains","#216605",751
103,"Dactylorhiza sambucina",46.12605158,7.08105673,"inat","Cool Temperate","Moist","Cropland","Mountains","Cool Temperate Moist",33,102,5,"Cool Temperate Moist Cropland on Mountains","#216605",696
103,"Dactylorhiza sambucina",46.1299308001,7.0822202,"inat","Cool Temperate","Moist","Cropland","Mountains","Cool Temperate Moist",33,102,5,"Cool Temperate Moist Cropland on Mountains","#216605",751
103,"Dactylorhiza sambucina",46.12604875,7.08104641,"inat","Cool Temperate","Moist","Cropland","Mountains","Cool Temperate Moist",33,102,5,"Cool Temperate Moist Cropland on Mountains","#216605",696
103,"Dactylorhiza sambucina",46.1260928,7.0812609001,"inat","Cool Temperate","Moist","Cropland","Mountains","Cool Temperate Moist",33,102,5,"Cool Temperate Moist Cropland on Mountains","#216605",630
103,"Dactylorhiza sambucina",46.12604033,7.080923,"inat","Cool Temperate","Moist","Cropland","Mountains","Cool Temperate Moist",33,102,5,"Cool Temperate Moist Cropland on Mountains","#216605",696
103,"Dactylorhiza sambucina",46.126064178,7.0812052701,"inat","Cool Temperate","Moist","Cropland","Mountains","Cool Temperate Moist",33,102,5,"Cool Temperate Moist Cropland on Mountains","#216605",630
103,"Dactylorhiza sambucina",46.12998244,7.0826382201,"inat","Cool Temperate","Moist","Cropland","Mountains","Cool Temperate Moist",33,102,5,"Cool Temperate Moist Cropland on Mountains","#216605",751
103,"Dactylorhiza sambucina",46.13001852,7.0827692402,"inat","Cool Temperate","Moist","Cropland","Mountains","Cool Temperate Moist",33,102,5,"Cool Temperate Moist Cropland on Mountains","#216605",751
103,"Dactylorhiza sambucina",46.1300188801,7.0827705599,"inat","Cool Temperate","Moist","Cropland","Mountains","Cool Temperate Moist",33,102,5,"Cool Temperate Moist Cropland on Mountains","#216605",751
103,"Dactylorhiza sambucina",46.1252267,7.08177636,"inat","Cool Temperate","Moist","Cropland","Mountains","Cool Temperate Moist",33,102,5,"Cool Temperate Moist Cropland on Mountains","#216605",534
103,"Dactylorhiza sambucina",46.1300202,7.0827753999,"inat","Cool Temperate","Moist","Cropland","Mountains","Cool Temperate Moist",33,102,5,"Cool Temperate Moist Cropland on Mountains","#216605",751
103,"Dactylorhiza sambucina",46.13002104,7.0827784801,"inat","Cool Temperate","Moist","Cropland","Mountains","Cool Temperate Moist",33,102,5,"Cool Temperate Moist Cropland on Mountains","#216605",751
103,"Dactylorhiza sambucina",46.1300321999,7.082802,"inat","Cool Temperate","Moist","Cropland","Mountains","Cool Temperate Moist",33,102,5,"Cool Temperate Moist Cropland on Mountains","#216605",751
103,"Dactylorhiza sambucina",46.1291917199,7.0850431,"inat","Cool Temperate","Moist","Cropland","Mountains","Cool Temperate Moist",33,102,5,"Cool Temperate Moist Cropland on Mountains","#216605",683
103,"Dactylorhiza sambucina",46.1300754401,7.08288416,"inat","Cool Temperate","Moist","Cropland","Mountains","Cool Temperate Moist",33,102,5,"Cool Temperate Moist Cropland on Mountains","#216605",751
103,"Dactylorhiza sambucina",46.11843,7.08292,"gbif","Cool Temperate","Moist","Cropland","Mountains","Cool Temperate Moist",33,102,5,"Cool Temperate Moist Cropland on Mountains","#216605",451
103,"Dactylorhiza sambucina",46.11821,7.01824,"gbif","Cool Temperate","Moist","Cropland","Mountains","Cool Temperate Moist",33,102,5,"Cool Temperate Moist Cropland on Mountains","#216605",954
103,"Dactylorhiza sambucina",46.13007628,7.08288492,"inat","Cool Temperate","Moist","Cropland","Mountains","Cool Temperate Moist",33,102,5,"Cool Temperate Moist Cropland on Mountains","#216605",751
103,"Dactylorhiza sambucina",46.1300760699,7.08288473,"inat","Cool Temperate","Moist","Cropland","Mountains","Cool Temperate Moist",33,102,5,"Cool Temperate Moist Cropland on Mountains","#216605",751
103,"Dactylorhiza sambucina",46.12602175,7.08068325,"inat","Cool Temperate","Moist","Cropland","Mountains","Cool Temperate Moist",33,102,5,"Cool Temperate Moist Cropland on Mountains","#216605",696
103,"Dactylorhiza sambucina",46.11843,7.08292,"gbif","Cool Temperate","Moist","Cropland","Mountains","Cool Temperate Moist",33,102,5,"Cool Temperate Moist Cropland on Mountains","#216605",451
103,"Dactylorhiza sambucina",46.13040344,7.08353484,"inat","Cool Temperate","Moist","Cropland","Mountains","Cool Temperate Moist",33,102,5,"Cool Temperate Moist Cropland on Mountains","#216605",751
103,"Dactylorhiza sambucina",46.0821169437,7.1705501649,"inat","Cool Temperate","Moist","Cropland","Mountains","Cool Temperate Moist",33,102,5,"Cool Temperate Moist Cropland on Mountains","#216605",799
103,"Dactylorhiza sambucina",46.1304086899,7.08353897,"inat","Cool Temperate","Moist","Cropland","Mountains","Cool Temperate Moist",33,102,5,"Cool Temperate Moist Cropland on Mountains","#216605",751
103,"Dactylorhiza sambucina",46.13040956,7.08353966,"inat","Cool Temperate","Moist","Cropland","Mountains","Cool Temperate Moist",33,102,5,"Cool Temperate Moist Cropland on Mountains","#216605",751
103,"Dactylorhiza sambucina",46.12920997,7.08512634,"inat","Cool Temperate","Moist","Cropland","Mountains","Cool Temperate Moist",33,102,5,"Cool Temperate Moist Cropland on Mountains","#216605",683
103,"Dactylorhiza sambucina",46.125,7.0781666667,"inat","Cool Temperate","Moist","Cropland","Mountains","Cool Temperate Moist",33,102,5,"Cool Temperate Moist Cropland on Mountains","#216605",625
103,"Bombus terrestris",47.1473356775,6.9859873083,"inat","Cool Temperate","Moist","Cropland","Mountains","Cool Temperate Moist",33,102,5,"Cool Temperate Moist Cropland on Mountains","#216605",831
103,"Dactylorhiza sambucina",46.12992689,7.0820615601,"inat","Cool Temperate","Moist","Cropland","Mountains","Cool Temperate Moist",33,102,5,"Cool Temperate Moist Cropland on Mountains","#216605",751
103,"Bombus terrestris",47.414489,8.6835699722,"inat","Cool Temperate","Moist","Cropland","Mountains","Cool Temperate Moist",33,102,5,"Cool Temperate Moist Cropland on Mountains","#216605",512
103,"Bombus terrestris",46.7929229736,7.156150341,"inat","Cool Temperate","Moist","Cropland","Mountains","Cool Temperate Moist",33,102,5,"Cool Temperate Moist Cropland on Mountains","#216605",629
103,"Dactylorhiza sambucina",46.1261257099,7.08134444,"inat","Cool Temperate","Moist","Cropland","Mountains","Cool Temperate Moist",33,102,5,"Cool Temperate Moist Cropland on Mountains","#216605",630
103,"Dactylorhiza sambucina",46.13975292,7.05133564,"inat","Cool Temperate","Moist","Cropland","Mountains","Cool Temperate Moist",33,102,5,"Cool Temperate Moist Cropland on Mountains","#216605",482
103,"Dactylorhiza sambucina",46.1298883901,7.08192552,"inat","Cool Temperate","Moist","Cropland","Mountains","Cool Temperate Moist",33,102,5,"Cool Temperate Moist Cropland on Mountains","#216605",751
103,"Dactylorhiza sambucina",46.129931,7.082218,"inat","Cool Temperate","Moist","Cropland","Mountains","Cool Temperate Moist",33,102,5,"Cool Temperate Moist Cropland on Mountains","#216605",751
103,"Bombus terrestris",47.6571259822,9.1252967312,"inat","Cool Temperate","Moist","Cropland","Mountains","Cool Temperate Moist",33,102,5,"Cool Temperate Moist Cropland on Mountains","#216605",425
103,"Dactylorhiza sambucina",46.1299302,7.0822268,"inat","Cool Temperate","Moist","Cropland","Mountains","Cool Temperate Moist",33,102,5,"Cool Temperate Moist Cropland on Mountains","#216605",751
103,"Dactylorhiza sambucina",46.1274187394,7.0827144093,"inat","Cool Temperate","Moist","Cropland","Mountains","Cool Temperate Moist",33,102,5,"Cool Temperate Moist Cropland on Mountains","#216605",630
103,"Dactylorhiza sambucina",46.12507686,7.08031383,"inat","Cool Temperate","Moist","Cropland","Mountains","Cool Temperate Moist",33,102,5,"Cool Temperate Moist Cropland on Mountains","#216605",570
103,"Bombus terrestris",47.0251330997,7.4675137997,"inat","Cool Temperate","Moist","Cropland","Mountains","Cool Temperate Moist",33,102,5,"Cool Temperate Moist Cropland on Mountains","#216605",522
103,"Dactylorhiza sambucina",46.12508094,7.0803330001,"inat","Cool Temperate","Moist","Cropland","Mountains","Cool Temperate Moist",33,102,5,"Cool Temperate Moist Cropland on Mountains","#216605",570
103,"Dactylorhiza sambucina",46.1250840999,7.0803410001,"inat","Cool Temperate","Moist","Cropland","Mountains","Cool Temperate Moist",33,102,5,"Cool Temperate Moist Cropland on Mountains","#216605",570
103,"Bombus terrestris",46.9131222222,7.4462416667,"inat","Cool Temperate","Moist","Cropland","Mountains","Cool Temperate Moist",33,102,5,"Cool Temperate Moist Cropland on Mountains","#216605",797
103,"Dactylorhiza sambucina",46.1250869,7.080345,"inat","Cool Temperate","Moist","Cropland","Mountains","Cool Temperate Moist",33,102,5,"Cool Temperate Moist Cropland on Mountains","#216605",570
103,"Dactylorhiza sambucina",46.1250876,7.080346,"inat","Cool Temperate","Moist","Cropland","Mountains","Cool Temperate Moist",33,102,5,"Cool Temperate Moist Cropland on Mountains","#216605",570
103,"Bombus terrestris",46.5038376997,6.4767421,"inat","Cool Temperate","Moist","Cropland","Mountains","Cool Temperate Moist",33,102,5,"Cool Temperate Moist Cropland on Mountains","#216605",404
103,"Bombus terrestris",46.5242246191,6.6801260412,"inat","Cool Temperate","Moist","Cropland","Mountains","Cool Temperate Moist",33,102,5,"Cool Temperate Moist Cropland on Mountains","#216605",627
103,"Dactylorhiza sambucina",46.1300754401,7.08288416,"inat","Cool Temperate","Moist","Cropland","Mountains","Cool Temperate Moist",33,102,5,"Cool Temperate Moist Cropland on Mountains","#216605",751
103,"Bombus terrestris",46.8423621997,6.6813747,"inat","Cool Temperate","Moist","Cropland","Mountains","Cool Temperate Moist",33,102,5,"Cool Temperate Moist Cropland on Mountains","#216605",471
103,"Bombus terrestris",47.4207916667,9.3334866667,"inat","Cool Temperate","Moist","Cropland","Mountains","Cool Temperate Moist",33,102,5,"Cool Temperate Moist Cropland on Mountains","#216605",612
103,"Dactylorhiza sambucina",46.1275056833,7.0836357,"inat","Cool Temperate","Moist","Cropland","Mountains","Cool Temperate Moist",33,102,5,"Cool Temperate Moist Cropland on Mountains","#216605",566
103,"Dactylorhiza sambucina",46.1260865801,7.08121489,"inat","Cool Temperate","Moist","Cropland","Mountains","Cool Temperate Moist",33,102,5,"Cool Temperate Moist Cropland on Mountains","#216605",630
103,"Bombus terrestris",47.2572166667,8.7070166667,"inat","Cool Temperate","Moist","Cropland","Mountains","Cool Temperate Moist",33,102,5,"Cool Temperate Moist Cropland on Mountains","#216605",512
103,"Dactylorhiza sambucina",46.11843,7.08292,"gbif","Cool Temperate","Moist","Cropland","Mountains","Cool Temperate Moist",33,102,5,"Cool Temperate Moist Cropland on Mountains","#216605",451
103,"Dactylorhiza sambucina",46.1300679,7.082872,"inat","Cool Temperate","Moist","Cropland","Mountains","Cool Temperate Moist",33,102,5,"Cool Temperate Moist Cropland on Mountains","#216605",751
103,"Bombus terrestris",47.30927,9.4337833333,"inat","Cool Temperate","Moist","Cropland","Mountains","Cool Temperate Moist",33,102,5,"Cool Temperate Moist Cropland on Mountains","#216605",829
103,"Bombus terrestris",46.3396766472,6.1865311861,"inat","Cool Temperate","Moist","Cropland","Mountains","Cool Temperate Moist",33,102,5,"Cool Temperate Moist Cropland on Mountains","#216605",415
103,"Bombus terrestris",46.7928394997,7.1560566997,"inat","Cool Temperate","Moist","Cropland","Mountains","Cool Temperate Moist",33,102,5,"Cool Temperate Moist Cropland on Mountains","#216605",629
103,"Bombus terrestris",47.0806708373,7.8258280177,"inat","Cool Temperate","Moist","Cropland","Mountains","Cool Temperate Moist",33,102,5,"Cool Temperate Moist Cropland on Mountains","#216605",718
103,"Dactylorhiza sambucina",46.1292083,7.08512157,"inat","Cool Temperate","Moist","Cropland","Mountains","Cool Temperate Moist",33,102,5,"Cool Temperate Moist Cropland on Mountains","#216605",683
103,"Dactylorhiza sambucina",46.12918145,7.08502194,"inat","Cool Temperate","Moist","Cropland","Mountains","Cool Temperate Moist",33,102,5,"Cool Temperate Moist Cropland on Mountains","#216605",683
103,"Dactylorhiza sambucina",46.3446525833,7.6718741296,"inat","Cool Temperate","Moist","Cropland","Mountains","Cool Temperate Moist",33,102,5,"Cool Temperate Moist Cropland on Mountains","#216605",2173
103,"Dactylorhiza sambucina",46.12602083,7.0806475,"inat","Cool Temperate","Moist","Cropland","Mountains","Cool Temperate Moist",33,102,5,"Cool Temperate Moist Cropland on Mountains","#216605",696
103,"Bombus terrestris",47.0751669157,7.3427852243,"inat","Cool Temperate","Moist","Cropland","Mountains","Cool Temperate Moist",33,102,5,"Cool Temperate Moist Cropland on Mountains","#216605",532
103,"Dactylorhiza sambucina",46.1292579001,7.0852622,"inat","Cool Temperate","Moist","Cropland","Mountains","Cool Temperate Moist",33,102,5,"Cool Temperate Moist Cropland on Mountains","#216605",683
103,"Dactylorhiza sambucina",46.11843,7.08292,"gbif","Cool Temperate","Moist","Cropland","Mountains","Cool Temperate Moist",33,102,5,"Cool Temperate Moist Cropland on Mountains","#216605",451
103,"Bombus terrestris",47.4670562744,9.5537576675,"inat","Cool Temperate","Moist","Cropland","Mountains","Cool Temperate Moist",33,102,5,"Cool Temperate Moist Cropland on Mountains","#216605",458
103,"Bombus terrestris",47.5986705229,9.0350794418,"inat","Cool Temperate","Moist","Cropland","Mountains","Cool Temperate Moist",33,102,5,"Cool Temperate Moist Cropland on Mountains","#216605",433
103,"Dactylorhiza sambucina",46.1292096601,7.08512545,"inat","Cool Temperate","Moist","Cropland","Mountains","Cool Temperate Moist",33,102,5,"Cool Temperate Moist Cropland on Mountains","#216605",683
103,"Dactylorhiza sambucina",46.12610211,7.08130786,"inat","Cool Temperate","Moist","Cropland","Mountains","Cool Temperate Moist",33,102,5,"Cool Temperate Moist Cropland on Mountains","#216605",630
103,"Dactylorhiza sambucina",46.12992822,7.08206689,"inat","Cool Temperate","Moist","Cropland","Mountains","Cool Temperate Moist",33,102,5,"Cool Temperate Moist Cropland on Mountains","#216605",751
103,"Dactylorhiza sambucina",46.12608094,7.08117213,"inat","Cool Temperate","Moist","Cropland","Mountains","Cool Temperate Moist",33,102,5,"Cool Temperate Moist Cropland on Mountains","#216605",630
103,"Dactylorhiza sambucina",46.12998011,7.08263556,"inat","Cool Temperate","Moist","Cropland","Mountains","Cool Temperate Moist",33,102,5,"Cool Temperate Moist Cropland on Mountains","#216605",751
103,"Dactylorhiza sambucina",46.13974519,7.05130018,"inat","Cool Temperate","Moist","Cropland","Mountains","Cool Temperate Moist",33,102,5,"Cool Temperate Moist Cropland on Mountains","#216605",482
103,"Bombus terrestris",47.2690474784,8.6877495142,"inat","Cool Temperate","Moist","Cropland","Mountains","Cool Temperate Moist",33,102,5,"Cool Temperate Moist Cropland on Mountains","#216605",533
103,"Dactylorhiza sambucina",46.1286510101,7.08548418,"inat","Cool Temperate","Moist","Cropland","Mountains","Cool Temperate Moist",33,102,5,"Cool Temperate Moist Cropland on Mountains","#216605",683
103,"Dactylorhiza sambucina",46.1283656,7.0852148,"inat","Cool Temperate","Moist","Cropland","Mountains","Cool Temperate Moist",33,102,5,"Cool Temperate Moist Cropland on Mountains","#216605",683
103,"Dactylorhiza sambucina",46.1291968,7.085093,"inat","Cool Temperate","Moist","Cropland","Mountains","Cool Temperate Moist",33,102,5,"Cool Temperate Moist Cropland on Mountains","#216605",683
103,"Bombus terrestris",47.578791,8.886038,"inat","Cool Temperate","Moist","Cropland","Mountains","Cool Temperate Moist",33,102,5,"Cool Temperate Moist Cropland on Mountains","#216605",391
103,"Dactylorhiza sambucina",46.1249094503,7.0782278851,"inat","Cool Temperate","Moist","Cropland","Mountains","Cool Temperate Moist",33,102,5,"Cool Temperate Moist Cropland on Mountains","#216605",625
103,"Dactylorhiza sambucina",46.1254493299,7.0787226146,"inat","Cool Temperate","Moist","Cropland","Mountains","Cool Temperate Moist",33,102,5,"Cool Temperate Moist Cropland on Mountains","#216605",570
103,"Bombus terrestris",46.4008366667,6.1941616667,"inat","Cool Temperate","Moist","Cropland","Mountains","Cool Temperate Moist",33,102,5,"Cool Temperate Moist Cropland on Mountains","#216605",493
103,"Dactylorhiza sambucina",46.12608275,7.08118583,"inat","Cool Temperate","Moist","Cropland","Mountains","Cool Temperate Moist",33,102,5,"Cool Temperate Moist Cropland on Mountains","#216605",630
103,"Bombus terrestris",47.3273053476,7.9738697848,"inat","Cool Temperate","Moist","Cropland","Mountains","Cool Temperate Moist",33,102,5,"Cool Temperate Moist Cropland on Mountains","#216605",494
103,"Bombus terrestris",47.2792561654,8.532552311,"inat","Cool Temperate","Moist","Cropland","Mountains","Cool Temperate Moist",33,102,5,"Cool Temperate Moist Cropland on Mountains","#216605",592
103,"Bombus terrestris",47.3006541812,7.9683380965,"inat","Cool Temperate","Moist","Cropland","Mountains","Cool Temperate Moist",33,102,5,"Cool Temperate Moist Cropland on Mountains","#216605",524
103,"Dactylorhiza sambucina",46.13002104,7.0827784801,"inat","Cool Temperate","Moist","Cropland","Mountains","Cool Temperate Moist",33,102,5,"Cool Temperate Moist Cropland on Mountains","#216605",751
103,"Bombus terrestris",47.4018864471,8.1659773087,"inat","Cool Temperate","Moist","Cropland","Mountains","Cool Temperate Moist",33,102,5,"Cool Temperate Moist Cropland on Mountains","#216605",391
103,"Dactylorhiza sambucina",46.11843,7.08292,"gbif","Cool Temperate","Moist","Cropland","Mountains","Cool Temperate Moist",33,102,5,"Cool Temperate Moist Cropland on Mountains","#216605",451
103,"Dactylorhiza sambucina",46.12784719,7.0654200201,"inat","Cool Temperate","Moist","Cropland","Mountains","Cool Temperate Moist",33,102,5,"Cool Temperate Moist Cropland on Mountains","#216605",480
103,"Bombus terrestris",47.4443992893,8.1041273109,"inat","Cool Temperate","Moist","Cropland","Mountains","Cool Temperate Moist",33,102,5,"Cool Temperate Moist Cropland on Mountains","#216605",558
103,"Bombus terrestris",47.4834327697,8.1720056533,"inat","Cool Temperate","Moist","Cropland","Mountains","Cool Temperate Moist",33,102,5,"Cool Temperate Moist Cropland on Mountains","#216605",482
103,"Dactylorhiza sambucina",46.12920203,7.08505184,"inat","Cool Temperate","Moist","Cropland","Mountains","Cool Temperate Moist",33,102,5,"Cool Temperate Moist Cropland on Mountains","#216605",683
103,"Dactylorhiza sambucina",46.3361133333,7.656725,"inat","Cool Temperate","Moist","Cropland","Mountains","Cool Temperate Moist",33,102,5,"Cool Temperate Moist Cropland on Mountains","#216605",1775
103,"Dactylorhiza sambucina",46.1291617199,7.08274154,"inat","Cool Temperate","Moist","Cropland","Mountains","Cool Temperate Moist",33,102,5,"Cool Temperate Moist Cropland on Mountains","#216605",751
103,"Bombus terrestris",46.588655,6.6119083333,"inat","Cool Temperate","Moist","Cropland","Mountains","Cool Temperate Moist",33,102,5,"Cool Temperate Moist Cropland on Mountains","#216605",634
103,"Bombus terrestris",46.3740119934,6.1680278778,"inat","Cool Temperate","Moist","Cropland","Mountains","Cool Temperate Moist",33,102,5,"Cool Temperate Moist Cropland on Mountains","#216605",471
103,"Dactylorhiza sambucina",46.12635593,7.08164116,"inat","Cool Temperate","Moist","Cropland","Mountains","Cool Temperate Moist",33,102,5,"Cool Temperate Moist Cropland on Mountains","#216605",630
103,"Dactylorhiza sambucina",46.12498909,7.0796004801,"inat","Cool Temperate","Moist","Cropland","Mountains","Cool Temperate Moist",33,102,5,"Cool Temperate Moist Cropland on Mountains","#216605",570
103,"Bombus terrestris",46.8298457631,7.1949700266,"inat","Cool Temperate","Moist","Cropland","Mountains","Cool Temperate Moist",33,102,5,"Cool Temperate Moist Cropland on Mountains","#216605",669
103,"Dactylorhiza sambucina",46.1300766,7.0828852,"inat","Cool Temperate","Moist","Cropland","Mountains","Cool Temperate Moist",33,102,5,"Cool Temperate Moist Cropland on Mountains","#216605",751
103,"Dactylorhiza sambucina",46.47105833,6.1065945,"inat","Cool Temperate","Moist","Cropland","Mountains","Cool Temperate Moist",33,102,5,"Cool Temperate Moist Cropland on Mountains","#216605",1296
103,"Dactylorhiza sambucina",46.12918083,7.08501798,"inat","Cool Temperate","Moist","Cropland","Mountains","Cool Temperate Moist",33,102,5,"Cool Temperate Moist Cropland on Mountains","#216605",683
103,"Bombus terrestris",46.8361908646,7.5788360462,"inat","Cool Temperate","Moist","Cropland","Mountains","Cool Temperate Moist",33,102,5,"Cool Temperate Moist Cropland on Mountains","#216605",549
103,"Dactylorhiza sambucina",46.12916582,7.08280491,"inat","Cool Temperate","Moist","Cropland","Mountains","Cool Temperate Moist",33,102,5,"Cool Temperate Moist Cropland on Mountains","#216605",751
103,"Dactylorhiza sambucina",46.12610352,7.08130977,"inat","Cool Temperate","Moist","Cropland","Mountains","Cool Temperate Moist",33,102,5,"Cool Temperate Moist Cropland on Mountains","#216605",630
103,"Dactylorhiza sambucina",46.12608188,7.08117925,"inat","Cool Temperate","Moist","Cropland","Mountains","Cool Temperate Moist",33,102,5,"Cool Temperate Moist Cropland on Mountains","#216605",630
103,"Dactylorhiza sambucina",46.12713149,7.0827006599,"inat","Cool Temperate","Moist","Cropland","Mountains","Cool Temperate Moist",33,102,5,"Cool Temperate Moist Cropland on Mountains","#216605",630
103,"Dactylorhiza sambucina",46.1260033333,7.0797483333,"inat","Cool Temperate","Moist","Cropland","Mountains","Cool Temperate Moist",33,102,5,"Cool Temperate Moist Cropland on Mountains","#216605",696
103,"Dactylorhiza sambucina",46.1258138333,7.0797695,"inat","Cool Temperate","Moist","Cropland","Mountains","Cool Temperate Moist",33,102,5,"Cool Temperate Moist Cropland on Mountains","#216605",570
103,"Bombus terrestris",46.9927633333,7.46697,"inat","Cool Temperate","Moist","Cropland","Mountains","Cool Temperate Moist",33,102,5,"Cool Temperate Moist Cropland on Mountains","#216605",566
103,"Dactylorhiza sambucina",46.1299295999,7.0822333999,"inat","Cool Temperate","Moist","Cropland","Mountains","Cool Temperate Moist",33,102,5,"Cool Temperate Moist Cropland on Mountains","#216605",751
103,"Dactylorhiza sambucina",46.1300202,7.0827753999,"inat","Cool Temperate","Moist","Cropland","Mountains","Cool Temperate Moist",33,102,5,"Cool Temperate Moist Cropland on Mountains","#216605",751
103,"Dactylorhiza sambucina",46.12993541,7.08215359,"inat","Cool Temperate","Moist","Cropland","Mountains","Cool Temperate Moist",33,102,5,"Cool Temperate Moist Cropland on Mountains","#216605",751
103,"Dactylorhiza sambucina",46.12604778,7.08104285,"inat","Cool Temperate","Moist","Cropland","Mountains","Cool Temperate Moist",33,102,5,"Cool Temperate Moist Cropland on Mountains","#216605",696
103,"Bombus terrestris",47.4192116667,9.3302283333,"inat","Cool Temperate","Moist","Cropland","Mountains","Cool Temperate Moist",33,102,5,"Cool Temperate Moist Cropland on Mountains","#216605",634
103,"Dactylorhiza sambucina",46.1260636699,7.0811008601,"inat","Cool Temperate","Moist","Cropland","Mountains","Cool Temperate Moist",33,102,5,"Cool Temperate Moist Cropland on Mountains","#216605",696
103,"Dactylorhiza sambucina",46.1292060999,7.0851153,"inat","Cool Temperate","Moist","Cropland","Mountains","Cool Temperate Moist",33,102,5,"Cool Temperate Moist Cropland on Mountains","#216605",683
103,"Dactylorhiza sambucina",46.47105833,6.1066195,"inat","Cool Temperate","Moist","Cropland","Mountains","Cool Temperate Moist",33,102,5,"Cool Temperate Moist Cropland on Mountains","#216605",1296
103,"Dactylorhiza sambucina",46.129934,7.08212133,"inat","Cool Temperate","Moist","Cropland","Mountains","Cool Temperate Moist",33,102,5,"Cool Temperate Moist Cropland on Mountains","#216605",751
103,"Dactylorhiza sambucina",46.1286215244,7.0873056146,"inat","Cool Temperate","Moist","Cropland","Mountains","Cool Temperate Moist",33,102,5,"Cool Temperate Moist Cropland on Mountains","#216605",620
103,"Dactylorhiza sambucina",46.12498973,7.0795875501,"inat","Cool Temperate","Moist","Cropland","Mountains","Cool Temperate Moist",33,102,5,"Cool Temperate Moist Cropland on Mountains","#216605",570
103,"Dactylorhiza sambucina",46.12608398,7.0811951501,"inat","Cool Temperate","Moist","Cropland","Mountains","Cool Temperate Moist",33,102,5,"Cool Temperate Moist Cropland on Mountains","#216605",630
103,"Dactylorhiza sambucina",46.1299302,7.0822268,"inat","Cool Temperate","Moist","Cropland","Mountains","Cool Temperate Moist",33,102,5,"Cool Temperate Moist Cropland on Mountains","#216605",751
103,"Dactylorhiza sambucina",46.13007554,7.08288426,"inat","Cool Temperate","Moist","Cropland","Mountains","Cool Temperate Moist",33,102,5,"Cool Temperate Moist Cropland on Mountains","#216605",751
103,"Bombus terrestris",46.5224571228,6.5755963326,"inat","Cool Temperate","Moist","Cropland","Mountains","Cool Temperate Moist",33,102,5,"Cool Temperate Moist Cropland on Mountains","#216605",397
103,"Dactylorhiza sambucina",46.12855319,7.0853968,"inat","Cool Temperate","Moist","Cropland","Mountains","Cool Temperate Moist",33,102,5,"Cool Temperate Moist Cropland on Mountains","#216605",683
103,"Dactylorhiza sambucina",46.13007575,7.08288445,"inat","Cool Temperate","Moist","Cropland","Mountains","Cool Temperate Moist",33,102,5,"Cool Temperate Moist Cropland on Mountains","#216605",751
103,"Bombus terrestris",47.3339010053,8.5087723285,"inat","Cool Temperate","Moist","Cropland","Mountains","Cool Temperate Moist",33,102,5,"Cool Temperate Moist Cropland on Mountains","#216605",576
103,"Bombus terrestris",47.4276181896,7.7610852775,"inat","Cool Temperate","Moist","Cropland","Mountains","Cool Temperate Moist",33,102,5,"Cool Temperate Moist Cropland on Mountains","#216605",545
103,"Dactylorhiza sambucina",46.1250875,7.0803528001,"inat","Cool Temperate","Moist","Cropland","Mountains","Cool Temperate Moist",33,102,5,"Cool Temperate Moist Cropland on Mountains","#216605",570
103,"Bombus terrestris",47.4759334,9.1867441,"inat","Cool Temperate","Moist","Cropland","Mountains","Cool Temperate Moist",33,102,5,"Cool Temperate Moist Cropland on Mountains","#216605",585
103,"Dactylorhiza sambucina",46.12608463,7.0812000801,"inat","Cool Temperate","Moist","Cropland","Mountains","Cool Temperate Moist",33,102,5,"Cool Temperate Moist Cropland on Mountains","#216605",630
103,"Bombus terrestris",46.7928237915,7.156226635,"inat","Cool Temperate","Moist","Cropland","Mountains","Cool Temperate Moist",33,102,5,"Cool Temperate Moist Cropland on Mountains","#216605",629
103,"Dactylorhiza sambucina",46.12507651,7.08031217,"inat","Cool Temperate","Moist","Cropland","Mountains","Cool Temperate Moist",33,102,5,"Cool Temperate Moist Cropland on Mountains","#216605",570
103,"Dactylorhiza sambucina",46.11843,7.08292,"gbif","Cool Temperate","Moist","Cropland","Mountains","Cool Temperate Moist",33,102,5,"Cool Temperate Moist Cropland on Mountains","#216605",451
103,"Bombus terrestris",46.6577449967,6.4963038638,"inat","Cool Temperate","Moist","Cropland","Mountains","Cool Temperate Moist",33,102,5,"Cool Temperate Moist Cropland on Mountains","#216605",534
103,"Dactylorhiza sambucina",46.129931,7.082218,"inat","Cool Temperate","Moist","Cropland","Mountains","Cool Temperate Moist",33,102,5,"Cool Temperate Moist Cropland on Mountains","#216605",751
103,"Bombus terrestris",47.4176819139,7.7148879762,"inat","Cool Temperate","Moist","Cropland","Mountains","Cool Temperate Moist",33,102,5,"Cool Temperate Moist Cropland on Mountains","#216605",655
103,"Bombus terrestris",46.2360967309,6.0708035725,"inat","Cool Temperate","Moist","Cropland","Mountains","Cool Temperate Moist",33,102,5,"Cool Temperate Moist Cropland on Mountains","#216605",414
103,"Dactylorhiza sambucina",46.1998922999,7.0046024951,"inat","Cool Temperate","Moist","Cropland","Mountains","Cool Temperate Moist",33,102,5,"Cool Temperate Moist Cropland on Mountains","#216605",421
103,"Dactylorhiza sambucina",46.12993424,7.08217076,"inat","Cool Temperate","Moist","Cropland","Mountains","Cool Temperate Moist",33,102,5,"Cool Temperate Moist Cropland on Mountains","#216605",751
103,"Dactylorhiza sambucina",46.1300679,7.082872,"inat","Cool Temperate","Moist","Cropland","Mountains","Cool Temperate Moist",33,102,5,"Cool Temperate Moist Cropland on Mountains","#216605",751
103,"Dactylorhiza sambucina",46.1304073799,7.08353794,"inat","Cool Temperate","Moist","Cropland","Mountains","Cool Temperate Moist",33,102,5,"Cool Temperate Moist Cropland on Mountains","#216605",751
103,"Dactylorhiza sambucina",46.1291593999,7.0850032,"inat","Cool Temperate","Moist","Cropland","Mountains","Cool Temperate Moist",33,102,5,"Cool Temperate Moist Cropland on Mountains","#216605",683
103,"Dactylorhiza sambucina",46.1255944444,7.0794444444,"inat","Cool Temperate","Moist","Cropland","Mountains","Cool Temperate Moist",33,102,5,"Cool Temperate Moist Cropland on Mountains","#216605",570
103,"Dactylorhiza sambucina",46.12998011,7.08263556,"inat","Cool Temperate","Moist","Cropland","Mountains","Cool Temperate Moist",33,102,5,"Cool Temperate Moist Cropland on Mountains","#216605",751
103,"Dactylorhiza sambucina",46.1255083333,7.0795277778,"inat","Cool Temperate","Moist","Cropland","Mountains","Cool Temperate Moist",33,102,5,"Cool Temperate Moist Cropland on Mountains","#216605",570
103,"Dactylorhiza sambucina",46.1291830201,7.08503183,"inat","Cool Temperate","Moist","Cropland","Mountains","Cool Temperate Moist",33,102,5,"Cool Temperate Moist Cropland on Mountains","#216605",683
103,"Bombus terrestris",47.1296035857,9.2158498988,"inat","Cool Temperate","Moist","Cropland","Mountains","Cool Temperate Moist",33,102,5,"Cool Temperate Moist Cropland on Mountains","#216605",513
103,"Bombus terrestris",47.3486237938,8.5174220117,"inat","Cool Temperate","Moist","Cropland","Mountains","Cool Temperate Moist",33,102,5,"Cool Temperate Moist Cropland on Mountains","#216605",437
103,"Bombus terrestris",46.8113106,7.5145406,"inat","Cool Temperate","Moist","Cropland","Mountains","Cool Temperate Moist",33,102,5,"Cool Temperate Moist Cropland on Mountains","#216605",547
103,"Dactylorhiza sambucina",46.1291742299,7.08277916,"inat","Cool Temperate","Moist","Cropland","Mountains","Cool Temperate Moist",33,102,5,"Cool Temperate Moist Cropland on Mountains","#216605",751
103,"Bombus terrestris",47.4718751101,8.1301367152,"inat","Cool Temperate","Moist","Cropland","Mountains","Cool Temperate Moist",33,102,5,"Cool Temperate Moist Cropland on Mountains","#216605",575
103,"Bombus terrestris",46.5848888889,7.0830388889,"inat","Cool Temperate","Moist","Cropland","Mountains","Cool Temperate Moist",33,102,5,"Cool Temperate Moist Cropland on Mountains","#216605",770
103,"Dactylorhiza sambucina",46.11843,7.08292,"gbif","Cool Temperate","Moist","Cropland","Mountains","Cool Temperate Moist",33,102,5,"Cool Temperate Moist Cropland on Mountains","#216605",451
103,"Dactylorhiza sambucina",46.11843,7.08292,"gbif","Cool Temperate","Moist","Cropland","Mountains","Cool Temperate Moist",33,102,5,"Cool Temperate Moist Cropland on Mountains","#216605",451
103,"Dactylorhiza sambucina",46.12497043,7.07854113,"inat","Cool Temperate","Moist","Cropland","Mountains","Cool Temperate Moist",33,102,5,"Cool Temperate Moist Cropland on Mountains","#216605",625
103,"Dactylorhiza sambucina",46.13989395,7.050641,"inat","Cool Temperate","Moist","Cropland","Mountains","Cool Temperate Moist",33,102,5,"Cool Temperate Moist Cropland on Mountains","#216605",482
103,"Bombus terrestris",47.5711438319,8.2350448836,"inat","Cool Temperate","Moist","Cropland","Mountains","Cool Temperate Moist",33,102,5,"Cool Temperate Moist Cropland on Mountains","#216605",330
103,"Dactylorhiza sambucina",46.1266975826,7.08202824,"inat","Cool Temperate","Moist","Cropland","Mountains","Cool Temperate Moist",33,102,5,"Cool Temperate Moist Cropland on Mountains","#216605",630
103,"Dactylorhiza sambucina",46.12916,7.085005,"inat","Cool Temperate","Moist","Cropland","Mountains","Cool Temperate Moist",33,102,5,"Cool Temperate Moist Cropland on Mountains","#216605",683
103,"Dactylorhiza sambucina",46.1304130001,7.0835466,"inat","Cool Temperate","Moist","Cropland","Mountains","Cool Temperate Moist",33,102,5,"Cool Temperate Moist Cropland on Mountains","#216605",751
103,"Dactylorhiza sambucina",46.12601694,7.08062341,"inat","Cool Temperate","Moist","Cropland","Mountains","Cool Temperate Moist",33,102,5,"Cool Temperate Moist Cropland on Mountains","#216605",696
103,"Dactylorhiza sambucina",46.1292130001,7.085135,"inat","Cool Temperate","Moist","Cropland","Mountains","Cool Temperate Moist",33,102,5,"Cool Temperate Moist Cropland on Mountains","#216605",683
103,"Dactylorhiza sambucina",46.1304021301,7.08353381,"inat","Cool Temperate","Moist","Cropland","Mountains","Cool Temperate Moist",33,102,5,"Cool Temperate Moist Cropland on Mountains","#216605",751
103,"Dactylorhiza sambucina",46.1291583599,7.0827894,"inat","Cool Temperate","Moist","Cropland","Mountains","Cool Temperate Moist",33,102,5,"Cool Temperate Moist Cropland on Mountains","#216605",751
105,"Bombus terrestris",47.5702228311,7.6505124787,"inat","Cool Temperate","Moist","Forest","Hills","Cool Temperate Moist",2,99,1,"Cool Temperate Moist Forest on Hills","#026301",332
105,"Bombus terrestris",47.6273061599,9.21007082,"inat","Cool Temperate","Moist","Forest","Hills","Cool Temperate Moist",2,99,1,"Cool Temperate Moist Forest on Hills","#026301",471
105,"Bombus terrestris",46.22042704,6.15110342,"inat","Cool Temperate","Moist","Forest","Hills","Cool Temperate Moist",2,99,1,"Cool Temperate Moist Forest on Hills","#026301",383
105,"Bombus terrestris",47.570275,7.6506283333,"inat","Cool Temperate","Moist","Forest","Hills","Cool Temperate Moist",2,99,1,"Cool Temperate Moist Forest on Hills","#026301",332
105,"Bombus terrestris",47.5702283333,7.65052,"inat","Cool Temperate","Moist","Forest","Hills","Cool Temperate Moist",2,99,1,"Cool Temperate Moist Forest on Hills","#026301",332
107,"Dactylorhiza sambucina",46.5209094901,8.6860624887,"inat","Cool Temperate","Moist","Grassland","Mountains","Cool Temperate Moist",26,83,0,"Cool Temperate Moist Grassland on Mountains","#1A5300",1331
107,"Dactylorhiza sambucina",46.12933194,7.08025129,"inat","Cool Temperate","Moist","Grassland","Mountains","Cool Temperate Moist",26,83,0,"Cool Temperate Moist Grassland on Mountains","#1A5300",839
107,"Dactylorhiza sambucina",46.0747403665,7.1418306794,"inat","Cool Temperate","Moist","Grassland","Mountains","Cool Temperate Moist",26,83,0,"Cool Temperate Moist Grassland on Mountains","#1A5300",769
107,"Dactylorhiza sambucina",46.5343477927,8.3495309204,"inat","Cool Temperate","Moist","Grassland","Mountains","Cool Temperate Moist",26,83,0,"Cool Temperate Moist Grassland on Mountains","#1A5300",1381
107,"Dactylorhiza sambucina",46.1371411926,7.0933918026,"inat","Cool Temperate","Moist","Grassland","Mountains","Cool Temperate Moist",26,83,0,"Cool Temperate Moist Grassland on Mountains","#1A5300",838
107,"Bombus terrestris",47.4834166667,9.1828716667,"inat","Cool Temperate","Moist","Grassland","Mountains","Cool Temperate Moist",26,83,0,"Cool Temperate Moist Grassland on Mountains","#1A5300",567
107,"Dactylorhiza sambucina",46.29813,7.86044,"gbif","Cool Temperate","Moist","Grassland","Mountains","Cool Temperate Moist",26,83,0,"Cool Temperate Moist Grassland on Mountains","#1A5300",683
107,"Dactylorhiza sambucina",46.1636,7.14736,"gbif","Cool Temperate","Moist","Grassland","Mountains","Cool Temperate Moist",26,83,0,"Cool Temperate Moist Grassland on Mountains","#1A5300",1151
107,"Dactylorhiza sambucina",46.0861528333,7.1803883333,"inat","Cool Temperate","Moist","Grassland","Mountains","Cool Temperate Moist",26,83,0,"Cool Temperate Moist Grassland on Mountains","#1A5300",830
107,"Dactylorhiza sambucina",46.69584,8.77878,"gbif","Cool Temperate","Moist","Grassland","Mountains","Cool Temperate Moist",26,83,0,"Cool Temperate Moist Grassland on Mountains","#1A5300",1979
107,"Dactylorhiza sambucina",46.346225,6.7914583333,"inat","Cool Temperate","Moist","Grassland","Mountains","Cool Temperate Moist",26,83,0,"Cool Temperate Moist Grassland on Mountains","#1A5300",1842
107,"Dactylorhiza sambucina",46.5092277778,7.2698702778,"inat","Cool Temperate","Moist","Grassland","Mountains","Cool Temperate Moist",26,83,0,"Cool Temperate Moist Grassland on Mountains","#1A5300",1635
107,"Dactylorhiza sambucina",46.5204,8.31829,"gbif","Cool Temperate","Moist","Grassland","Mountains","Cool Temperate Moist",26,83,0,"Cool Temperate Moist Grassland on Mountains","#1A5300",1600
107,"Dactylorhiza sambucina",46.41152363,7.7699867,"inat","Cool Temperate","Moist","Grassland","Mountains","Cool Temperate Moist",26,83,0,"Cool Temperate Moist Grassland on Mountains","#1A5300",2006
107,"Dactylorhiza sambucina",46.5323133333,8.589305,"inat","Cool Temperate","Moist","Grassland","Mountains","Cool Temperate Moist",26,83,0,"Cool Temperate Moist Grassland on Mountains","#1A5300",1438
107,"Dactylorhiza sambucina",46.1282694444,7.1482111111,"inat","Cool Temperate","Moist","Grassland","Mountains","Cool Temperate Moist",26,83,0,"Cool Temperate Moist Grassland on Mountains","#1A5300",602
107,"Dactylorhiza sambucina",46.3454400599,7.72633712,"inat","Cool Temperate","Moist","Grassland","Mountains","Cool Temperate Moist",26,83,0,"Cool Temperate Moist Grassland on Mountains","#1A5300",2113
107,"Bombus terrestris",46.80717,10.24205,"inat","Cool Temperate","Moist","Grassland","Mountains","Cool Temperate Moist",26,83,0,"Cool Temperate Moist Grassland on Mountains","#1A5300",2111
107,"Dactylorhiza sambucina",46.47591,8.25246,"gbif","Cool Temperate","Moist","Grassland","Mountains","Cool Temperate Moist",26,83,0,"Cool Temperate Moist Grassland on Mountains","#1A5300",1333
107,"Dactylorhiza sambucina",46.29813,7.86044,"gbif","Cool Temperate","Moist","Grassland","Mountains","Cool Temperate Moist",26,83,0,"Cool Temperate Moist Grassland on Mountains","#1A5300",683
107,"Bombus terrestris",47.2014071811,8.6792423185,"inat","Cool Temperate","Moist","Grassland","Mountains","Cool Temperate Moist",26,83,0,"Cool Temperate Moist Grassland on Mountains","#1A5300",592
107,"Dactylorhiza sambucina",46.3547396971,6.7914269865,"inat","Cool Temperate","Moist","Grassland","Mountains","Cool Temperate Moist",26,83,0,"Cool Temperate Moist Grassland on Mountains","#1A5300",1632
107,"Dactylorhiza sambucina",46.5519666667,7.3323783333,"inat","Cool Temperate","Moist","Grassland","Mountains","Cool Temperate Moist",26,83,0,"Cool Temperate Moist Grassland on Mountains","#1A5300",1679
107,"Dactylorhiza sambucina",46.1282055,7.148275,"inat","Cool Temperate","Moist","Grassland","Mountains","Cool Temperate Moist",26,83,0,"Cool Temperate Moist Grassland on Mountains","#1A5300",602
107,"Dactylorhiza sambucina",46.38682,8.12112,"gbif","Cool Temperate","Moist","Grassland","Mountains","Cool Temperate Moist",26,83,0,"Cool Temperate Moist Grassland on Mountains","#1A5300",1026
107,"Dactylorhiza sambucina",46.128855,7.081556,"inat","Cool Temperate","Moist","Grassland","Mountains","Cool Temperate Moist",26,83,0,"Cool Temperate Moist Grassland on Mountains","#1A5300",751
107,"Bombus terrestris",47.2142401738,8.9860653857,"inat","Cool Temperate","Moist","Grassland","Mountains","Cool Temperate Moist",26,83,0,"Cool Temperate Moist Grassland on Mountains","#1A5300",405
107,"Dactylorhiza sambucina",46.3802935606,8.0973321604,"inat","Cool Temperate","Moist","Grassland","Mountains","Cool Temperate Moist",26,83,0,"Cool Temperate Moist Grassland on Mountains","#1A5300",1056
107,"Bombus terrestris",46.5774531713,7.9127945661,"inat","Cool Temperate","Moist","Grassland","Mountains","Cool Temperate Moist",26,83,0,"Cool Temperate Moist Grassland on Mountains","#1A5300",807
107,"Dactylorhiza sambucina",46.129396,7.0802927999,"inat","Cool Temperate","Moist","Grassland","Mountains","Cool Temperate Moist",26,83,0,"Cool Temperate Moist Grassland on Mountains","#1A5300",839
107,"Bombus terrestris",47.4487213344,7.5225829039,"inat","Cool Temperate","Moist","Grassland","Mountains","Cool Temperate Moist",26,83,0,"Cool Temperate Moist Grassland on Mountains","#1A5300",515
107,"Dactylorhiza sambucina",46.129077,7.079437,"inat","Cool Temperate","Moist","Grassland","Mountains","Cool Temperate Moist",26,83,0,"Cool Temperate Moist Grassland on Mountains","#1A5300",839
107,"Dactylorhiza sambucina",46.3811264036,8.0349121092,"inat","Cool Temperate","Moist","Grassland","Mountains","Cool Temperate Moist",26,83,0,"Cool Temperate Moist Grassland on Mountains","#1A5300",1971
107,"Dactylorhiza sambucina",46.4535352997,8.2157420997,"inat","Cool Temperate","Moist","Grassland","Mountains","Cool Temperate Moist",26,83,0,"Cool Temperate Moist Grassland on Mountains","#1A5300",1302
107,"Dactylorhiza sambucina",46.2824668884,8.486700058,"inat","Cool Temperate","Moist","Grassland","Mountains","Cool Temperate Moist",26,83,0,"Cool Temperate Moist Grassland on Mountains","#1A5300",1398
107,"Dactylorhiza sambucina",46.1296693001,7.0813699,"inat","Cool Temperate","Moist","Grassland","Mountains","Cool Temperate Moist",26,83,0,"Cool Temperate Moist Grassland on Mountains","#1A5300",751
107,"Dactylorhiza sambucina",46.4116779067,7.7679837495,"inat","Cool Temperate","Moist","Grassland","Mountains","Cool Temperate Moist",26,83,0,"Cool Temperate Moist Grassland on Mountains","#1A5300",2040
107,"Dactylorhiza sambucina",46.479675,6.11186383,"inat","Cool Temperate","Moist","Grassland","Mountains","Cool Temperate Moist",26,83,0,"Cool Temperate Moist Grassland on Mountains","#1A5300",1483
107,"Bombus terrestris",47.4372116667,9.253745,"inat","Cool Temperate","Moist","Grassland","Mountains","Cool Temperate Moist",26,83,0,"Cool Temperate Moist Grassland on Mountains","#1A5300",630
107,"Dactylorhiza sambucina",46.1410741812,7.0913513484,"inat","Cool Temperate","Moist","Grassland","Mountains","Cool Temperate Moist",26,83,0,"Cool Temperate Moist Grassland on Mountains","#1A5300",1045
107,"Dactylorhiza sambucina",46.3703193665,8.2158489227,"inat","Cool Temperate","Moist","Grassland","Mountains","Cool Temperate Moist",26,83,0,"Cool Temperate Moist Grassland on Mountains","#1A5300",1571
107,"Dactylorhiza sambucina",46.4309044193,6.0999148766,"inat","Cool Temperate","Moist","Grassland","Mountains","Cool Temperate Moist",26,83,0,"Cool Temperate Moist Grassland on Mountains","#1A5300",1550
107,"Dactylorhiza sambucina",46.3872130259,8.0647960936,"inat","Cool Temperate","Moist","Grassland","Mountains","Cool Temperate Moist",26,83,0,"Cool Temperate Moist Grassland on Mountains","#1A5300",1806
107,"Bombus terrestris",46.3716138889,7.6212805556,"inat","Cool Temperate","Moist","Grassland","Mountains","Cool Temperate Moist",26,83,0,"Cool Temperate Moist Grassland on Mountains","#1A5300",1348
107,"Dactylorhiza sambucina",46.12,7.14,"gbif","Cool Temperate","Moist","Grassland","Mountains","Cool Temperate Moist",26,83,0,"Cool Temperate Moist Grassland on Mountains","#1A5300",592
107,"Dactylorhiza sambucina",46.12,7.14,"gbif","Cool Temperate","Moist","Grassland","Mountains","Cool Temperate Moist",26,83,0,"Cool Temperate Moist Grassland on Mountains","#1A5300",592
107,"Dactylorhiza sambucina",46.1293965001,7.0802906,"inat","Cool Temperate","Moist","Grassland","Mountains","Cool Temperate Moist",26,83,0,"Cool Temperate Moist Grassland on Mountains","#1A5300",839
107,"Dactylorhiza sambucina",46.5135932,8.3225613,"inat","Cool Temperate","Moist","Grassland","Mountains","Cool Temperate Moist",26,83,0,"Cool Temperate Moist Grassland on Mountains","#1A5300",1343
107,"Bombus terrestris",46.7855955049,7.3800994707,"inat","Cool Temperate","Moist","Grassland","Mountains","Cool Temperate Moist",26,83,0,"Cool Temperate Moist Grassland on Mountains","#1A5300",899
107,"Dactylorhiza sambucina",46.41114585,7.7687419,"inat","Cool Temperate","Moist","Grassland","Mountains","Cool Temperate Moist",26,83,0,"Cool Temperate Moist Grassland on Mountains","#1A5300",2006
107,"Dactylorhiza sambucina",46.319692674,8.0100460108,"inat","Cool Temperate","Moist","Grassland","Mountains","Cool Temperate Moist",26,83,0,"Cool Temperate Moist Grassland on Mountains","#1A5300",870
107,"Dactylorhiza sambucina",46.4954668666,7.6364861199,"inat","Cool Temperate","Moist","Grassland","Mountains","Cool Temperate Moist",26,83,0,"Cool Temperate Moist Grassland on Mountains","#1A5300",2135
107,"Dactylorhiza sambucina",46.3810920531,9.0482937265,"inat","Cool Temperate","Moist","Grassland","Mountains","Cool Temperate Moist",26,83,0,"Cool Temperate Moist Grassland on Mountains","#1A5300",1460
107,"Dactylorhiza sambucina",46.5519816508,7.2559102888,"inat","Cool Temperate","Moist","Grassland","Mountains","Cool Temperate Moist",26,83,0,"Cool Temperate Moist Grassland on Mountains","#1A5300",1822
107,"Dactylorhiza sambucina",46.12,7.14,"gbif","Cool Temperate","Moist","Grassland","Mountains","Cool Temperate Moist",26,83,0,"Cool Temperate Moist Grassland on Mountains","#1A5300",592
107,"Dactylorhiza sambucina",46.5204,8.31829,"gbif","Cool Temperate","Moist","Grassland","Mountains","Cool Temperate Moist",26,83,0,"Cool Temperate Moist Grassland on Mountains","#1A5300",1600
107,"Dactylorhiza sambucina",46.12939831,7.08027972,"inat","Cool Temperate","Moist","Grassland","Mountains","Cool Temperate Moist",26,83,0,"Cool Temperate Moist Grassland on Mountains","#1A5300",839
107,"Dactylorhiza sambucina",46.390997587,8.0694945197,"inat","Cool Temperate","Moist","Grassland","Mountains","Cool Temperate Moist",26,83,0,"Cool Temperate Moist Grassland on Mountains","#1A5300",1989
107,"Dactylorhiza sambucina",46.1288538,7.0815494,"inat","Cool Temperate","Moist","Grassland","Mountains","Cool Temperate Moist",26,83,0,"Cool Temperate Moist Grassland on Mountains","#1A5300",751
107,"Dactylorhiza sambucina",46.200325,8.0571616667,"inat","Cool Temperate","Moist","Grassland","Mountains","Cool Temperate Moist",26,83,0,"Cool Temperate Moist Grassland on Mountains","#1A5300",1535
107,"Dactylorhiza sambucina",46.4224798791,8.1113017257,"inat","Cool Temperate","Moist","Grassland","Mountains","Cool Temperate Moist",26,83,0,"Cool Temperate Moist Grassland on Mountains","#1A5300",2161
107,"Dactylorhiza sambucina",46.12939808,7.08028283,"inat","Cool Temperate","Moist","Grassland","Mountains","Cool Temperate Moist",26,83,0,"Cool Temperate Moist Grassland on Mountains","#1A5300",839
107,"Dactylorhiza sambucina",46.400345494,8.0852612481,"inat","Cool Temperate","Moist","Grassland","Mountains","Cool Temperate Moist",26,83,0,"Cool Temperate Moist Grassland on Mountains","#1A5300",2145
107,"Dactylorhiza sambucina",46.1419916667,7.1663805,"inat","Cool Temperate","Moist","Grassland","Mountains","Cool Temperate Moist",26,83,0,"Cool Temperate Moist Grassland on Mountains","#1A5300",544
107,"Dactylorhiza sambucina",46.12948656,7.08062951,"inat","Cool Temperate","Moist","Grassland","Mountains","Cool Temperate Moist",26,83,0,"Cool Temperate Moist Grassland on Mountains","#1A5300",839
107,"Dactylorhiza sambucina",46.69584,8.77878,"gbif","Cool Temperate","Moist","Grassland","Mountains","Cool Temperate Moist",26,83,0,"Cool Temperate Moist Grassland on Mountains","#1A5300",1979
107,"Dactylorhiza sambucina",46.29813,7.86044,"gbif","Cool Temperate","Moist","Grassland","Mountains","Cool Temperate Moist",26,83,0,"Cool Temperate Moist Grassland on Mountains","#1A5300",683
107,"Dactylorhiza sambucina",46.31898,7.847195,"inat","Cool Temperate","Moist","Grassland","Mountains","Cool Temperate Moist",26,83,0,"Cool Temperate Moist Grassland on Mountains","#1A5300",1303
107,"Dactylorhiza sambucina",46.34284,7.92573,"gbif","Cool Temperate","Moist","Grassland","Mountains","Cool Temperate Moist",26,83,0,"Cool Temperate Moist Grassland on Mountains","#1A5300",2338
107,"Dactylorhiza sambucina",46.1636,7.14736,"gbif","Cool Temperate","Moist","Grassland","Mountains","Cool Temperate Moist",26,83,0,"Cool Temperate Moist Grassland on Mountains","#1A5300",1151
107,"Dactylorhiza sambucina",46.3915549712,8.0485495897,"inat","Cool Temperate","Moist","Grassland","Mountains","Cool Temperate Moist",26,83,0,"Cool Temperate Moist Grassland on Mountains","#1A5300",2180
107,"Dactylorhiza sambucina",46.29787,7.92533,"gbif","Cool Temperate","Moist","Grassland","Mountains","Cool Temperate Moist",26,83,0,"Cool Temperate Moist Grassland on Mountains","#1A5300",647
107,"Dactylorhiza sambucina",46.4308156838,6.0994857232,"inat","Cool Temperate","Moist","Grassland","Mountains","Cool Temperate Moist",26,83,0,"Cool Temperate Moist Grassland on Mountains","#1A5300",1526
107,"Dactylorhiza sambucina",46.4913243419,8.2763091012,"inat","Cool Temperate","Moist","Grassland","Mountains","Cool Temperate Moist",26,83,0,"Cool Temperate Moist Grassland on Mountains","#1A5300",1367
107,"Dactylorhiza sambucina",46.1296135999,7.0812414001,"inat","Cool Temperate","Moist","Grassland","Mountains","Cool Temperate Moist",26,83,0,"Cool Temperate Moist Grassland on Mountains","#1A5300",751
107,"Bombus terrestris",46.567629451,7.8848758916,"inat","Cool Temperate","Moist","Grassland","Mountains","Cool Temperate Moist",26,83,0,"Cool Temperate Moist Grassland on Mountains","#1A5300",1908
107,"Dactylorhiza sambucina",46.69584,8.77878,"gbif","Cool Temperate","Moist","Grassland","Mountains","Cool Temperate Moist",26,83,0,"Cool Temperate Moist Grassland on Mountains","#1A5300",1979
107,"Bombus terrestris",47.202725,9.3025533333,"inat","Cool Temperate","Moist","Grassland","Mountains","Cool Temperate Moist",26,83,0,"Cool Temperate Moist Grassland on Mountains","#1A5300",1105
107,"Bombus terrestris",46.4072502529,8.973312825,"inat","Cool Temperate","Moist","Grassland","Mountains","Cool Temperate Moist",26,83,0,"Cool Temperate Moist Grassland on Mountains","#1A5300",381
107,"Dactylorhiza sambucina",46.34284,7.92573,"gbif","Cool Temperate","Moist","Grassland","Mountains","Cool Temperate Moist",26,83,0,"Cool Temperate Moist Grassland on Mountains","#1A5300",2338
107,"Dactylorhiza sambucina",46.12930253,7.08021517,"inat","Cool Temperate","Moist","Grassland","Mountains","Cool Temperate Moist",26,83,0,"Cool Temperate Moist Grassland on Mountains","#1A5300",839
107,"Dactylorhiza sambucina",46.3583416667,8.0412971667,"inat","Cool Temperate","Moist","Grassland","Mountains","Cool Temperate Moist",26,83,0,"Cool Temperate Moist Grassland on Mountains","#1A5300",1001
107,"Bombus terrestris",46.7792797842,7.7106399795,"inat","Cool Temperate","Moist","Grassland","Mountains","Cool Temperate Moist",26,83,0,"Cool Temperate Moist Grassland on Mountains","#1A5300",1006
107,"Dactylorhiza sambucina",46.1296730999,7.0813753,"inat","Cool Temperate","Moist","Grassland","Mountains","Cool Temperate Moist",26,83,0,"Cool Temperate Moist Grassland on Mountains","#1A5300",751
107,"Dactylorhiza sambucina",46.12933377,7.08025359,"inat","Cool Temperate","Moist","Grassland","Mountains","Cool Temperate Moist",26,83,0,"Cool Temperate Moist Grassland on Mountains","#1A5300",839
107,"Dactylorhiza sambucina",46.29813,7.86044,"gbif","Cool Temperate","Moist","Grassland","Mountains","Cool Temperate Moist",26,83,0,"Cool Temperate Moist Grassland on Mountains","#1A5300",683
107,"Dactylorhiza sambucina",46.29813,7.86044,"gbif","Cool Temperate","Moist","Grassland","Mountains","Cool Temperate Moist",26,83,0,"Cool Temperate Moist Grassland on Mountains","#1A5300",683
107,"Bombus terrestris",47.1119611667,8.77703,"inat","Cool Temperate","Moist","Grassland","Mountains","Cool Temperate Moist",26,83,0,"Cool Temperate Moist Grassland on Mountains","#1A5300",896
107,"Dactylorhiza sambucina",46.07474,7.141831,"gbif","Cool Temperate","Moist","Grassland","Mountains","Cool Temperate Moist",26,83,0,"Cool Temperate Moist Grassland on Mountains","#1A5300",769
107,"Dactylorhiza sambucina",46.12947,7.0806106,"inat","Cool Temperate","Moist","Grassland","Mountains","Cool Temperate Moist",26,83,0,"Cool Temperate Moist Grassland on Mountains","#1A5300",839
107,"Dactylorhiza sambucina",46.4114787265,7.7665826217,"inat","Cool Temperate","Moist","Grassland","Mountains","Cool Temperate Moist",26,83,0,"Cool Temperate Moist Grassland on Mountains","#1A5300",2040
107,"Dactylorhiza sambucina",46.128685213,7.0781359895,"inat","Cool Temperate","Moist","Grassland","Mountains","Cool Temperate Moist",26,83,0,"Cool Temperate Moist Grassland on Mountains","#1A5300",935
107,"Dactylorhiza sambucina",46.1296674,7.0813671999,"inat","Cool Temperate","Moist","Grassland","Mountains","Cool Temperate Moist",26,83,0,"Cool Temperate Moist Grassland on Mountains","#1A5300",751
107,"Dactylorhiza sambucina",46.1288551299,7.08155657,"inat","Cool Temperate","Moist","Grassland","Mountains","Cool Temperate Moist",26,83,0,"Cool Temperate Moist Grassland on Mountains","#1A5300",751
107,"Bombus terrestris",46.7856338236,7.3802480645,"inat","Cool Temperate","Moist","Grassland","Mountains","Cool Temperate Moist",26,83,0,"Cool Temperate Moist Grassland on Mountains","#1A5300",899
107,"Dactylorhiza sambucina",46.1288848999,7.0817186,"inat","Cool Temperate","Moist","Grassland","Mountains","Cool Temperate Moist",26,83,0,"Cool Temperate Moist Grassland on Mountains","#1A5300",751
107,"Dactylorhiza sambucina",46.1295107001,7.0806513901,"inat","Cool Temperate","Moist","Grassland","Mountains","Cool Temperate Moist",26,83,0,"Cool Temperate Moist Grassland on Mountains","#1A5300",839
107,"Dactylorhiza sambucina",46.12884733,7.08148,"inat","Cool Temperate","Moist","Grassland","Mountains","Cool Temperate Moist",26,83,0,"Cool Temperate Moist Grassland on Mountains","#1A5300",751
107,"Dactylorhiza sambucina",46.29787,7.92533,"gbif","Cool Temperate","Moist","Grassland","Mountains","Cool Temperate Moist",26,83,0,"Cool Temperate Moist Grassland on Mountains","#1A5300",647
107,"Dactylorhiza sambucina",46.4613888889,8.9366666667,"inat","Cool Temperate","Moist","Grassland","Mountains","Cool Temperate Moist",26,83,0,"Cool Temperate Moist Grassland on Mountains","#1A5300",560
107,"Dactylorhiza sambucina",46.3805068,8.0321715,"inat","Cool Temperate","Moist","Grassland","Mountains","Cool Temperate Moist",26,83,0,"Cool Temperate Moist Grassland on Mountains","#1A5300",2014
107,"Dactylorhiza sambucina",46.1492528333,6.81438,"inat","Cool Temperate","Moist","Grassland","Mountains","Cool Temperate Moist",26,83,0,"Cool Temperate Moist Grassland on Mountains","#1A5300",1760
107,"Dactylorhiza sambucina",46.12951463,7.08065495,"inat","Cool Temperate","Moist","Grassland","Mountains","Cool Temperate Moist",26,83,0,"Cool Temperate Moist Grassland on Mountains","#1A5300",839
107,"Bombus terrestris",46.302375,7.6885783333,"inat","Cool Temperate","Moist","Grassland","Mountains","Cool Temperate Moist",26,83,0,"Cool Temperate Moist Grassland on Mountains","#1A5300",620
107,"Dactylorhiza sambucina",46.3358241818,7.6566123962,"inat","Cool Temperate","Moist","Grassland","Mountains","Cool Temperate Moist",26,83,0,"Cool Temperate Moist Grassland on Mountains","#1A5300",1694
107,"Dactylorhiza sambucina",46.29813,7.86044,"gbif","Cool Temperate","Moist","Grassland","Mountains","Cool Temperate Moist",26,83,0,"Cool Temperate Moist Grassland on Mountains","#1A5300",683
107,"Dactylorhiza sambucina",46.1288921499,7.08148937,"inat","Cool Temperate","Moist","Grassland","Mountains","Cool Temperate Moist",26,83,0,"Cool Temperate Moist Grassland on Mountains","#1A5300",751
107,"Dactylorhiza sambucina",46.12889651,7.08136775,"inat","Cool Temperate","Moist","Grassland","Mountains","Cool Temperate Moist",26,83,0,"Cool Temperate Moist Grassland on Mountains","#1A5300",751
107,"Dactylorhiza sambucina",46.12950789,7.08064884,"inat","Cool Temperate","Moist","Grassland","Mountains","Cool Temperate Moist",26,83,0,"Cool Temperate Moist Grassland on Mountains","#1A5300",839
107,"Dactylorhiza sambucina",46.12932571,7.08024331,"inat","Cool Temperate","Moist","Grassland","Mountains","Cool Temperate Moist",26,83,0,"Cool Temperate Moist Grassland on Mountains","#1A5300",839
107,"Bombus terrestris",46.8813533333,7.4982616667,"inat","Cool Temperate","Moist","Grassland","Mountains","Cool Temperate Moist",26,83,0,"Cool Temperate Moist Grassland on Mountains","#1A5300",538
107,"Dactylorhiza sambucina",46.60644271,7.32422583,"inat","Cool Temperate","Moist","Grassland","Mountains","Cool Temperate Moist",26,83,0,"Cool Temperate Moist Grassland on Mountains","#1A5300",1711
107,"Dactylorhiza sambucina",45.8990783333,7.1118945,"inat","Cool Temperate","Moist","Grassland","Mountains","Cool Temperate Moist",26,83,0,"Cool Temperate Moist Grassland on Mountains","#1A5300",2119
107,"Dactylorhiza sambucina",46.2824668884,8.486700058,"inat","Cool Temperate","Moist","Grassland","Mountains","Cool Temperate Moist",26,83,0,"Cool Temperate Moist Grassland on Mountains","#1A5300",1398
107,"Dactylorhiza sambucina",46.12,7.14,"gbif","Cool Temperate","Moist","Grassland","Mountains","Cool Temperate Moist",26,83,0,"Cool Temperate Moist Grassland on Mountains","#1A5300",592
107,"Dactylorhiza sambucina",46.12951744,7.0806574901,"inat","Cool Temperate","Moist","Grassland","Mountains","Cool Temperate Moist",26,83,0,"Cool Temperate Moist Grassland on Mountains","#1A5300",839
107,"Dactylorhiza sambucina",46.12951182,7.0806524,"inat","Cool Temperate","Moist","Grassland","Mountains","Cool Temperate Moist",26,83,0,"Cool Temperate Moist Grassland on Mountains","#1A5300",839
107,"Bombus terrestris",46.37658,8.02565,"inat","Cool Temperate","Moist","Grassland","Mountains","Cool Temperate Moist",26,83,0,"Cool Temperate Moist Grassland on Mountains","#1A5300",1905
107,"Dactylorhiza sambucina",46.12890397,7.08148886,"inat","Cool Temperate","Moist","Grassland","Mountains","Cool Temperate Moist",26,83,0,"Cool Temperate Moist Grassland on Mountains","#1A5300",751
107,"Bombus terrestris",46.3487756898,7.0705884473,"inat","Cool Temperate","Moist","Grassland","Mountains","Cool Temperate Moist",26,83,0,"Cool Temperate Moist Grassland on Mountains","#1A5300",1290
107,"Bombus terrestris",46.9868749486,8.3991890028,"inat","Cool Temperate","Moist","Grassland","Mountains","Cool Temperate Moist",26,83,0,"Cool Temperate Moist Grassland on Mountains","#1A5300",703
107,"Bombus terrestris",47.112,8.7768083333,"inat","Cool Temperate","Moist","Grassland","Mountains","Cool Temperate Moist",26,83,0,"Cool Temperate Moist Grassland on Mountains","#1A5300",896
107,"Dactylorhiza sambucina",46.376570913,8.0256498232,"inat","Cool Temperate","Moist","Grassland","Mountains","Cool Temperate Moist",26,83,0,"Cool Temperate Moist Grassland on Mountains","#1A5300",1905
107,"Dactylorhiza sambucina",46.5204,8.31829,"gbif","Cool Temperate","Moist","Grassland","Mountains","Cool Temperate Moist",26,83,0,"Cool Temperate Moist Grassland on Mountains","#1A5300",1600
107,"Dactylorhiza sambucina",46.4930348374,8.2797407059,"inat","Cool Temperate","Moist","Grassland","Mountains","Cool Temperate Moist",26,83,0,"Cool Temperate Moist Grassland on Mountains","#1A5300",1364
107,"Dactylorhiza sambucina",46.5106166667,8.3093533333,"inat","Cool Temperate","Moist","Grassland","Mountains","Cool Temperate Moist",26,83,0,"Cool Temperate Moist Grassland on Mountains","#1A5300",1387
107,"Dactylorhiza sambucina",46.12,7.14,"gbif","Cool Temperate","Moist","Grassland","Mountains","Cool Temperate Moist",26,83,0,"Cool Temperate Moist Grassland on Mountains","#1A5300",592
107,"Dactylorhiza sambucina",46.1295283299,7.08078667,"inat","Cool Temperate","Moist","Grassland","Mountains","Cool Temperate Moist",26,83,0,"Cool Temperate Moist Grassland on Mountains","#1A5300",839
107,"Bombus terrestris",46.8308830261,9.4421510696,"inat","Cool Temperate","Moist","Grassland","Mountains","Cool Temperate Moist",26,83,0,"Cool Temperate Moist Grassland on Mountains","#1A5300",597
107,"Dactylorhiza sambucina",46.29813,7.86044,"gbif","Cool Temperate","Moist","Grassland","Mountains","Cool Temperate Moist",26,83,0,"Cool Temperate Moist Grassland on Mountains","#1A5300",683
107,"Dactylorhiza sambucina",46.129446,7.0805829999,"inat","Cool Temperate","Moist","Grassland","Mountains","Cool Temperate Moist",26,83,0,"Cool Temperate Moist Grassland on Mountains","#1A5300",839
107,"Dactylorhiza sambucina",46.4114083333,7.77003,"inat","Cool Temperate","Moist","Grassland","Mountains","Cool Temperate Moist",26,83,0,"Cool Temperate Moist Grassland on Mountains","#1A5300",2006
107,"Dactylorhiza sambucina",46.4118161768,7.7687704619,"inat","Cool Temperate","Moist","Grassland","Mountains","Cool Temperate Moist",26,83,0,"Cool Temperate Moist Grassland on Mountains","#1A5300",2006
107,"Dactylorhiza sambucina",46.1294904899,7.08063307,"inat","Cool Temperate","Moist","Grassland","Mountains","Cool Temperate Moist",26,83,0,"Cool Temperate Moist Grassland on Mountains","#1A5300",839
107,"Dactylorhiza sambucina",46.4934237209,8.3512898628,"inat","Cool Temperate","Moist","Grassland","Mountains","Cool Temperate Moist",26,83,0,"Cool Temperate Moist Grassland on Mountains","#1A5300",1692
107,"Dactylorhiza sambucina",46.1816508527,6.8747591972,"inat","Cool Temperate","Moist","Grassland","Mountains","Cool Temperate Moist",26,83,0,"Cool Temperate Moist Grassland on Mountains","#1A5300",1073
107,"Dactylorhiza sambucina",46.12888888,7.0814649099,"inat","Cool Temperate","Moist","Grassland","Mountains","Cool Temperate Moist",26,83,0,"Cool Temperate Moist Grassland on Mountains","#1A5300",751
107,"Dactylorhiza sambucina",46.4624159096,8.9230465757,"inat","Cool Temperate","Moist","Grassland","Mountains","Cool Temperate Moist",26,83,0,"Cool Temperate Moist Grassland on Mountains","#1A5300",806
107,"Bombus terrestris",46.7800944444,8.3212305556,"inat","Cool Temperate","Moist","Grassland","Mountains","Cool Temperate Moist",26,83,0,"Cool Temperate Moist Grassland on Mountains","#1A5300",2003
107,"Dactylorhiza sambucina",46.4988866667,8.28723,"inat","Cool Temperate","Moist","Grassland","Mountains","Cool Temperate Moist",26,83,0,"Cool Temperate Moist Grassland on Mountains","#1A5300",1348
107,"Bombus terrestris",47.2084649259,8.9843279798,"inat","Cool Temperate","Moist","Grassland","Mountains","Cool Temperate Moist",26,83,0,"Cool Temperate Moist Grassland on Mountains","#1A5300",404
107,"Bombus terrestris",47.155802233,8.2977901027,"inat","Cool Temperate","Moist","Grassland","Mountains","Cool Temperate Moist",26,83,0,"Cool Temperate Moist Grassland on Mountains","#1A5300",504
107,"Dactylorhiza sambucina",46.3837866667,8.0949528333,"inat","Cool Temperate","Moist","Grassland","Mountains","Cool Temperate Moist",26,83,0,"Cool Temperate Moist Grassland on Mountains","#1A5300",1340
107,"Bombus terrestris",46.2925590212,7.0290642936,"inat","Cool Temperate","Moist","Grassland","Mountains","Cool Temperate Moist",26,83,0,"Cool Temperate Moist Grassland on Mountains","#1A5300",1060
107,"Bombus terrestris",46.6916682,7.6623790997,"inat","Cool Temperate","Moist","Grassland","Mountains","Cool Temperate Moist",26,83,0,"Cool Temperate Moist Grassland on Mountains","#1A5300",629
107,"Dactylorhiza sambucina",46.12948825,7.08063104,"inat","Cool Temperate","Moist","Grassland","Mountains","Cool Temperate Moist",26,83,0,"Cool Temperate Moist Grassland on Mountains","#1A5300",839
107,"Bombus terrestris",47.5736990813,8.5400519665,"inat","Cool Temperate","Moist","Grassland","Mountains","Cool Temperate Moist",26,83,0,"Cool Temperate Moist Grassland on Mountains","#1A5300",411
107,"Bombus terrestris",47.1120028333,8.7769916667,"inat","Cool Temperate","Moist","Grassland","Mountains","Cool Temperate Moist",26,83,0,"Cool Temperate Moist Grassland on Mountains","#1A5300",896
107,"Dactylorhiza sambucina",46.1063361111,7.9165166667,"inat","Cool Temperate","Moist","Grassland","Mountains","Cool Temperate Moist",26,83,0,"Cool Temperate Moist Grassland on Mountains","#1A5300",1967
107,"Dactylorhiza sambucina",46.128206,7.148275,"gbif","Cool Temperate","Moist","Grassland","Mountains","Cool Temperate Moist",26,83,0,"Cool Temperate Moist Grassland on Mountains","#1A5300",602
107,"Bombus terrestris",46.6861893,7.8575267,"inat","Cool Temperate","Moist","Grassland","Mountains","Cool Temperate Moist",26,83,0,"Cool Temperate Moist Grassland on Mountains","#1A5300",559
107,"Dactylorhiza sambucina",46.12950846,7.08064935,"inat","Cool Temperate","Moist","Grassland","Mountains","Cool Temperate Moist",26,83,0,"Cool Temperate Moist Grassland on Mountains","#1A5300",839
107,"Dactylorhiza sambucina",46.4115287004,7.7666335098,"inat","Cool Temperate","Moist","Grassland","Mountains","Cool Temperate Moist",26,83,0,"Cool Temperate Moist Grassland on Mountains","#1A5300",2040
107,"Bombus terrestris",46.6803333333,7.6634666667,"inat","Cool Temperate","Moist","Grassland","Mountains","Cool Temperate Moist",26,83,0,"Cool Temperate Moist Grassland on Mountains","#1A5300",654
107,"Dactylorhiza sambucina",46.2437484961,8.0300146246,"inat","Cool Temperate","Moist","Grassland","Mountains","Cool Temperate Moist",26,83,0,"Cool Temperate Moist Grassland on Mountains","#1A5300",2036
107,"Dactylorhiza sambucina",46.3247855312,7.7028987181,"inat","Cool Temperate","Moist","Grassland","Mountains","Cool Temperate Moist",26,83,0,"Cool Temperate Moist Grassland on Mountains","#1A5300",1447
108,"Bombus terrestris",46.2054866667,6.1275445,"inat","Cool Temperate","Moist","Settlement","Hills","Cool Temperate Moist",67,109,14,"Cool Temperate Moist Settlement on Hills","#436D0E",412
108,"Bombus terrestris",46.5152499663,6.5394327097,"inat","Cool Temperate","Moist","Settlement","Hills","Cool Temperate Moist",67,109,14,"Cool Temperate Moist Settlement on Hills","#436D0E",393
108,"Bombus terrestris",46.2822716667,6.1583166667,"inat","Cool Temperate","Moist","Settlement","Hills","Cool Temperate Moist",67,109,14,"Cool Temperate Moist Settlement on Hills","#436D0E",415
108,"Bombus terrestris",47.4216201869,8.507564439,"inat","Cool Temperate","Moist","Settlement","Hills","Cool Temperate Moist",67,109,14,"Cool Temperate Moist Settlement on Hills","#436D0E",449
108,"Bombus terrestris",47.4498595895,8.5289311568,"inat","Cool Temperate","Moist","Settlement","Hills","Cool Temperate Moist",67,109,14,"Cool Temperate Moist Settlement on Hills","#436D0E",448
108,"Bombus terrestris",47.4486783333,8.58578,"inat","Cool Temperate","Moist","Settlement","Hills","Cool Temperate Moist",67,109,14,"Cool Temperate Moist Settlement on Hills","#436D0E",444
108,"Bombus terrestris",46.9682189047,7.1955685212,"inat","Cool Temperate","Moist","Settlement","Hills","Cool Temperate Moist",67,109,14,"Cool Temperate Moist Settlement on Hills","#436D0E",459
108,"Bombus terrestris",47.1055755615,7.3380408287,"inat","Cool Temperate","Moist","Settlement","Hills","Cool Temperate Moist",67,109,14,"Cool Temperate Moist Settlement on Hills","#436D0E",436
108,"Bombus terrestris",46.1750030517,6.0603494642,"inat","Cool Temperate","Moist","Settlement","Hills","Cool Temperate Moist",67,109,14,"Cool Temperate Moist Settlement on Hills","#436D0E",438
110,"Bombus terrestris",47.6625750064,8.7449133396,"inat","Cool Temperate","Moist","Cropland","Hills","Cool Temperate Moist",33,144,30,"Cool Temperate Moist Cropland on Hills","#21901E",422
110,"Bombus terrestris",46.2038869873,6.0856943348,"inat","Cool Temperate","Moist","Cropland","Hills","Cool Temperate Moist",33,144,30,"Cool Temperate Moist Cropland on Hills","#21901E",393
110,"Bombus terrestris",47.45483,8.61548333,"inat","Cool Temperate","Moist","Cropland","Hills","Cool Temperate Moist",33,144,30,"Cool Temperate Moist Cropland on Hills","#21901E",506
110,"Bombus terrestris",47.0862279561,7.5214102864,"inat","Cool Temperate","Moist","Cropland","Hills","Cool Temperate Moist",33,144,30,"Cool Temperate Moist Cropland on Hills","#21901E",497
110,"Bombus terrestris",46.2258397761,6.145103462,"inat","Cool Temperate","Moist","Cropland","Hills","Cool Temperate Moist",33,144,30,"Cool Temperate Moist Cropland on Hills","#21901E",395
110,"Bombus terrestris",46.9226528185,6.9759574035,"inat","Cool Temperate","Moist","Cropland","Hills","Cool Temperate Moist",33,144,30,"Cool Temperate Moist Cropland on Hills","#21901E",500
110,"Bombus terrestris",47.5765371244,7.6536076323,"inat","Cool Temperate","Moist","Cropland","Hills","Cool Temperate Moist",33,144,30,"Cool Temperate Moist Cropland on Hills","#21901E",319
110,"Bombus terrestris",46.2798366667,6.1539833333,"inat","Cool Temperate","Moist","Cropland","Hills","Cool Temperate Moist",33,144,30,"Cool Temperate Moist Cropland on Hills","#21901E",413
113,"Bombus terrestris",47.3192022,8.51287,"inat","Cool Temperate","Moist","Settlement","Mountains","Cool Temperate Moist",61,67,0,"Cool Temperate Moist Settlement on Mountains","#3D4300",519
113,"Bombus terrestris",46.97489,7.1954365,"inat","Cool Temperate","Moist","Settlement","Mountains","Cool Temperate Moist",61,67,0,"Cool Temperate Moist Settlement on Mountains","#3D4300",452
113,"Bombus terrestris",47.3694534302,7.3456392288,"inat","Cool Temperate","Moist","Settlement","Mountains","Cool Temperate Moist",61,67,0,"Cool Temperate Moist Settlement on Mountains","#3D4300",464
113,"Bombus terrestris",46.5137034079,6.6249506957,"inat","Cool Temperate","Moist","Settlement","Mountains","Cool Temperate Moist",61,67,0,"Cool Temperate Moist Settlement on Mountains","#3D4300",415
113,"Bombus terrestris",47.3938811433,7.858587382,"inat","Cool Temperate","Moist","Settlement","Mountains","Cool Temperate Moist",61,67,0,"Cool Temperate Moist Settlement on Mountains","#3D4300",566
113,"Bombus terrestris",47.4317216667,9.1343971667,"inat","Cool Temperate","Moist","Settlement","Mountains","Cool Temperate Moist",61,67,0,"Cool Temperate Moist Settlement on Mountains","#3D4300",558
113,"Bombus terrestris",47.3211306784,8.5826788576,"inat","Cool Temperate","Moist","Settlement","Mountains","Cool Temperate Moist",61,67,0,"Cool Temperate Moist Settlement on Mountains","#3D4300",436
113,"Bombus terrestris",47.3868721251,8.4222888574,"inat","Cool Temperate","Moist","Settlement","Mountains","Cool Temperate Moist",61,67,0,"Cool Temperate Moist Settlement on Mountains","#3D4300",408
113,"Bombus terrestris",47.1522531,7.4039324,"inat","Cool Temperate","Moist","Settlement","Mountains","Cool Temperate Moist",61,67,0,"Cool Temperate Moist Settlement on Mountains","#3D4300",433
113,"Dactylorhiza sambucina",46.125232,7.0819213799,"inat","Cool Temperate","Moist","Settlement","Mountains","Cool Temperate Moist",61,67,0,"Cool Temperate Moist Settlement on Mountains","#3D4300",534
113,"Dactylorhiza sambucina",46.125232,7.08192314,"inat","Cool Temperate","Moist","Settlement","Mountains","Cool Temperate Moist",61,67,0,"Cool Temperate Moist Settlement on Mountains","#3D4300",534
113,"Bombus terrestris",46.9393016,7.4336878997,"inat","Cool Temperate","Moist","Settlement","Mountains","Cool Temperate Moist",61,67,0,"Cool Temperate Moist Settlement on Mountains","#3D4300",531
113,"Bombus terrestris",47.4131631555,8.5590443015,"inat","Cool Temperate","Moist","Settlement","Mountains","Cool Temperate Moist",61,67,0,"Cool Temperate Moist Settlement on Mountains","#3D4300",427
113,"Bombus terrestris",47.1395743,7.3747968,"inat","Cool Temperate","Moist","Settlement","Mountains","Cool Temperate Moist",61,67,0,"Cool Temperate Moist Settlement on Mountains","#3D4300",427
113,"Dactylorhiza sambucina",46.1252416,7.0819701999,"inat","Cool Temperate","Moist","Settlement","Mountains","Cool Temperate Moist",61,67,0,"Cool Temperate Moist Settlement on Mountains","#3D4300",534
113,"Bombus terrestris",47.3462,8.285475,"inat","Cool Temperate","Moist","Settlement","Mountains","Cool Temperate Moist",61,67,0,"Cool Temperate Moist Settlement on Mountains","#3D4300",428
113,"Bombus terrestris",47.3583965299,8.5622595996,"inat","Cool Temperate","Moist","Settlement","Mountains","Cool Temperate Moist",61,67,0,"Cool Temperate Moist Settlement on Mountains","#3D4300",446
113,"Bombus terrestris",47.4379833333,9.1371305,"inat","Cool Temperate","Moist","Settlement","Mountains","Cool Temperate Moist",61,67,0,"Cool Temperate Moist Settlement on Mountains","#3D4300",536
113,"Bombus terrestris",47.4050216667,8.5609216667,"inat","Cool Temperate","Moist","Settlement","Mountains","Cool Temperate Moist",61,67,0,"Cool Temperate Moist Settlement on Mountains","#3D4300",441
113,"Bombus terrestris",47.3212838016,8.5817984162,"inat","Cool Temperate","Moist","Settlement","Mountains","Cool Temperate Moist",61,67,0,"Cool Temperate Moist Settlement on Mountains","#3D4300",419
113,"Bombus terrestris",47.35975,8.2671333333,"inat","Cool Temperate","Moist","Settlement","Mountains","Cool Temperate Moist",61,67,0,"Cool Temperate Moist Settlement on Mountains","#3D4300",408
113,"Dactylorhiza sambucina",46.08089,7.147573,"gbif","Cool Temperate","Moist","Settlement","Mountains","Cool Temperate Moist",61,67,0,"Cool Temperate Moist Settlement on Mountains","#3D4300",757
113,"Bombus terrestris",46.294595,7.523525,"gbif","Cool Temperate","Moist","Settlement","Mountains","Cool Temperate Moist",61,67,0,"Cool Temperate Moist Settlement on Mountains","#3D4300",615
113,"Bombus terrestris",47.3519133333,8.3559883333,"inat","Cool Temperate","Moist","Settlement","Mountains","Cool Temperate Moist",61,67,0,"Cool Temperate Moist Settlement on Mountains","#3D4300",409
113,"Bombus terrestris",47.469412,8.1631666,"inat","Cool Temperate","Moist","Settlement","Mountains","Cool Temperate Moist",61,67,0,"Cool Temperate Moist Settlement on Mountains","#3D4300",356
113,"Bombus terrestris",46.4670568753,6.8891063333,"inat","Cool Temperate","Moist","Settlement","Mountains","Cool Temperate Moist",61,67,0,"Cool Temperate Moist Settlement on Mountains","#3D4300",611
113,"Bombus terrestris",47.4085885287,8.5061789677,"inat","Cool Temperate","Moist","Settlement","Mountains","Cool Temperate Moist",61,67,0,"Cool Temperate Moist Settlement on Mountains","#3D4300",521
113,"Bombus terrestris",47.3619916667,8.048625,"inat","Cool Temperate","Moist","Settlement","Mountains","Cool Temperate Moist",61,67,0,"Cool Temperate Moist Settlement on Mountains","#3D4300",407
113,"Bombus terrestris",46.4586723091,6.8705074733,"inat","Cool Temperate","Moist","Settlement","Mountains","Cool Temperate Moist",61,67,0,"Cool Temperate Moist Settlement on Mountains","#3D4300",451
113,"Bombus terrestris",46.7478444444,7.6473111111,"inat","Cool Temperate","Moist","Settlement","Mountains","Cool Temperate Moist",61,67,0,"Cool Temperate Moist Settlement on Mountains","#3D4300",589
113,"Bombus terrestris",46.5343854374,6.6551598723,"inat","Cool Temperate","Moist","Settlement","Mountains","Cool Temperate Moist",61,67,0,"Cool Temperate Moist Settlement on Mountains","#3D4300",637
113,"Bombus terrestris",46.124078669,7.0834553818,"inat","Cool Temperate","Moist","Settlement","Mountains","Cool Temperate Moist",61,67,0,"Cool Temperate Moist Settlement on Mountains","#3D4300",534
113,"Bombus terrestris",47.1522531,7.4039324,"inat","Cool Temperate","Moist","Settlement","Mountains","Cool Temperate Moist",61,67,0,"Cool Temperate Moist Settlement on Mountains","#3D4300",433
113,"Dactylorhiza sambucina",46.1252316,7.0819041001,"inat","Cool Temperate","Moist","Settlement","Mountains","Cool Temperate Moist",61,67,0,"Cool Temperate Moist Settlement on Mountains","#3D4300",534
113,"Bombus terrestris",46.5189029893,6.642303673,"inat","Cool Temperate","Moist","Settlement","Mountains","Cool Temperate Moist",61,67,0,"Cool Temperate Moist Settlement on Mountains","#3D4300",506
113,"Bombus terrestris",47.5308559,7.8125089,"inat","Cool Temperate","Moist","Settlement","Mountains","Cool Temperate Moist",61,67,0,"Cool Temperate Moist Settlement on Mountains","#3D4300",343
113,"Bombus terrestris",47.38397,8.3307216667,"inat","Cool Temperate","Moist","Settlement","Mountains","Cool Temperate Moist",61,67,0,"Cool Temperate Moist Settlement on Mountains","#3D4300",419
113,"Bombus terrestris",46.2037685528,6.1536063999,"inat","Cool Temperate","Moist","Settlement","Mountains","Cool Temperate Moist",61,67,0,"Cool Temperate Moist Settlement on Mountains","#3D4300",377
113,"Bombus terrestris",46.9533666667,7.4453638889,"inat","Cool Temperate","Moist","Settlement","Mountains","Cool Temperate Moist",61,67,0,"Cool Temperate Moist Settlement on Mountains","#3D4300",530
113,"Dactylorhiza sambucina",46.125232,7.0819228999,"inat","Cool Temperate","Moist","Settlement","Mountains","Cool Temperate Moist",61,67,0,"Cool Temperate Moist Settlement on Mountains","#3D4300",534
113,"Bombus terrestris",47.1964034489,7.4086702947,"inat","Cool Temperate","Moist","Settlement","Mountains","Cool Temperate Moist",61,67,0,"Cool Temperate Moist Settlement on Mountains","#3D4300",475
113,"Bombus terrestris",47.5008817041,7.5905676931,"inat","Cool Temperate","Moist","Settlement","Mountains","Cool Temperate Moist",61,67,0,"Cool Temperate Moist Settlement on Mountains","#3D4300",316
113,"Bombus terrestris",46.9458133494,7.4027795345,"inat","Cool Temperate","Moist","Settlement","Mountains","Cool Temperate Moist",61,67,0,"Cool Temperate Moist Settlement on Mountains","#3D4300",552
113,"Dactylorhiza sambucina",46.125238,7.081954,"inat","Cool Temperate","Moist","Settlement","Mountains","Cool Temperate Moist",61,67,0,"Cool Temperate Moist Settlement on Mountains","#3D4300",534
113,"Bombus terrestris",47.4450866667,9.1418111667,"inat","Cool Temperate","Moist","Settlement","Mountains","Cool Temperate Moist",61,67,0,"Cool Temperate Moist Settlement on Mountains","#3D4300",517
113,"Dactylorhiza sambucina",46.125258,7.082104,"inat","Cool Temperate","Moist","Settlement","Mountains","Cool Temperate Moist",61,67,0,"Cool Temperate Moist Settlement on Mountains","#3D4300",534
113,"Bombus terrestris",47.2318909531,8.8895565355,"inat","Cool Temperate","Moist","Settlement","Mountains","Cool Temperate Moist",61,67,0,"Cool Temperate Moist Settlement on Mountains","#3D4300",419
113,"Bombus terrestris",47.1567428546,7.2689303733,"inat","Cool Temperate","Moist","Settlement","Mountains","Cool Temperate Moist",61,67,0,"Cool Temperate Moist Settlement on Mountains","#3D4300",483
113,"Bombus terrestris",47.3659057617,8.5496072769,"inat","Cool Temperate","Moist","Settlement","Mountains","Cool Temperate Moist",61,67,0,"Cool Temperate Moist Settlement on Mountains","#3D4300",418
113,"Bombus terrestris",47.4897228593,7.6157821342,"inat","Cool Temperate","Moist","Settlement","Mountains","Cool Temperate Moist",61,67,0,"Cool Temperate Moist Settlement on Mountains","#3D4300",329
113,"Bombus terrestris",47.268895,8.687855,"inat","Cool Temperate","Moist","Settlement","Mountains","Cool Temperate Moist",61,67,0,"Cool Temperate Moist Settlement on Mountains","#3D4300",533
113,"Bombus terrestris",47.2450511952,8.4605260938,"inat","Cool Temperate","Moist","Settlement","Mountains","Cool Temperate Moist",61,67,0,"Cool Temperate Moist Settlement on Mountains","#3D4300",460
113,"Bombus terrestris",46.249355,7.3237616667,"inat","Cool Temperate","Moist","Settlement","Mountains","Cool Temperate Moist",61,67,0,"Cool Temperate Moist Settlement on Mountains","#3D4300",834
113,"Bombus terrestris",46.5186347961,6.6003727913,"inat","Cool Temperate","Moist","Settlement","Mountains","Cool Temperate Moist",61,67,0,"Cool Temperate Moist Settlement on Mountains","#3D4300",381
113,"Bombus terrestris",46.850774,7.198016,"inat","Cool Temperate","Moist","Settlement","Mountains","Cool Temperate Moist",61,67,0,"Cool Temperate Moist Settlement on Mountains","#3D4300",628
113,"Bombus terrestris",47.5123684838,7.7658691782,"inat","Cool Temperate","Moist","Settlement","Mountains","Cool Temperate Moist",61,67,0,"Cool Temperate Moist Settlement on Mountains","#3D4300",343
113,"Bombus terrestris",47.0873311116,8.2725539232,"inat","Cool Temperate","Moist","Settlement","Mountains","Cool Temperate Moist",61,67,0,"Cool Temperate Moist Settlement on Mountains","#3D4300",494
113,"Bombus terrestris",47.2887321126,8.1965410709,"inat","Cool Temperate","Moist","Settlement","Mountains","Cool Temperate Moist",61,67,0,"Cool Temperate Moist Settlement on Mountains","#3D4300",546
113,"Bombus terrestris",47.29067,8.5580116667,"inat","Cool Temperate","Moist","Settlement","Mountains","Cool Temperate Moist",61,67,0,"Cool Temperate Moist Settlement on Mountains","#3D4300",495
113,"Bombus terrestris",46.9523666667,7.4600783333,"inat","Cool Temperate","Moist","Settlement","Mountains","Cool Temperate Moist",61,67,0,"Cool Temperate Moist Settlement on Mountains","#3D4300",560
113,"Bombus terrestris",47.4886784997,8.5935517,"inat","Cool Temperate","Moist","Settlement","Mountains","Cool Temperate Moist",61,67,0,"Cool Temperate Moist Settlement on Mountains","#3D4300",465
113,"Bombus terrestris",47.1395743,7.3747968,"inat","Cool Temperate","Moist","Settlement","Mountains","Cool Temperate Moist",61,67,0,"Cool Temperate Moist Settlement on Mountains","#3D4300",427
113,"Bombus terrestris",47.3364197334,8.436560221,"inat","Cool Temperate","Moist","Settlement","Mountains","Cool Temperate Moist",61,67,0,"Cool Temperate Moist Settlement on Mountains","#3D4300",545
113,"Bombus terrestris",47.3709133333,8.53347,"inat","Cool Temperate","Moist","Settlement","Mountains","Cool Temperate Moist",61,67,0,"Cool Temperate Moist Settlement on Mountains","#3D4300",417
113,"Bombus terrestris",47.5235425338,7.5680673122,"inat","Cool Temperate","Moist","Settlement","Mountains","Cool Temperate Moist",61,67,0,"Cool Temperate Moist Settlement on Mountains","#3D4300",309
113,"Dactylorhiza sambucina",46.0808898575,7.1475734741,"inat","Cool Temperate","Moist","Settlement","Mountains","Cool Temperate Moist",61,67,0,"Cool Temperate Moist Settlement on Mountains","#3D4300",757
113,"Bombus terrestris",47.2320134031,8.8896108046,"inat","Cool Temperate","Moist","Settlement","Mountains","Cool Temperate Moist",61,67,0,"Cool Temperate Moist Settlement on Mountains","#3D4300",419
113,"Bombus terrestris",46.7406216667,7.597445,"inat","Cool Temperate","Moist","Settlement","Mountains","Cool Temperate Moist",61,67,0,"Cool Temperate Moist Settlement on Mountains","#3D4300",575
113,"Bombus terrestris",47.16897,8.1077195,"inat","Cool Temperate","Moist","Settlement","Mountains","Cool Temperate Moist",61,67,0,"Cool Temperate Moist Settlement on Mountains","#3D4300",503
113,"Bombus terrestris",47.2460092997,8.6443703997,"inat","Cool Temperate","Moist","Settlement","Mountains","Cool Temperate Moist",61,67,0,"Cool Temperate Moist Settlement on Mountains","#3D4300",423
113,"Bombus terrestris",46.5356587838,6.6596740178,"inat","Cool Temperate","Moist","Settlement","Mountains","Cool Temperate Moist",61,67,0,"Cool Temperate Moist Settlement on Mountains","#3D4300",661
113,"Bombus terrestris",47.3587156318,8.5588072613,"inat","Cool Temperate","Moist","Settlement","Mountains","Cool Temperate Moist",61,67,0,"Cool Temperate Moist Settlement on Mountains","#3D4300",427
113,"Bombus terrestris",46.4571595284,7.4429104105,"inat","Cool Temperate","Moist","Settlement","Mountains","Cool Temperate Moist",61,67,0,"Cool Temperate Moist Settlement on Mountains","#3D4300",1069
113,"Bombus terrestris",46.5232120686,6.6409032533,"inat","Cool Temperate","Moist","Settlement","Mountains","Cool Temperate Moist",61,67,0,"Cool Temperate Moist Settlement on Mountains","#3D4300",540
113,"Bombus terrestris",46.5343769652,6.6552913005,"inat","Cool Temperate","Moist","Settlement","Mountains","Cool Temperate Moist",61,67,0,"Cool Temperate Moist Settlement on Mountains","#3D4300",637
113,"Bombus terrestris",47.2688128575,8.6879347864,"inat","Cool Temperate","Moist","Settlement","Mountains","Cool Temperate Moist",61,67,0,"Cool Temperate Moist Settlement on Mountains","#3D4300",533
113,"Bombus terrestris",47.1674084,7.4280921,"inat","Cool Temperate","Moist","Settlement","Mountains","Cool Temperate Moist",61,67,0,"Cool Temperate Moist Settlement on Mountains","#3D4300",444
113,"Bombus terrestris",47.469412,8.1631666,"inat","Cool Temperate","Moist","Settlement","Mountains","Cool Temperate Moist",61,67,0,"Cool Temperate Moist Settlement on Mountains","#3D4300",356
113,"Bombus terrestris",46.2096333333,6.1509111667,"inat","Cool Temperate","Moist","Settlement","Mountains","Cool Temperate Moist",61,67,0,"Cool Temperate Moist Settlement on Mountains","#3D4300",373
113,"Bombus terrestris",46.7393885917,7.5982642718,"inat","Cool Temperate","Moist","Settlement","Mountains","Cool Temperate Moist",61,67,0,"Cool Temperate Moist Settlement on Mountains","#3D4300",571
113,"Bombus terrestris",47.351326962,8.5240277275,"inat","Cool Temperate","Moist","Settlement","Mountains","Cool Temperate Moist",61,67,0,"Cool Temperate Moist Settlement on Mountains","#3D4300",424
113,"Bombus terrestris",47.469412,8.1631666,"inat","Cool Temperate","Moist","Settlement","Mountains","Cool Temperate Moist",61,67,0,"Cool Temperate Moist Settlement on Mountains","#3D4300",356
113,"Bombus terrestris",47.438055,9.1376055,"inat","Cool Temperate","Moist","Settlement","Mountains","Cool Temperate Moist",61,67,0,"Cool Temperate Moist Settlement on Mountains","#3D4300",536
113,"Bombus terrestris",47.52295,8.2153888833,"inat","Cool Temperate","Moist","Settlement","Mountains","Cool Temperate Moist",61,67,0,"Cool Temperate Moist Settlement on Mountains","#3D4300",388
113,"Bombus terrestris",47.337978399,8.5209720209,"inat","Cool Temperate","Moist","Settlement","Mountains","Cool Temperate Moist",61,67,0,"Cool Temperate Moist Settlement on Mountains","#3D4300",441
113,"Bombus terrestris",47.4915965896,7.8058976988,"inat","Cool Temperate","Moist","Settlement","Mountains","Cool Temperate Moist",61,67,0,"Cool Temperate Moist Settlement on Mountains","#3D4300",562
113,"Bombus terrestris",46.7393731169,7.5980197847,"inat","Cool Temperate","Moist","Settlement","Mountains","Cool Temperate Moist",61,67,0,"Cool Temperate Moist Settlement on Mountains","#3D4300",571
113,"Bombus terrestris",47.5204772949,7.6839199066,"inat","Cool Temperate","Moist","Settlement","Mountains","Cool Temperate Moist",61,67,0,"Cool Temperate Moist Settlement on Mountains","#3D4300",284
113,"Bombus terrestris",46.5343585137,6.6552886183,"inat","Cool Temperate","Moist","Settlement","Mountains","Cool Temperate Moist",61,67,0,"Cool Temperate Moist Settlement on Mountains","#3D4300",637
113,"Bombus terrestris",47.3502713858,8.7097881362,"inat","Cool Temperate","Moist","Settlement","Mountains","Cool Temperate Moist",61,67,0,"Cool Temperate Moist Settlement on Mountains","#3D4300",457
113,"Bombus terrestris",46.8200266,8.4069918,"inat","Cool Temperate","Moist","Settlement","Mountains","Cool Temperate Moist",61,67,0,"Cool Temperate Moist Settlement on Mountains","#3D4300",988
113,"Bombus terrestris",47.4790465686,7.6170410961,"inat","Cool Temperate","Moist","Settlement","Mountains","Cool Temperate Moist",61,67,0,"Cool Temperate Moist Settlement on Mountains","#3D4300",336
113,"Bombus terrestris",46.207505,6.142775,"inat","Cool Temperate","Moist","Settlement","Mountains","Cool Temperate Moist",61,67,0,"Cool Temperate Moist Settlement on Mountains","#3D4300",387
113,"Bombus terrestris",47.2724424928,8.3487276571,"inat","Cool Temperate","Moist","Settlement","Mountains","Cool Temperate Moist",61,67,0,"Cool Temperate Moist Settlement on Mountains","#3D4300",463
113,"Bombus terrestris",47.268755,8.6907366667,"inat","Cool Temperate","Moist","Settlement","Mountains","Cool Temperate Moist",61,67,0,"Cool Temperate Moist Settlement on Mountains","#3D4300",570
113,"Bombus terrestris",47.351767631,7.9017626122,"inat","Cool Temperate","Moist","Settlement","Mountains","Cool Temperate Moist",61,67,0,"Cool Temperate Moist Settlement on Mountains","#3D4300",399
113,"Bombus terrestris",46.5344444444,6.6552777778,"inat","Cool Temperate","Moist","Settlement","Mountains","Cool Temperate Moist",61,67,0,"Cool Temperate Moist Settlement on Mountains","#3D4300",637
113,"Bombus terrestris",46.5113399699,6.3110923022,"inat","Cool Temperate","Moist","Settlement","Mountains","Cool Temperate Moist",61,67,0,"Cool Temperate Moist Settlement on Mountains","#3D4300",722
113,"Bombus terrestris",46.3263682434,8.0031452692,"inat","Cool Temperate","Moist","Settlement","Mountains","Cool Temperate Moist",61,67,0,"Cool Temperate Moist Settlement on Mountains","#3D4300",683
113,"Bombus terrestris",46.5330283333,6.648625,"inat","Cool Temperate","Moist","Settlement","Mountains","Cool Temperate Moist",61,67,0,"Cool Temperate Moist Settlement on Mountains","#3D4300",608
113,"Bombus terrestris",47.3218783333,8.5500166667,"inat","Cool Temperate","Moist","Settlement","Mountains","Cool Temperate Moist",61,67,0,"Cool Temperate Moist Settlement on Mountains","#3D4300",413
113,"Bombus terrestris",46.5137133333,6.6226116667,"inat","Cool Temperate","Moist","Settlement","Mountains","Cool Temperate Moist",61,67,0,"Cool Temperate Moist Settlement on Mountains","#3D4300",409
113,"Bombus terrestris",46.5343854374,6.6551598723,"inat","Cool Temperate","Moist","Settlement","Mountains","Cool Temperate Moist",61,67,0,"Cool Temperate Moist Settlement on Mountains","#3D4300",637
113,"Bombus terrestris",47.34625,8.2853533333,"inat","Cool Temperate","Moist","Settlement","Mountains","Cool Temperate Moist",61,67,0,"Cool Temperate Moist Settlement on Mountains","#3D4300",428
113,"Bombus terrestris",47.3868662259,7.9520631508,"inat","Cool Temperate","Moist","Settlement","Mountains","Cool Temperate Moist",61,67,0,"Cool Temperate Moist Settlement on Mountains","#3D4300",471
113,"Bombus terrestris",47.4316783333,9.1344583333,"inat","Cool Temperate","Moist","Settlement","Mountains","Cool Temperate Moist",61,67,0,"Cool Temperate Moist Settlement on Mountains","#3D4300",558
113,"Bombus terrestris",47.3586401544,8.5599222608,"inat","Cool Temperate","Moist","Settlement","Mountains","Cool Temperate Moist",61,67,0,"Cool Temperate Moist Settlement on Mountains","#3D4300",435
113,"Bombus terrestris",47.1788167736,8.5128261045,"inat","Cool Temperate","Moist","Settlement","Mountains","Cool Temperate Moist",61,67,0,"Cool Temperate Moist Settlement on Mountains","#3D4300",421
113,"Dactylorhiza sambucina",46.125232,7.08192232,"inat","Cool Temperate","Moist","Settlement","Mountains","Cool Temperate Moist",61,67,0,"Cool Temperate Moist Settlement on Mountains","#3D4300",534
113,"Bombus terrestris",47.3940441428,7.8585788536,"inat","Cool Temperate","Moist","Settlement","Mountains","Cool Temperate Moist",61,67,0,"Cool Temperate Moist Settlement on Mountains","#3D4300",566
113,"Dactylorhiza sambucina",46.125232,7.08192407,"inat","Cool Temperate","Moist","Settlement","Mountains","Cool Temperate Moist",61,67,0,"Cool Temperate Moist Settlement on Mountains","#3D4300",534
113,"Bombus terrestris",47.469412,8.1631666,"inat","Cool Temperate","Moist","Settlement","Mountains","Cool Temperate Moist",61,67,0,"Cool Temperate Moist Settlement on Mountains","#3D4300",356
113,"Bombus terrestris",47.1653680664,8.1126341969,"inat","Cool Temperate","Moist","Settlement","Mountains","Cool Temperate Moist",61,67,0,"Cool Temperate Moist Settlement on Mountains","#3D4300",508
113,"Bombus terrestris",47.5009365184,7.5907044858,"inat","Cool Temperate","Moist","Settlement","Mountains","Cool Temperate Moist",61,67,0,"Cool Temperate Moist Settlement on Mountains","#3D4300",316
113,"Bombus terrestris",46.0903027778,7.0620722222,"inat","Cool Temperate","Moist","Settlement","Mountains","Cool Temperate Moist",61,67,0,"Cool Temperate Moist Settlement on Mountains","#3D4300",504
113,"Bombus terrestris",47.2688160426,8.6878824833,"inat","Cool Temperate","Moist","Settlement","Mountains","Cool Temperate Moist",61,67,0,"Cool Temperate Moist Settlement on Mountains","#3D4300",533
113,"Dactylorhiza sambucina",46.125232,7.0819151701,"inat","Cool Temperate","Moist","Settlement","Mountains","Cool Temperate Moist",61,67,0,"Cool Temperate Moist Settlement on Mountains","#3D4300",534
113,"Bombus terrestris",47.5341459419,7.5978390496,"inat","Cool Temperate","Moist","Settlement","Mountains","Cool Temperate Moist",61,67,0,"Cool Temperate Moist Settlement on Mountains","#3D4300",341
113,"Dactylorhiza sambucina",46.125232,7.0819220799,"inat","Cool Temperate","Moist","Settlement","Mountains","Cool Temperate Moist",61,67,0,"Cool Temperate Moist Settlement on Mountains","#3D4300",534
113,"Bombus terrestris",46.51966634,6.57298488,"inat","Cool Temperate","Moist","Settlement","Mountains","Cool Temperate Moist",61,67,0,"Cool Temperate Moist Settlement on Mountains","#3D4300",397
113,"Bombus terrestris",47.3761286294,8.4997517243,"inat","Cool Temperate","Moist","Settlement","Mountains","Cool Temperate Moist",61,67,0,"Cool Temperate Moist Settlement on Mountains","#3D4300",415
113,"Bombus terrestris",47.088935,8.248634,"inat","Cool Temperate","Moist","Settlement","Mountains","Cool Temperate Moist",61,67,0,"Cool Temperate Moist Settlement on Mountains","#3D4300",522
113,"Bombus terrestris",47.3647235017,7.8931901624,"inat","Cool Temperate","Moist","Settlement","Mountains","Cool Temperate Moist",61,67,0,"Cool Temperate Moist Settlement on Mountains","#3D4300",433
113,"Bombus terrestris",47.3932013779,8.0026138904,"inat","Cool Temperate","Moist","Settlement","Mountains","Cool Temperate Moist",61,67,0,"Cool Temperate Moist Settlement on Mountains","#3D4300",409
113,"Bombus terrestris",46.9842095997,6.8950262,"inat","Cool Temperate","Moist","Settlement","Mountains","Cool Temperate Moist",61,67,0,"Cool Temperate Moist Settlement on Mountains","#3D4300",517
113,"Bombus terrestris",47.5376510611,7.714414098,"inat","Cool Temperate","Moist","Settlement","Mountains","Cool Temperate Moist",61,67,0,"Cool Temperate Moist Settlement on Mountains","#3D4300",262
113,"Bombus terrestris",47.493876644,7.6221672537,"inat","Cool Temperate","Moist","Settlement","Mountains","Cool Temperate Moist",61,67,0,"Cool Temperate Moist Settlement on Mountains","#3D4300",336
113,"Bombus terrestris",47.4937888883,7.6218583333,"inat","Cool Temperate","Moist","Settlement","Mountains","Cool Temperate Moist",61,67,0,"Cool Temperate Moist Settlement on Mountains","#3D4300",336
113,"Bombus terrestris",46.5307666667,6.6483133333,"inat","Cool Temperate","Moist","Settlement","Mountains","Cool Temperate Moist",61,67,0,"Cool Temperate Moist Settlement on Mountains","#3D4300",599
113,"Bombus terrestris",47.514003564,8.7651311606,"inat","Cool Temperate","Moist","Settlement","Mountains","Cool Temperate Moist",61,67,0,"Cool Temperate Moist Settlement on Mountains","#3D4300",455
113,"Bombus terrestris",47.3038103013,8.526157653,"inat","Cool Temperate","Moist","Settlement","Mountains","Cool Temperate Moist",61,67,0,"Cool Temperate Moist Settlement on Mountains","#3D4300",467
113,"Bombus terrestris",47.4790491,7.6170412,"inat","Cool Temperate","Moist","Settlement","Mountains","Cool Temperate Moist",61,67,0,"Cool Temperate Moist Settlement on Mountains","#3D4300",336
113,"Bombus terrestris",46.5270548,6.6218661,"inat","Cool Temperate","Moist","Settlement","Mountains","Cool Temperate Moist",61,67,0,"Cool Temperate Moist Settlement on Mountains","#3D4300",530
113,"Bombus terrestris",47.2688116667,8.69198,"inat","Cool Temperate","Moist","Settlement","Mountains","Cool Temperate Moist",61,67,0,"Cool Temperate Moist Settlement on Mountains","#3D4300",570
113,"Bombus terrestris",47.4246587757,9.3767173961,"inat","Cool Temperate","Moist","Settlement","Mountains","Cool Temperate Moist",61,67,0,"Cool Temperate Moist Settlement on Mountains","#3D4300",670
113,"Bombus terrestris",46.1991833333,6.163125,"inat","Cool Temperate","Moist","Settlement","Mountains","Cool Temperate Moist",61,67,0,"Cool Temperate Moist Settlement on Mountains","#3D4300",407
113,"Bombus terrestris",47.403755,8.0507611667,"inat","Cool Temperate","Moist","Settlement","Mountains","Cool Temperate Moist",61,67,0,"Cool Temperate Moist Settlement on Mountains","#3D4300",368
113,"Bombus terrestris",46.8124466667,7.2185166667,"inat","Cool Temperate","Moist","Settlement","Mountains","Cool Temperate Moist",61,67,0,"Cool Temperate Moist Settlement on Mountains","#3D4300",678
113,"Bombus terrestris",47.3711583333,8.5336133333,"inat","Cool Temperate","Moist","Settlement","Mountains","Cool Temperate Moist",61,67,0,"Cool Temperate Moist Settlement on Mountains","#3D4300",417
113,"Bombus terrestris",46.518635,6.600373,"gbif","Cool Temperate","Moist","Settlement","Mountains","Cool Temperate Moist",61,67,0,"Cool Temperate Moist Settlement on Mountains","#3D4300",381
113,"Bombus terrestris",46.5197972222,6.5740111111,"inat","Cool Temperate","Moist","Settlement","Mountains","Cool Temperate Moist",61,67,0,"Cool Temperate Moist Settlement on Mountains","#3D4300",397
113,"Bombus terrestris",47.3382817199,8.5209800676,"inat","Cool Temperate","Moist","Settlement","Mountains","Cool Temperate Moist",61,67,0,"Cool Temperate Moist Settlement on Mountains","#3D4300",441
113,"Bombus terrestris",46.7340783333,7.66898,"inat","Cool Temperate","Moist","Settlement","Mountains","Cool Temperate Moist",61,67,0,"Cool Temperate Moist Settlement on Mountains","#3D4300",662
113,"Bombus terrestris",47.379854049,8.4850304201,"inat","Cool Temperate","Moist","Settlement","Mountains","Cool Temperate Moist",61,67,0,"Cool Temperate Moist Settlement on Mountains","#3D4300",418
113,"Bombus terrestris",47.53088,7.81248,"inat","Cool Temperate","Moist","Settlement","Mountains","Cool Temperate Moist",61,67,0,"Cool Temperate Moist Settlement on Mountains","#3D4300",343
113,"Bombus terrestris",46.1930655997,6.1664067997,"inat","Cool Temperate","Moist","Settlement","Mountains","Cool Temperate Moist",61,67,0,"Cool Temperate Moist Settlement on Mountains","#3D4300",425
113,"Bombus terrestris",46.9507815469,7.4222590774,"inat","Cool Temperate","Moist","Settlement","Mountains","Cool Temperate Moist",61,67,0,"Cool Temperate Moist Settlement on Mountains","#3D4300",556
113,"Bombus terrestris",47.0260099722,9.514326,"inat","Cool Temperate","Moist","Settlement","Mountains","Cool Temperate Moist",61,67,0,"Cool Temperate Moist Settlement on Mountains","#3D4300",533
113,"Bombus terrestris",46.6880377997,7.6858690997,"inat","Cool Temperate","Moist","Settlement","Mountains","Cool Temperate Moist",61,67,0,"Cool Temperate Moist Settlement on Mountains","#3D4300",576
113,"Bombus terrestris",47.4790491,7.6170412,"inat","Cool Temperate","Moist","Settlement","Mountains","Cool Temperate Moist",61,67,0,"Cool Temperate Moist Settlement on Mountains","#3D4300",336
113,"Bombus terrestris",47.4742531944,7.7412321944,"inat","Cool Temperate","Moist","Settlement","Mountains","Cool Temperate Moist",61,67,0,"Cool Temperate Moist Settlement on Mountains","#3D4300",332
113,"Dactylorhiza sambucina",46.125232,7.0819217301,"inat","Cool Temperate","Moist","Settlement","Mountains","Cool Temperate Moist",61,67,0,"Cool Temperate Moist Settlement on Mountains","#3D4300",534
114,"Bombus terrestris",47.5564222222,8.7491611111,"inat","Cool Temperate","Moist","Grassland","Hills","Cool Temperate Moist",22,124,10,"Cool Temperate Moist Grassland on Hills","#167C0A",487
116,"Bombus terrestris",47.3839402,8.6310803,"inat","Cool Temperate","Moist","Cropland","Plains","Cool Temperate Moist",29,153,10,"Cool Temperate Moist Cropland on Plains","#1D990A",433
120,"Bombus terrestris",47.1675833333,9.4715966667,"inat","Cool Temperate","Moist","Settlement","Plains","Cool Temperate Moist",78,119,2,"Cool Temperate Moist Settlement on Plains","#4E7702",447
129,"Bombus terrestris",47.4642506,8.6415213,"inat","Cool Temperate","Moist","Settlement","Tablelands","Cool Temperate Moist",47,63,130,"Cool Temperate Moist Settlement on Tablelands","#2F3F82",583
161,"Bombus terrestris",47.566797,7.596312,"inat","Warm Temperate","Moist","Settlement","Plains","Warm Temperate Moist",163,170,28,"Warm Temperate Moist Settlement on Plains","#A3AA1C",261
161,"Bombus terrestris",47.56677,7.596504,"inat","Warm Temperate","Moist","Settlement","Plains","Warm Temperate Moist",163,170,28,"Warm Temperate Moist Settlement on Plains","#A3AA1C",261
161,"Bombus terrestris",46.3945072,6.9221073,"inat","Warm Temperate","Moist","Settlement","Plains","Warm Temperate Moist",163,170,28,"Warm Temperate Moist Settlement on Plains","#A3AA1C",373
166,"Bombus terrestris",46.1553105171,8.863820487,"inat","Warm Temperate","Moist","Forest","Plains","Warm Temperate Moist",45,158,6,"Warm Temperate Moist Forest on Plains","#2D9E06",193
169,"Bombus terrestris",47.5590517816,7.5820866695,"inat","Warm Temperate","Moist","Settlement","Hills","Warm Temperate Moist",136,158,52,"Warm Temperate Moist Settlement on Hills","#889E34",273
171,"Bombus terrestris",46.2342610186,9.113192637,"inat","Warm Temperate","Moist","Grassland","Mountains","Warm Temperate Moist",86,129,14,"Warm Temperate Moist Grassland on Mountains","#56810E",268
171,"Bombus terrestris",46.1641055,8.9459033333,"inat","Warm Temperate","Moist","Grassland","Mountains","Warm Temperate Moist",86,129,14,"Warm Temperate Moist Grassland on Mountains","#56810E",205
171,"Bombus terrestris",46.2064430505,5.9935736063,"inat","Warm Temperate","Moist","Grassland","Mountains","Warm Temperate Moist",86,129,14,"Warm Temperate Moist Grassland on Mountains","#56810E",395
171,"Dactylorhiza sambucina",46.1810055093,8.7434572354,"inat","Warm Temperate","Moist","Grassland","Mountains","Warm Temperate Moist",86,129,14,"Warm Temperate Moist Grassland on Mountains","#56810E",219
171,"Bombus terrestris",46.1641695,8.945855,"inat","Warm Temperate","Moist","Grassland","Mountains","Warm Temperate Moist",86,129,14,"Warm Temperate Moist Grassland on Mountains","#56810E",205
172,"Bombus terrestris",46.5067538047,6.6270102561,"inat","Warm Temperate","Moist","Settlement","Mountains","Warm Temperate Moist",105,89,18,"Warm Temperate Moist Settlement on Mountains","#695912",386
172,"Bombus terrestris",46.506711114,6.6269710287,"inat","Warm Temperate","Moist","Settlement","Mountains","Warm Temperate Moist",105,89,18,"Warm Temperate Moist Settlement on Mountains","#695912",386
172,"Bombus terrestris",46.1645361667,8.76852,"inat","Warm Temperate","Moist","Settlement","Mountains","Warm Temperate Moist",105,89,18,"Warm Temperate Moist Settlement on Mountains","#695912",233
172,"Bombus terrestris",46.5143075271,6.4865295168,"inat","Warm Temperate","Moist","Settlement","Mountains","Warm Temperate Moist",105,89,18,"Warm Temperate Moist Settlement on Mountains","#695912",411
172,"Bombus terrestris",45.998885464,8.897549808,"inat","Warm Temperate","Moist","Settlement","Mountains","Warm Temperate Moist",105,89,18,"Warm Temperate Moist Settlement on Mountains","#695912",320
172,"Bombus terrestris",46.4531856136,6.8582956884,"inat","Warm Temperate","Moist","Settlement","Mountains","Warm Temperate Moist",105,89,18,"Warm Temperate Moist Settlement on Mountains","#695912",382
172,"Bombus terrestris",47.5306402,7.6166173,"inat","Warm Temperate","Moist","Settlement","Mountains","Warm Temperate Moist",105,89,18,"Warm Temperate Moist Settlement on Mountains","#695912",261
172,"Bombus terrestris",47.5306402,7.6166173,"inat","Warm Temperate","Moist","Settlement","Mountains","Warm Temperate Moist",105,89,18,"Warm Temperate Moist Settlement on Mountains","#695912",261
172,"Bombus terrestris",46.4631776101,6.8444557136,"inat","Warm Temperate","Moist","Settlement","Mountains","Warm Temperate Moist",105,89,18,"Warm Temperate Moist Settlement on Mountains","#695912",399
172,"Bombus terrestris",47.5326004028,7.6131644249,"inat","Warm Temperate","Moist","Settlement","Mountains","Warm Temperate Moist",105,89,18,"Warm Temperate Moist Settlement on Mountains","#695912",269
172,"Bombus terrestris",47.5306402,7.6166173,"inat","Warm Temperate","Moist","Settlement","Mountains","Warm Temperate Moist",105,89,18,"Warm Temperate Moist Settlement on Mountains","#695912",261
172,"Bombus terrestris",46.5066845766,6.6270129383,"inat","Warm Temperate","Moist","Settlement","Mountains","Warm Temperate Moist",105,89,18,"Warm Temperate Moist Settlement on Mountains","#695912",386
172,"Bombus terrestris",46.21236333,9.04198883,"inat","Warm Temperate","Moist","Settlement","Mountains","Warm Temperate Moist",105,89,18,"Warm Temperate Moist Settlement on Mountains","#695912",251
172,"Bombus terrestris",47.5032849559,7.6148235132,"inat","Warm Temperate","Moist","Settlement","Mountains","Warm Temperate Moist",105,89,18,"Warm Temperate Moist Settlement on Mountains","#695912",283
173,"Bombus terrestris",46.4738995693,6.8010091089,"inat","Warm Temperate","Moist","Cropland","Mountains","Warm Temperate Moist",100,150,37,"Warm Temperate Moist Cropland on Mountains","#649625",438
173,"Bombus terrestris",46.2471305556,6.2314472222,"inat","Warm Temperate","Moist","Cropland","Mountains","Warm Temperate Moist",100,150,37,"Warm Temperate Moist Cropland on Mountains","#649625",439
173,"Bombus terrestris",46.1764574204,6.0263780574,"inat","Warm Temperate","Moist","Cropland","Mountains","Warm Temperate Moist",100,150,37,"Warm Temperate Moist Cropland on Mountains","#649625",415
173,"Dactylorhiza sambucina",46.1801296407,8.7456140667,"inat","Warm Temperate","Moist","Cropland","Mountains","Warm Temperate Moist",100,150,37,"Warm Temperate Moist Cropland on Mountains","#649625",231
173,"Bombus terrestris",46.2259888565,6.2263568042,"inat","Warm Temperate","Moist","Cropland","Mountains","Warm Temperate Moist",100,150,37,"Warm Temperate Moist Cropland on Mountains","#649625",441
173,"Bombus terrestris",46.2261780774,6.2276172795,"inat","Warm Temperate","Moist","Cropland","Mountains","Warm Temperate Moist",100,150,37,"Warm Temperate Moist Cropland on Mountains","#649625",441
176,"Bombus terrestris",46.1738183439,8.7557438014,"inat","Warm Temperate","Moist","Forest","Mountains","Warm Temperate Moist",49,105,3,"Warm Temperate Moist Forest on Mountains","#316903",238
176,"Bombus terrestris",46.1359055556,8.8184027778,"inat","Warm Temperate","Moist","Forest","Mountains","Warm Temperate Moist",49,105,3,"Warm Temperate Moist Forest on Mountains","#316903",256
176,"Bombus terrestris",46.4098930358,6.9317760467,"inat","Warm Temperate","Moist","Forest","Mountains","Warm Temperate Moist",49,105,3,"Warm Temperate Moist Forest on Mountains","#316903",394
176,"Bombus terrestris",46.1739366667,8.7556416667,"inat","Warm Temperate","Moist","Forest","Mountains","Warm Temperate Moist",49,105,3,"Warm Temperate Moist Forest on Mountains","#316903",238
176,"Bombus terrestris",45.98187,8.91842,"inat","Warm Temperate","Moist","Forest","Mountains","Warm Temperate Moist",49,105,3,"Warm Temperate Moist Forest on Mountains","#316903",473
